{"meta":{"description":"If you’re making your own centerpieces for a wedding, a party, or your own home, a square vase is the perfect option. This elegant container looks great with a variety of flowers, and there are endless possibilities for your floral bouquet. By keeping a few simple tricks and tips in mind, you can decorate your space with square vases that look both delicate and refined.","title":"Arrange Flowers in a Square Vase"},"todo_list":[{"title":"Cut the stems to the height of the vase.","tasks":[{"title":"Tall flowers can stick out of the vase and look a bit off.","content":"\n Use scissors to trim your flowers and greenery until they just stick out of the top of the vase. This will ensure they don’t topple over, too!\n<ul>\n<li>Try to cut your flowers at a 45-degree angle to increase the surface area so they can take in more water.</li>\n<li>If you cut your flowers a little too short, that’s okay. You can disguise the short ones by putting them in with the taller ones.</li>\n</ul>\n\n"}]},{"title":"Create a simple arrangement with 1 large flower.","tasks":[{"title":"Smaller vases can look overdone with a huge bouquet.","content":"\n You could fill it with water and simply add 1 bright flower or succulent to the center for a delicate, understated centerpiece.\n<ul>\n<li>Try using a bright flower, like a dahlia or an azalea, to draw attention to your vase.</li>\n<li>If you’re going to use a succulent, add potting soil instead of water to your vase.</li>\n</ul>\n"}]},{"title":"Put heavy flowers on all 4 corners to keep them from drooping.","tasks":[{"title":"Larger, heavier flowers might flop down to the side anyway.","content":"\n You can use this to your advantage by putting the bigger flowers on the bottom. Lilies, dandelions, and peonies all create a nice base layer around your square vase.\n<ul>\n<li>This works well if you have a larger square vase. For a smaller one, you could stick to daintier flowers.</li>\n<li>Adding flowers to the corners of the vase helps to fill it out and make your bouquet look robust.</li>\n</ul>\n"}]},{"title":"Put the tallest flower in the center as a focal point.","tasks":[{"title":"Use tall, long-stemmed flowers to add contrast to your bouquet.","content":"\n If you’re using roses, irises, or any flower with a stiff stem, cut it so it’s about <span class=\"frac nowrap\"><sup>1</sup>⁄<sub>2</sub></span> in (1.3 cm) taller than the ones around it. Then, stick it in the center of your vase.\n<ul><li>This is a great method for centerpieces since it gives them a little depth.</li></ul>\n"}]},{"title":"Spread your flowers out evenly for a balanced look.","tasks":[{"title":"If you’re working with 2 to 3 flower types, spread them out.","content":"\n As you add your flowers in, try to put them on all 4 sides of the vase evenly so it looks beautiful from every direction.\n<ul>\n<li>Square vases are meant to be viewed from all 4 sides, especially if they’re centerpieces.</li>\n<li>Since square vases are usually shorter than typical vases, you’ll probably be able to see the whole bouquet at once.</li>\n</ul>\n"}]},{"title":"Mix and match flower colors for an interesting arrangement.","tasks":[{"title":"Use a variety of flower colors and types to make your bouquet pop.","content":"\n Try using white flowers as a base, like baby’s breath, lilies, or orchids, then adding in pops of color with roses, magnolias, forget-me-nots, or foxgloves.\n<ul>\n<li>Feel free to mix and match with flower size, too. You could arrange some smaller flowers on top of larger ones for a fun pop of color and texture.</li>\n<li>Don’t be afraid to add in a little greenery, too!</li>\n</ul>\n"}]},{"title":"Make a grid out of floral tape to keep your flowers in place.","tasks":[{"title":"Large, heavy flowers may need a little help staying upright.","content":"\n Use 6 to 8 pieces of floral tape in a grid pattern on the top of your vase to make 1 in (2.5 cm) openings. Slide 1 to 2 flowers into each square to keep it pointing upright instead of falling to the side of the vase.\n<ul>\n<li>If you don’t have floral tape, you can use duct tape instead. Just make sure the outside of your vase is really dry before you add the tape.</li>\n<li>Floral tape is optional, and you don’t necessarily need it for bouquets with smaller, daintier flowers.</li>\n</ul>\n"}]},{"title":"Add visual interest with leafy greenery.","tasks":[{"title":"Use sprigs of myrtle, ivy, or fern as a base layer for your flowers.","content":"\n Add these greenery pieces around the edge of your square vase to droop down over the sides.\n<ul>\n<li>Adding greenery really helps make your flowers pop.</li>\n<li>Greenery is optional, but it’s a great way to accentuate bright, bold flowers.</li>\n</ul>\n"}]},{"title":"Hide the flower stems with a large leaf.","tasks":[{"title":"Disguise clear vases with a large, green leaf.","content":"\n Pick out a leaf that’s about as wide as your vase. Slide it in widthwise to cover the inside of the vase and hide any flower stems inside. You don’t have to add a leaf to your arrangement, but it’s a fun way to spice up your bouquet with a little greenery.\n<ul>\n<li>Banana leaves and palm leaves are perfect for this!</li>\n<li>You may have to wrap the leaf over itself a few times to get it to fit, which is fine.</li>\n</ul>\n"}]},{"title":"Fill small vases with soil and stones.","tasks":[{"title":"Tiny square vases might be too small for flowers with long stems.","content":"\n Instead, fill them with a layer of potting soil and decorative pebbles for a cute, colorful display that you can put succulents or flowers on top of.\n<ul>\n<li>You can plant live succulents straight into the potting soil, or you can perch fake succulents on top of the decorative stones.</li>\n<li>If you’re using flowers, trim the stems and push them straight into the dirt for an easy display.</li>\n</ul>\n"}]}],"questions":[]}