{"meta":{"description":"Rental properties can be frustrating as you're not allowed to make major renovations. If your property is dim, however, there are tweaks you can make to brighten it up. Enhance the lighting with small changes, like adding lamps. Decorate with bright colored objects, like bright rugs and temporary wallpaper. Use furniture to your advantage. Paint dull furniture in bright shades and keep sofas and chairs away from windows.","title":"Brighten Up a Rental Home"},"todo_list":[{"title":"Enhancing Lighting","tasks":[{"title":"Space out lights.","content":"\n If you have additional lamps to add to your rental property, or if the property came partially furnished, spacing out lighting can go a long way to brightening the place up. If you have all your lighting concentrated in a single room, this can make the rest of the home dim.\n<ul>\n<li>Keep lamps on opposite sides of the room so everything is brightened.</li>\n<li>Avoid keeping all your lamps in one room. Make sure there are lamps in the living room, kitchen, and hallways.</li>\n</ul>\n\n"},{"title":"Switch out the lightbulbs.","content":"\n Oftentimes, the lightbulbs in place in a rental are not that bright. Simply switching out all the lightbulbs can do wonders to keep your living space bright. Stop by a local department or grocery store and purchase lightbulbs with higher wattage. Replace all the lightbulbs in your rental unit with brighter ones when you get home. You will see a noticeable difference in brightness.\n<ul>\n<li>For the brightest bulbs, go for LED bulbs. They tend to be the brightest and longest lasting bulbs. They range in wattage, so opt for higher wattage over lower wattage.<sup id=\"_ref-2\" class=\"reference\" aria-label=\"Link to Reference 2\"><a href=\"#_note-2\">[2]</a><span class=\"ts_popup \" hidden=\"\" id=\"ts_popup_2\" style=\"display: none;\">\n\t<span class=\"ts_close\">X</span>\n\t\t<span class=\"ts_name\">Research source</span>\n\t\t<span class=\"ts_description\"></span>\n\t\t\t\t<a href=\"#\" class=\"ts_source\" target=\"_blank\" rel=\"nofollow noreferrer noopener\"></a>\n\n</span>\n</sup>\n</li>\n<li>There is no precise wattage that is recommended, and it depends on personal preference, but in general a higher wattage will produce a brighter light. Lightbulbs generally range from 15 to 150 watts.</li>\n</ul>\n"},{"title":"Enhance natural light with the right drapes.","content":"\n Drapes can block out natural light. Dark colored drapes can also make rooms look darker. Swapping out dark drapes for brightly colored ones can make a huge difference in your home's brightness. \n<ul>\n<li>You can get cheap, light colored blinds at a store like Ikea.</li>\n<li>Use these blinds to cover up dull beige or off-white blinds.</li>\n<li>You can also ask your landlord if you can temporarily uninstall blinds in your unit. This way, you can replace dull blinds altogether.</li>\n</ul>\n"},{"title":"Use battery operated lights.","content":"\n You can install small lamps or lights that you can attach to your walls. These lights are usually battery operated, and some come with adhesives that allow you to simply attach them to the wall.\n<ul>\n<li>You can add these lamps to corners that get dark easily. They work great in kitchens, as you can put them near the stove or in pantries.</li>\n<li>You can also place battery operated lights on your walls, so you can have a light hanging over a dark room.</li>\n</ul>\n"},{"title":"Add lamps.","content":"\n Lamps are a great addition to a darker apartment. You can buy lamps fairly cheap if you go to a store like Ikea or search for lamps in a thrift store. You can buy standing lamps, or lamps you can place on counters and night stands.\n<ul><li>A lamp on, say, a nightstand in the bedroom or a end table on the sofa can make for a great reading space.</li></ul>\n"},{"title":"Use string lighting.","content":"\n If you want as much floor space as possible, buy string lighting. Christmas lights can be strung up on your walls, allowing you to brighten your home without adding extra clutter.\n<ul><li>It may be particularly cheap to look for string lighting just after the holiday season.</li></ul>\n"}]},{"title":"Decorating Effectively","tasks":[{"title":"Add rugs.","content":"\n Many rental homes have dull carpeting or floors. This can make the whole room look darker. A few colorful rugs can cover up a dull floor, brightening up the room.\n<ul>\n<li>Some floor rugs can be quite pricey. However, there are ways to cut down on cost.</li>\n<li>Shop at secondhand stores or discount department stores. You may also be able to find fairly cheap rugs at larger retail stores.</li>\n</ul>\n"},{"title":"Add functional décor.","content":"\n If you're in a smaller rental space, adding additional decoration may add clutter. You also may not want to spend a lot of money buying brightly colored decorations to lighten up a room. However, colorful objects you use regularly can be displayed decoratively when not in use. \n<ul>\n<li>If you have colorful dishes, set them out in a cabinet in your kitchen. This can brighten up the kitchen and, when necessary, you can simply grab a dish out of the cabinet to use.</li>\n<li>Toiletries that come in fancy containers, such as a nice perfume, can be set out in your bathroom for decoration.</li>\n<li>If you have vases, put them out when they're empty. A nice white vase can brighten up the room and, in the event you need to use it, it will already be sitting out.</li>\n</ul>\n"},{"title":"Add fresh flowers and plants.","content":"\n You can buy flowers and plants at a local greenhouse. As long as you water and care for them, plants can brighten up your home for quite awhile. Some brightly colored flowers or nice green plants set out around your home can make everything look a little brighter. \n<ul>\n<li>If space is an issue, you can hang plants from the ceiling rather than taking up floor space.</li>\n<li>Plants that produce vines, such as philodendron and heartleaf, do not require a lot of light to thrive.<sup id=\"_ref-6\" class=\"reference\" aria-label=\"Link to Reference 6\"><a href=\"#_note-6\">[6]</a><span class=\"ts_popup \" hidden=\"\" id=\"ts_popup_6\" style=\"display: none;\">\n\t<span class=\"ts_close\">X</span>\n\t\t<span class=\"ts_name\">Research source</span>\n\t\t<span class=\"ts_description\"></span>\n\t\t\t\t<a href=\"#\" class=\"ts_source\" target=\"_blank\" rel=\"nofollow noreferrer noopener\"></a>\n\n</span>\n</sup>\n</li>\n<li>Parlor palms, Boston furs, corn plants, and prayer plants also require little light.</li>\n</ul>\n"},{"title":"Position mirrors strategically to increase lighting.","content":"\n Mirrors can make great decorations. When set in the right place, they reflect lighting and increase the brightness in your room. Stop by a local furniture store, supermarket, or retail show and buy a few attractive mirrors for your home.\n<ul>\n<li>Place mirrors in front of lights. They can reflect lights back into the room, doubling the effect.</li>\n<li>Mirrors are a great idea if you don't have a lot of floor space for extra lamps.</li>\n</ul>\n"},{"title":"Put artwork and photographs on display.","content":"\n Colorful artwork and photographs can easily brighten up a dull white or beige wall. If you don't have any artwork on hand, look into secondhand shops and local art shows. Buy a few colorful paintings or other pieces of art and pin them up on your wall.\n<ul>\n<li>If a lot of your photos are still on your phone or camera, many chain drug stores have photo stations where you can print out pictures.</li>\n<li>If you're nailing anything to the wall, make sure the lease allows you to make holes in  your dry wall.</li>\n</ul>\n"},{"title":"Try removable wallpaper.","content":"\n You usually cannot paint over walls, or put up wallpaper. However, you can order removable wallpaper online or buy some at a local craft store. You can easily place strips of removable wallpaper on dull white or beige walls. This will brighten up your apartment without breaking the lease. When you're ready to move out, the wallpaper is easy to remove.\n"}]},{"title":"Brightening Up With Furniture","tasks":[{"title":"Paint old furniture in brighter shades.","content":"\n If you have older pieces of furniture, such as furniture you got at a local thrift store, try painting it. A dull wooden chair can be painted a bright, pastel color to brighten up your apartment. The black legs on a dully colored couch can also be painted in bright colors. \n<ul><li>If you really want to get creative, try adding designs to furniture. You can apply a stencil to a chair or stool, for example.</li></ul>\n"},{"title":"Go for glass furniture.","content":"\n If you can find affordable glass furniture, this can really brighten up a dully colored room. A glass coffee table, end table, or kitchen table can really add some light to your space. In addition to this, you'll be able to see the floor though the glass. This can make your space look less cluttered.\n"},{"title":"Cover ugly countertops.","content":"\n In rental kitchens, your counters may be darker colored. This can make your whole kitchen look dull. Place decorate plates or trays on countertops. You can also try an attractive cutting board made of light colored wood.\n"},{"title":"Position furniture in a way that doesn't block out light.","content":"\n Be careful when arranging a rental space. Where you put your furniture can make a huge impact on lighting. Try to keep chairs, sofas, and other items of furniture away from windows.\n<ul><li>Experiment a little as you set out furniture. Tweak your set up quite a few times until you get the right look.</li></ul>\n"}]}],"questions":[]}