{"meta":{"description":"An elegant chandelier provides both illumination and a focal point for the room it’s hung in, highlighting a home’s interior three-dimensionally. When searching for the perfect chandelier to grace your dining room, it’s important to consider a few basic factors. You’ll want to make the best use of the space you have available, pick out designs and materials that complement the rest of the room’s decor, and set a budget for yourself to make sure that piece you decide on fits within your price range.","title":"Choose a Chandelier for Your Dining Room"},"todo_list":[{"title":"Finding a Chandelier of the Right Size","tasks":[{"title":"Measure your dining room.","content":"\n Run a tape measure from wall to wall and from floor to ceiling. The resulting numbers will give you an idea of exactly how much space you have to play around with. Record these dimensions so you can refer to them later when browsing different types of fixtures.\n<ul>\n<li>Measure the room in feet and the light fixture in inches.</li>\n<li>One helpful guideline is to add together the room’s length and width and pick out a fixture with an equivalent measurement. For example, a chandelier for a 20 by 25 feet (6.1&nbsp;m ×&nbsp;7.6&nbsp;m) dining room should therefore be no larger than 45 inches (110&nbsp;cm) in diameter.<sup id=\"_ref-2\" class=\"reference\" aria-label=\"Link to Reference 2\"><a href=\"#_note-2\">[2]</a><span class=\"ts_popup \" hidden=\"\" id=\"ts_popup_2\" style=\"display: none;\">\n\t<span class=\"ts_close\">X</span>\n\t\t<span class=\"ts_name\">Research source</span>\n\t\t<span class=\"ts_description\"></span>\n\t\t\t\t<a href=\"#\" class=\"ts_source\" target=\"_blank\" rel=\"nofollow noreferrer noopener\"></a>\n\n</span>\n</sup>\n</li>\n<li>Take into account the height of the ceilings as well. Choose a larger chandelier if you have vaulted ceilings, and a smaller piece if you have lower ceilings so it doesn’t overwhelm the space.</li>\n</ul>\n\n"},{"title":"Choose a chandelier that will fit comfortably.","content":"\n As you look over your various options, picture how they would look hanging in your home. Overly large fixtures tend to feel cramped in averaged sized dining rooms. A chandelier that’s too small, on the other hand, may be dwarfed by the rest of the room’s furnishings.\n<ul>\n<li>Since you can’t try out different chandeliers it will help to stick closely to the measurements you took down.</li>\n<li>In the end, you may have to eyeball and use your best judgment.</li>\n<li>To figure out, roughly, how the chandelier will look in the room, use a prop that’s about the same size, such as a suitcase or cardboard cutout.</li>\n</ul>\n"},{"title":"Consider your lighting needs.","content":"\n A single fixture may be all you need to set the mood in a cozy nook. If you’re attempting to brighten a larger area, opt for a model that features multiple bulbs or reflects light in many different directions. The chandelier you settle on should enhance visibility without being harsh or glaring.\n<ul>\n<li>You also have the option of choosing between conventional bulbs and powerful LEDs that give off more light in a smaller space.<sup id=\"_ref-5\" class=\"reference\" aria-label=\"Link to Reference 5\"><a href=\"#_note-5\">[5]</a><span class=\"ts_popup \" hidden=\"\" id=\"ts_popup_5\" style=\"display: none;\">\n\t<span class=\"ts_close\">X</span>\n\t\t<span class=\"ts_name\">Research source</span>\n\t\t<span class=\"ts_description\"></span>\n\t\t\t\t<a href=\"#\" class=\"ts_source\" target=\"_blank\" rel=\"nofollow noreferrer noopener\"></a>\n\n</span>\n</sup>\n</li>\n<li>Connect your chandelier to a dimmer switch so you’ll have full control over the amount of light it gives off.<sup id=\"_ref-6\" class=\"reference\" aria-label=\"Link to Reference 6\"><a href=\"#_note-6\">[6]</a><span class=\"ts_popup \" hidden=\"\" id=\"ts_popup_6\" style=\"display: none;\">\n\t<span class=\"ts_close\">X</span>\n\t\t<span class=\"ts_name\">Research source</span>\n\t\t<span class=\"ts_description\"></span>\n\t\t\t\t<a href=\"#\" class=\"ts_source\" target=\"_blank\" rel=\"nofollow noreferrer noopener\"></a>\n\n</span>\n</sup>\n</li>\n<li>If the chandelier doesn’t provide enough light in the space, hang wall sconces or put a lamp on the buffet table.</li>\n</ul>\n"}]},{"title":"Considering Various Styles and Designs","tasks":[{"title":"Look at dazzling traditional styles.","content":"\n Exquisitely decorated homes deserve chandeliers with just as much taste. Look for fixtures with eye-catching embellishments, such as the classic dangling crystals or clusters of blown-glass globes. They’ll provide the finishing touches for dining rooms with an air of sophistication.\n<ul>\n<li>The more complex the chandelier’s design, the more you can expect to shell out for it.</li>\n<li>Neutral tones like silver and chrome will mesh with other items more naturally than bright or oddly-colored finishes.</li>\n</ul>\n"},{"title":"Mount a simple one-piece fixture.","content":"\n Try out a light ring molded from brass or a similar material, or an impressive centerpiece of rustic wrought iron. An unobtrusive chandelier will allow the rest of the room’s decor to speak for itself.\n<ul>\n<li>You can find more practical lighting solutions at most home improvement stores.</li>\n<li>Sturdy fixtures with one-piece construction are often much easier and less costly to repair or replace.</li>\n</ul>\n"},{"title":"Incorporate more modern designs.","content":"\n These can range from basic minimalistic shaded lamps to more artistic installations that double as functional sculptures. Contemporary accessories will arguably give you the greatest variety of options to match up to your home’s unique character.\n<ul><li>Unlike elaborate vintage chandeliers, modern fixtures won’t stand out awkwardly in newer homes.</li></ul>\n"},{"title":"Complement the general look of the room.","content":"\n No matter what type of piece you choose, it should fit in with the furnishings and ornamentations that you already have in place. Take in the room as a whole—the “perfect” chandelier is the one that ties it all together effortlessly.\n<ul>\n<li>A vibrant bronze fixture, for instance, will clash with decor decked out in warm hues.</li>\n<li>Similarly, a stripped-down industrial fixture can create confusion in a dining room inspired by classic Victorian sensibilities.<sup id=\"_ref-11\" class=\"reference\" aria-label=\"Link to Reference 11\"><a href=\"#_note-11\">[11]</a><span class=\"ts_popup \" hidden=\"\" id=\"ts_popup_11\" style=\"display: none;\">\n\t<span class=\"ts_close\">X</span>\n\t\t<span class=\"ts_name\">Research source</span>\n\t\t<span class=\"ts_description\"></span>\n\t\t\t\t<a href=\"#\" class=\"ts_source\" target=\"_blank\" rel=\"nofollow noreferrer noopener\"></a>\n\n</span>\n</sup>\n</li>\n<li>Paint a vintage chandelier or change out the shades to make it match your space.</li>\n<li>Create an unconventional chandelier by putting string lights inside Mason jars or wine bottles.</li>\n</ul>\n"}]},{"title":"Positioning the Chandelier","tasks":[{"title":"Hang the chandelier above the dining table.","content":"\n This is the most common placement, as it emphasizes the room’s purpose by keeping attention focused on its most important piece of furniture. Centering the chandelier over the table will offer a tasteful spotlight for rich holiday meals, light afternoon luncheons and even the occasional game of cards.\n<ul>\n<li>For a more organic setup, have your chandelier measured, lined up and hung in relation to the position of the dining table, not the other way around.<sup id=\"_ref-13\" class=\"reference\" aria-label=\"Link to Reference 13\"><a href=\"#_note-13\">[13]</a><span class=\"ts_popup \" hidden=\"\" id=\"ts_popup_13\" style=\"display: none;\">\n\t<span class=\"ts_close\">X</span>\n\t\t<span class=\"ts_name\">Research source</span>\n\t\t<span class=\"ts_description\"></span>\n\t\t\t\t<a href=\"#\" class=\"ts_source\" target=\"_blank\" rel=\"nofollow noreferrer noopener\"></a>\n\n</span>\n</sup>\n</li>\n<li>An overhead chandelier will look best when it’s about a foot smaller than the table on all sides.<sup id=\"_ref-14\" class=\"reference\" aria-label=\"Link to Reference 14\"><a href=\"#_note-14\">[14]</a><span class=\"ts_popup \" hidden=\"\" id=\"ts_popup_14\" style=\"display: none;\">\n\t<span class=\"ts_close\">X</span>\n\t\t<span class=\"ts_name\">Research source</span>\n\t\t<span class=\"ts_description\"></span>\n\t\t\t\t<a href=\"#\" class=\"ts_source\" target=\"_blank\" rel=\"nofollow noreferrer noopener\"></a>\n\n</span>\n</sup>\n</li>\n</ul>\n"},{"title":"Light up an entryway.","content":"\n If your dining room is bordered by a vestibule or includes a short walkway, you may prefer to place the chandelier there. That way, it can be seen by your guests immediately upon entering.\n<ul>\n<li>This arrangement will look most natural in rooms with long, open layouts.</li>\n<li>Mounting a chandelier in another area of the dining room can act as a sort of visual welcoming.</li>\n<li>Change the focal point of the room by placing the chandelier over another prominent object, such as a buffet, wet bar or piano.</li>\n</ul>\n"},{"title":"Adjust the height as needed.","content":"\n Ideally, it should be low enough to cast light in a wide radius, but not so low that it gets in the way. Try suspending the fixture at different levels until you find one that allows the eye to transition seamlessly from floor to ceiling.\n<ul>\n<li>A good rule of thumb is to find the height of your ceilings in feet or meters, then multiply that number by 3 and convert it to inches or centimeters: for example, a dining room with a 9 feet (2.7&nbsp;m) ceiling will accommodate a chandelier up to 27 inches (69&nbsp;cm) high.</li>\n<li>Chandeliers are generally mounted to hang 30–36 inches (76–91&nbsp;cm) from the top of a table or other surface.<sup id=\"_ref-16\" class=\"reference\" aria-label=\"Link to Reference 16\"><a href=\"#_note-16\">[16]</a><span class=\"ts_popup \" hidden=\"\" id=\"ts_popup_16\" style=\"display: none;\">\n\t<span class=\"ts_close\">X</span>\n\t\t<span class=\"ts_name\">Research source</span>\n\t\t<span class=\"ts_description\"></span>\n\t\t\t\t<a href=\"#\" class=\"ts_source\" target=\"_blank\" rel=\"nofollow noreferrer noopener\"></a>\n\n</span>\n</sup>\n</li>\n<li>Make sure that the light doesn’t shine in your eyes when you’re sitting at the table, but don’t put it so high that it’s not noticeable in the room.</li>\n</ul>\n"},{"title":"Offset other light sources.","content":"\n If the chandelier is going to serve as a primary source of illumination, it should go as close to the center of the room as you can get it. Otherwise, it can bleed together with nearby ceiling lights and floor lamps, resulting in a washed out glare. Find a sensible spacing between individual lights so that no part of the room is either too bright or too dark.\n<ul>\n<li>If you’re using a lighted chandelier, turn off some of the surrounding lights so they don’t end up competing.</li>\n<li>Chandeliers comprised of lots of small crystal or glass pieces are designed to diffuse light with a sparkling effect, which means they often don’t even need an integrated light source.</li>\n</ul>\n"}]}],"questions":[]}