{"meta":{"description":"Decorating the wall behind a TV can be a fun task. Your individual preferences regarding home decoration will factor in; you probably want the overall look of the TV room to reflect your personal style and what you think looks most pleasing. You have many different creative options to choose from: you can paint the wall, decorate the wall with artwork, add functional details such as shelves, or a combination of these!","title":"Decorate a Wall Behind a TV Stand"},"todo_list":[{"title":"Painting or Wallpapering the Wall","tasks":[{"title":"Paint the wall behind your TV a solid color that differs from the rest of the room.","content":"\n This creates a simple but classic look. Use a lighter or darker shade of the same color as the rest of the walls, or a completely different and contrasting color, such as dark grey with other walls that are white.\n<ul><li>You can then tie the contrasting wall into the rest of the room with accessories, such as curtains and pillows.<sup id=\"_ref-1\" class=\"reference\" aria-label=\"Link to Reference 1\"><a href=\"#_note-1\">[1]</a><span class=\"ts_popup \" hidden=\"\" id=\"ts_popup_1\" style=\"display: none;\">\n\t<span class=\"ts_close\">X</span>\n\t\t<span class=\"ts_name\">Research source</span>\n\t\t<span class=\"ts_description\"></span>\n\t\t\t\t<a href=\"#\" class=\"ts_source\" target=\"_blank\" rel=\"nofollow noreferrer noopener\"></a>\n\n</span>\n</sup>\n</li></ul>\n\n"},{"title":"Paint a bright border on the wall around the TV to make it stand out.","content":"\n This works well on a wall that is not highly textured. Use a different, complimentary color paint to frame the TV from the rest of the wall around it.\n<ul>\n<li>Use a large ruler to mark points in pencil on the wall for the TV’s central point and then for the rectangular border around it.</li>\n<li>Use painter’s tape to connect the marks around the box, and go over the edges of the border with the base color of the wall first, to seal the paint to the wall. When this dries, use your border color to fill in the box.<sup id=\"_ref-3\" class=\"reference\" aria-label=\"Link to Reference 3\"><a href=\"#_note-3\">[3]</a><span class=\"ts_popup \" hidden=\"\" id=\"ts_popup_3\" style=\"display: none;\">\n\t<span class=\"ts_close\">X</span>\n\t\t<span class=\"ts_name\">Research source</span>\n\t\t<span class=\"ts_description\"></span>\n\t\t\t\t<a href=\"#\" class=\"ts_source\" target=\"_blank\" rel=\"nofollow noreferrer noopener\"></a>\n\n</span>\n</sup>\n</li>\n</ul>\n"},{"title":"Use a large floral wallpaper for an elegant look.","content":"\n A wallpaper featuring one large, flowered tree branch behind the TV creates another simple but beautiful look. Keep the other walls of the room plain for the best effect.\n"}]},{"title":"Decorating with Artwork","tasks":[{"title":"Create a gallery wall.","content":"\n Try arranging your favorite framed paintings, photos, or posters around the TV to show them off. Simple black frames tie photos and paintings in well with the black rectangular shape of the TV.\n<ul><li>You can even frame some favorite children’s artwork to hang – they would love it!<sup id=\"_ref-5\" class=\"reference\" aria-label=\"Link to Reference 5\"><a href=\"#_note-5\">[5]</a><span class=\"ts_popup \" hidden=\"\" id=\"ts_popup_5\" style=\"display: none;\">\n\t<span class=\"ts_close\">X</span>\n\t\t<span class=\"ts_name\">Research source</span>\n\t\t<span class=\"ts_description\"></span>\n\t\t\t\t<a href=\"#\" class=\"ts_source\" target=\"_blank\" rel=\"nofollow noreferrer noopener\"></a>\n\n</span>\n</sup>\n</li></ul>\n"},{"title":"Hang your favorite collection up around the TV.","content":"\n Do you have a collection of antique plates, clocks, mirrors, or other mountable objects? Display these around your TV for a unique presentation.\n"},{"title":"Get creative with stencils or wall decals.","content":"\n Customize your own TV wall with stencils and paint, or with sticker decals for walls. You can leave the rest of the wall plain, or fill in the gaps between with artwork.\n<ul><li>There are countless decal and stencil options available for creating nature scenes, using favorite quotes, or combining favorite scenery with quotes.<sup id=\"_ref-7\" class=\"reference\" aria-label=\"Link to Reference 7\"><a href=\"#_note-7\">[7]</a><span class=\"ts_popup \" hidden=\"\" id=\"ts_popup_7\" style=\"display: none;\">\n\t<span class=\"ts_close\">X</span>\n\t\t<span class=\"ts_name\">Research source</span>\n\t\t<span class=\"ts_description\"></span>\n\t\t\t\t<a href=\"#\" class=\"ts_source\" target=\"_blank\" rel=\"nofollow noreferrer noopener\"></a>\n\n</span>\n</sup>\n</li></ul>\n"}]},{"title":"Adding Functional Details","tasks":[{"title":"Mount your TV above your fireplace.","content":"\n If you have a fireplace that you can mount a TV above, you’re already one step ahead. Mounting the TV above a fireplace creates multiple focal points for the wall.\n<ul><li>Fill the fireplace mantle with photos or other art, flowers, or candles.<sup id=\"_ref-8\" class=\"reference\" aria-label=\"Link to Reference 8\"><a href=\"#_note-8\">[8]</a><span class=\"ts_popup \" hidden=\"\" id=\"ts_popup_8\" style=\"display: none;\">\n\t<span class=\"ts_close\">X</span>\n\t\t<span class=\"ts_name\">Research source</span>\n\t\t<span class=\"ts_description\"></span>\n\t\t\t\t<a href=\"#\" class=\"ts_source\" target=\"_blank\" rel=\"nofollow noreferrer noopener\"></a>\n\n</span>\n</sup>\n</li></ul>\n"},{"title":"Set your TV inside built-in bookshelves.","content":"\n If you already have a wall of built-in bookshelves, use them to your advantage by creating a space in the center for your TV. Then just fill the shelves with books, photos, and other art.\n"},{"title":"Install individual shelves.","content":"\n For an otherwise bare wall, individual wall shelves are a great way to show off sculptures, vases, and other pieces of art near your TV.\n<ul><li>Place matching shelves in a staggered pattern on the wall, or buy similarly designed shelves of different sizes to create contrast.<sup id=\"_ref-10\" class=\"reference\" aria-label=\"Link to Reference 10\"><a href=\"#_note-10\">[10]</a><span class=\"ts_popup \" hidden=\"\" id=\"ts_popup_10\" style=\"display: none;\">\n\t<span class=\"ts_close\">X</span>\n\t\t<span class=\"ts_name\">Research source</span>\n\t\t<span class=\"ts_description\"></span>\n\t\t\t\t<a href=\"#\" class=\"ts_source\" target=\"_blank\" rel=\"nofollow noreferrer noopener\"></a>\n\n</span>\n</sup>\n</li></ul>\n"}]}],"questions":[]}