{"meta":{"description":"Sofa tables are an often-overlooked piece of furniture. When decorated, however, a sofa table can be a great addition to any living space, filling empty space and enriching the overall design scheme of a room. A well decorated sofa table can transform your room into a warmer and more inviting space. It can also be designed to serve a range of practical functions.","title":"Decorate a Sofa Table"},"todo_list":[{"title":"Choosing Main Design Elements","tasks":[{"title":"Choose colors that enrich your living space.","content":"\n When choosing and decorating a sofa table, select colors that complement the overall design of your living space. You can choose either a color scheme that matches other furnishings in the room or one that strikes an aesthetically pleasing contrast with its surroundings.\n<ul><li>A black or dark brown table or lamp, for example, contrasts especially well with a white or light beige sofa.</li></ul>\n\n"},{"title":"Select a symmetrical arrangement.","content":"\n Symmetry is a classic design technique for sofa tables. If you decide on a symmetrical arrangement, start by choosing an attractive centerpiece. This can be a decorative bowl, a floral arrangement, or an interesting sculpture. You can place a pair of matching lamps, vases, or other accessories on either side for balance, and fill the space below with identical stools or baskets to reinforce the table display’s symmetry.\n"},{"title":"Create an asymmetrical look.","content":"\n If symmetry is not to your taste, you can put together an asymmetrical arrangement. There are countless ways to build an asymmetrical display. Start by placing a vase, small sculpture, or decorative tray off-center and build from there. While the two sides won’t be the same, you should try to keep the two sides balanced.\n<ul><li>You’ll want to choose items that vary in height to avoid monotony and create a more interesting display.</li></ul>\n"}]},{"title":"Decorating for Functionality","tasks":[{"title":"Brighten your living space with a lamp or lamps.","content":"\n A lamp on your sofa table can add extra light for readers on your sofa. Choose a lamp that stands high enough on the table to shine light down on your sofa in the way you want. The style and color of lamp should complement the overall decorating scheme you’ve put together for your room.\n<ul><li>You can place a lamp at either end of the table for balance, or stick with just one and offset it with a vase of flowers or small sculpture roughly equal in size.</li></ul>\n"},{"title":"Keep remotes and books in decorative bowls, baskets, and trays.","content":"\n The top of a sofa table is in easy reach from the sofa, making it an ideal spot to keep tv remotes, books, and household knickknacks. To prevent clutter, add decorative bowls and baskets to the top of your sofa table to hold these items.\n"},{"title":"Place baskets or decorative boxes underneath for convenient storage.","content":"\n Baskets or decorative boxes underneath a sofa table can be a convenient place to store extra throws and pillows. Immensely practical, they can also accentuate other design elements in your living space.\n<ul><li>Wicker baskets are a great addition to a rustic design scheme.</li></ul>\n"},{"title":"Increase your room’s seating capacity with stools.","content":"\n The space underneath your sofa table can also be used as a place to keep stools and benches. These can be especially handy when entertaining large groups of guests.\n<ul>\n<li>You can choose sleek and simple stools to complement your room’s modern look, or go with wicker stools for a more rustic look.</li>\n<li>Keeping stools here can also transform your sofa table into a temporary workspace whenever you need a little extra space.</li>\n</ul>\n"}]},{"title":"Creating a Homey and Inviting Display","tasks":[{"title":"Display photos of family and friends.","content":"\n You can also use your sofa table as a space to show off what matters most to you in the world. Put your favorite pictures in attractive frames that echo the overall design of your room.\n<ul><li>Black and white photos can add an elegant, subtle touch to your sofa table display.</li></ul>\n"},{"title":"Express yourself by stacking your favorite books.","content":"\n Stacking books is an easy and classic design technique. While you’ll want to choose books that have an exterior color and size that harmonizes with the other design choices you’ve made, displaying books that have special meaning for you can add a personal touch to your sofa table display. They can also spark inspiration and conversation among your guests.\n"},{"title":"Welcome guests with pretty and flagrant flowers.","content":"\n Flowers in a vase or a floral arrangement on your sofa table can enliven your room with a burst of color. You can place real or fake flowers. A plant or floral arrangement in a decorative bowl could be a pleasing centerpiece on the table.\n<ul><li>Placing flower vases at either end of your sofa table can give your arrangement a pleasant, symmetrical look.</li></ul>\n"},{"title":"Spark joy with a candy dish or bowl of fresh fruit.","content":"\n A dish filled with candy or a bowl of fruit can brighten your living space with a dash of color. These delicious treats can also make the room feel warmer and more inviting. \n<ul><li>A crystal dish of golden-wrapped candy can add a welcoming touch to a sophisticated sofa table display.</li></ul>\n"}]}],"questions":[]}