{"meta":{"description":"Hallways don't often make the front cover of design magazines, but these are important \"liminal spaces\", where we transition from one state to another. How do you want a guest to feel as they enter your home? How do you want to start your day walking from the bedroom to the kitchen? There's no one right answer in design, so play with these ideas until you find something that sings to you.","title":"Decorate a Hall Wall"},"todo_list":[{"title":"Hang a mirror for a bright, spacious look.","tasks":[{"title":"Mirrors are a great solution for dim, cramped hallways.","content":"\n Don't be afraid to go large—this is your chance to decorate your wall and make the hallway feel roomier at the same time.\n<ul>\n<li>To make the mirror a focal point, hang it at eye level across from the entryway. Consider an ensemble with low furniture underneath, choosing shapes and styles that contrast pleasingly with the mirror frame.<sup id=\"_ref-1\" class=\"reference trusted\" aria-label=\"Link to Reference 1\"><a href=\"#_note-1\">[1]</a><span class=\"ts_popup trustedsource\" hidden=\"\" id=\"ts_popup_1\" style=\"display: none;\">\n\t<span class=\"ts_close\">X</span>\n\t\t<a class=\"ts_trustworthy\" href=\"/wikiHow:Delivering-a-Trustworthy-Experience\">Expert Source</a>\n\n\t\t<span class=\"ts_name\"></span>\n\t\t\t<a class=\"ts_expert_link\" href=\"/Author/Priscilla-Bettencourt\"><span class=\"ts_expert_image\"><picture><source type=\"image/webp\" srcset=\"/images/thumb/e/eb/Priscilla_Bettencourt.png/-crop-100-100-100px-Priscilla_Bettencourt.png.webp\"><img src=\"/images/thumb/e/eb/Priscilla_Bettencourt.png/-crop-100-100-100px-Priscilla_Bettencourt.png\" alt=\"Priscilla Bettencourt\" loading=\"lazy\" width=\"30\" height=\"30\" style=\"max-width: 30px\"></picture></span>Priscilla Bettencourt<br><span class=\"ts_blurb\">Home Stager &amp; Interior Designer</span></a>\n\n\t\t<span class=\"ts_description\">Expert Interview.  24 April 2020.</span>\n\n</span>\n</sup><sup id=\"_ref-2\" class=\"reference\" aria-label=\"Link to Reference 2\"><a href=\"#_note-2\">[2]</a><span class=\"ts_popup \" hidden=\"\" id=\"ts_popup_2\" style=\"display: none;\">\n\t<span class=\"ts_close\">X</span>\n\t\t<span class=\"ts_name\">Research source</span>\n\t\t<span class=\"ts_description\"></span>\n\t\t\t\t<a href=\"#\" class=\"ts_source\" target=\"_blank\" rel=\"nofollow noreferrer noopener\"></a>\n\n</span>\n</sup>\n</li>\n<li>Maximize natural light by placing a large mirror opposite a window or on the adjoining wall 90º from the window. Enhance the illusion with a mirror frame that mimics window panes.<sup id=\"_ref-3\" class=\"reference\" aria-label=\"Link to Reference 3\"><a href=\"#_note-3\">[3]</a><span class=\"ts_popup \" hidden=\"\" id=\"ts_popup_3\" style=\"display: none;\">\n\t<span class=\"ts_close\">X</span>\n\t\t<span class=\"ts_name\">Research source</span>\n\t\t<span class=\"ts_description\"></span>\n\t\t\t\t<a href=\"#\" class=\"ts_source\" target=\"_blank\" rel=\"nofollow noreferrer noopener\"></a>\n\n</span>\n</sup>\n</li>\n<li>Multiple mirrors can be pleasingly eclectic. Place them on the same wall or position them carefully to avoid an infinite reflection.</li>\n</ul>\n\n"}]},{"title":"Install floating shelves for more decor space.","tasks":[{"title":"Create your own space for display or lighting.","content":"\n <a href=\"/Hang-Floating-Shelves\" title=\"Hang Floating Shelves\">Hang floating shelves</a> if you want to display keepsakes, books, or houseplants. A high shelf is also a good place to keep a lamp, if your hallway is dimly lit and too short for ceiling lighting.\n<ul><li>Even a narrow hallway can use a shallow shelf to prop up artwork instead of hanging them. This makes it easy to swap out the art often, or to display album covers and other pieces you can't easily frame.<sup id=\"_ref-5\" class=\"reference\" aria-label=\"Link to Reference 5\"><a href=\"#_note-5\">[5]</a><span class=\"ts_popup \" hidden=\"\" id=\"ts_popup_5\" style=\"display: none;\">\n\t<span class=\"ts_close\">X</span>\n\t\t<span class=\"ts_name\">Research source</span>\n\t\t<span class=\"ts_description\"></span>\n\t\t\t\t<a href=\"#\" class=\"ts_source\" target=\"_blank\" rel=\"nofollow noreferrer noopener\"></a>\n\n</span>\n</sup>\n</li></ul>\n"}]},{"title":"Accessorize with practical items.","tasks":[{"title":"Choose cohesive pieces for your bench, storage, or coat hooks.","content":"\n Entry hallways need some space for shoes and purses anyway, so make the design intentional. A cute ensemble of a shoe tray under a bench or a coat rack next to a console table keeps everything tidy.\n<ul><li>To make this more of a focal point, hang a painting or a mirror over the furniture.</li></ul>\n"}]},{"title":"Arrange a picture gallery on your wall.","tasks":[{"title":"A picture gallery takes the prize in compactness and customizability.","content":"\n You can arrange a small constellation of art across from the entryway, or cover the whole corridor with photographs and prints. If you're intimidated by the design challenge, follow these tips:\n<ul>\n<li>The easiest, but also most formal, choice is a grid of similar pieces of the same size.</li>\n<li>For a more informal but still balanced arrangement, build around a horizontal line. Center half the pieces slightly above the line, and half slightly below.</li>\n<li>Invent your own arrangement by laying out the art on the floor. Start with the largest piece and shuffle the other pieces around it to roughly balance the colors and sizes across the gallery.</li>\n<li>A variety of sizes and picture frame styles helps create a more fun, informal gallery. If you're worried about a messy look, keep a consistent spacing between frames—try 2 inches (5.1&nbsp;cm).</li>\n</ul>\n"}]},{"title":"Hang a cloth wall covering.","tasks":[{"title":"Play with texture as well as color by hanging fabric.","content":"\n A tapestry, decorative cloth, or even a vintage scarf gives you a lot of textural options to play with. Hang it over a rod, nail the corners directly to the wall, or drape it canopy-style around a ceiling corner to create a softer space. Mount it onto a baseboard or stretch it over a frame instead to fill the role of a focal art piece.\n"}]},{"title":"Create a vertical plant wall.","tasks":[{"title":"Grow herbs, succulents, and other small plants in vertical planters.","content":"\n <a href=\"/Make-a-Plant-Hanger\" title=\"Make a Plant Hanger\">Hanging small planters</a> from your walls or ceiling sets any hallway apart.\n<ul>\n<li>A succulent frame is a great low-upkeep, space-saving choice. To make one yourself, grow succulent cuttings in a planting frame with hardware mesh over the soil. In two or three months, the roots will anchor firmly through the mesh, and you can hang the frame vertically as a \"living picture frame.\"<sup id=\"_ref-9\" class=\"reference\" aria-label=\"Link to Reference 9\"><a href=\"#_note-9\">[9]</a><span class=\"ts_popup \" hidden=\"\" id=\"ts_popup_9\" style=\"display: none;\">\n\t<span class=\"ts_close\">X</span>\n\t\t<span class=\"ts_name\">Research source</span>\n\t\t<span class=\"ts_description\"></span>\n\t\t\t\t<a href=\"#\" class=\"ts_source\" target=\"_blank\" rel=\"nofollow noreferrer noopener\"></a>\n\n</span>\n</sup>\n</li>\n<li>If your hallway has low natural light, choose low-light houseplants like philodendra, peace lilies, or Chinese evergreens. If growing from seed, start them in a brighter room first.<sup id=\"_ref-10\" class=\"reference\" aria-label=\"Link to Reference 10\"><a href=\"#_note-10\">[10]</a><span class=\"ts_popup \" hidden=\"\" id=\"ts_popup_10\" style=\"display: none;\">\n\t<span class=\"ts_close\">X</span>\n\t\t<span class=\"ts_name\">Research source</span>\n\t\t<span class=\"ts_description\"></span>\n\t\t\t\t<a href=\"#\" class=\"ts_source\" target=\"_blank\" rel=\"nofollow noreferrer noopener\"></a>\n\n</span>\n</sup>\n</li>\n</ul>\n"}]},{"title":"Paint trim and doors a subtle color.","tasks":[{"title":"Low contrast with your walls prevents a \"boxed in\" feeling.","content":"\n A white trim around dark walls (or vice versa) draws the eye to the narrow borders of the hallway. Unless your hallway has plenty of light, it's usually best to keep your trim and door color similar to your walls'.\n"}]},{"title":"Go monochrome for a modern look.","tasks":[{"title":"Accentuate a mostly white space with black elements.","content":"\n If clean, modern design is the style that calls to you, paint most of the hallway in white or beige. A sparing use of black then adds interest to the space without sacrificing the elegance at the core of this style. For instance, use black or a dark, earthy colour on door frames, stair railings, picture frames, or furniture with clean, straight lines.\n"}]},{"title":"Paint hallway walls to feel large and bright.","tasks":[{"title":"Neutral or cool colours are best for small hallways.","content":"\n Neutral colours like cream or grey make the room feel brighter. Cool colours like blue or green make walls feel further away, although softer examples with warm undertones help them feel cozy rather than gloomy. Warm, saturated yellows and reds jump out at the viewer, which can feel claustrophobic unless your hallway is quite wide.\n<ul><li>Don't want to give up on your favourite warm color? Choose a \"near-neutral\" version of it with a pale, low-intensity appearance.<sup id=\"_ref-14\" class=\"reference\" aria-label=\"Link to Reference 14\"><a href=\"#_note-14\">[14]</a><span class=\"ts_popup \" hidden=\"\" id=\"ts_popup_14\" style=\"display: none;\">\n\t<span class=\"ts_close\">X</span>\n\t\t<span class=\"ts_name\">Research source</span>\n\t\t<span class=\"ts_description\"></span>\n\t\t\t\t<a href=\"#\" class=\"ts_source\" target=\"_blank\" rel=\"nofollow noreferrer noopener\"></a>\n\n</span>\n</sup>\n</li></ul>\n"}]},{"title":"Create two-tone walls for variety.","tasks":[{"title":"Decorate the lower walls with wainscoting or a different paint.","content":"\n This is a good way to add interest to a hallway with limited space for furnishings. There are countless style options, from embossed wallpaper under a dado rail to the simple vertical planks of beadboard. You can even just paint the lower part of the wall a different shade, with a stark dividing line or a gentle ombré fade.\n<ul><li>This typically looks best on the lower third of the wall, but there's some wiggle room.<sup id=\"_ref-16\" class=\"reference\" aria-label=\"Link to Reference 16\"><a href=\"#_note-16\">[16]</a><span class=\"ts_popup \" hidden=\"\" id=\"ts_popup_16\" style=\"display: none;\">\n\t<span class=\"ts_close\">X</span>\n\t\t<span class=\"ts_name\">Research source</span>\n\t\t<span class=\"ts_description\"></span>\n\t\t\t\t<a href=\"#\" class=\"ts_source\" target=\"_blank\" rel=\"nofollow noreferrer noopener\"></a>\n\n</span>\n</sup> Adjust it slightly so the top aligns with other design elements, or try a 2/3 height for a bolder look.<sup id=\"_ref-17\" class=\"reference\" aria-label=\"Link to Reference 17\"><a href=\"#_note-17\">[17]</a><span class=\"ts_popup \" hidden=\"\" id=\"ts_popup_17\" style=\"display: none;\">\n\t<span class=\"ts_close\">X</span>\n\t\t<span class=\"ts_name\">Research source</span>\n\t\t<span class=\"ts_description\"></span>\n\t\t\t\t<a href=\"#\" class=\"ts_source\" target=\"_blank\" rel=\"nofollow noreferrer noopener\"></a>\n\n</span>\n</sup>\n</li></ul>\n"}]},{"title":"Make a statement with an accent wall.","tasks":[{"title":"Contrast the design of one wall to focus attention.","content":"\n An accent wall can simply be a different color than the others, or you can jazz up the hallway with geometric patterns, floral wallpaper, or a one-of-a-kind painted artwork directly on the wall. Sticking to just one wall allows for these bold designs that might overwhelm a small space if used on all sides.\n"}]}],"questions":[]}