{"meta":{"description":"You’ve moved into a new house with beautiful patio doors, or maybe it’s just time to remodel. Either way, you need advice on how to dress your patio doors practically and stylishly. Decorating patio doors can be frustrating if you’re not sure where to start, but it can be a fun opportunity to express your creativity.","title":"Decorate Patio Doors"},"todo_list":[{"title":"Picking Out Curtains","tasks":[{"title":"Choose a lightweight transparent fabric for a softer effect.","content":"\n Sheer fabrics filter the light that comes through, making sunlight less harsh in a room. Lightweight fabrics will allow more light than heavier fabrics but also do not provide a lot of privacy and hold heat in less efficiently.\n<ul><li>Poly crepe de chine and chiffon are both good fabric options for sheer, lightweight curtains. <sup id=\"_ref-1\" class=\"reference\" aria-label=\"Link to Reference 1\"><a href=\"#_note-1\">[1]</a><span class=\"ts_popup \" hidden=\"\" id=\"ts_popup_1\" style=\"display: none;\">\n\t<span class=\"ts_close\">X</span>\n\t\t<span class=\"ts_name\">Research source</span>\n\t\t<span class=\"ts_description\"></span>\n\t\t\t\t<a href=\"#\" class=\"ts_source\" target=\"_blank\" rel=\"nofollow noreferrer noopener\"></a>\n\n</span>\n</sup>\n</li></ul>\n\n"},{"title":"Go with a heavier fabric for your look and to increase privacy.","content":"\n Heavier fabrics are also better generally at keeping in heat and making your home more energy efficient. Most who use heavier fabrics for patio door curtains will use a tieback or holdback to pull the curtain away from the door for easy access and a sweeping formal feel.\n<ul>\n<li>Heavier fabrics like suede, velvet, and tapestry provide different textures and are good at blocking out light and keeping heat in when desired. <sup id=\"_ref-2\" class=\"reference\" aria-label=\"Link to Reference 2\"><a href=\"#_note-2\">[2]</a><span class=\"ts_popup \" hidden=\"\" id=\"ts_popup_2\" style=\"display: none;\">\n\t<span class=\"ts_close\">X</span>\n\t\t<span class=\"ts_name\">Research source</span>\n\t\t<span class=\"ts_description\"></span>\n\t\t\t\t<a href=\"#\" class=\"ts_source\" target=\"_blank\" rel=\"nofollow noreferrer noopener\"></a>\n\n</span>\n</sup>\n</li>\n<li>A good example of a heavy fabric with a nice natural texture that is good for curtains is linen cotton canvas. Other heavyweight fabrics include eco canvas and silky faille. <sup id=\"_ref-3\" class=\"reference\" aria-label=\"Link to Reference 3\"><a href=\"#_note-3\">[3]</a><span class=\"ts_popup \" hidden=\"\" id=\"ts_popup_3\" style=\"display: none;\">\n\t<span class=\"ts_close\">X</span>\n\t\t<span class=\"ts_name\">Research source</span>\n\t\t<span class=\"ts_description\"></span>\n\t\t\t\t<a href=\"#\" class=\"ts_source\" target=\"_blank\" rel=\"nofollow noreferrer noopener\"></a>\n\n</span>\n</sup>\n</li>\n</ul>\n"},{"title":"Harmonize the curtain color and pattern with your furnishings.","content":"\n The color and pattern of your patio door curtains should enhance the theme of the rest of the room and pull all the furnishings together.\n<ul><li>Solid neutral colors are generally preferred due to their ability to blend into the décor of a room and the slower fade of color in the sunlight over time than brighter colors. However, if you prefer, choose a brighter color and/or strong print to accent your room. <sup id=\"_ref-4\" class=\"reference\" aria-label=\"Link to Reference 4\"><a href=\"#_note-4\">[4]</a><span class=\"ts_popup \" hidden=\"\" id=\"ts_popup_4\" style=\"display: none;\">\n\t<span class=\"ts_close\">X</span>\n\t\t<span class=\"ts_name\">Research source</span>\n\t\t<span class=\"ts_description\"></span>\n\t\t\t\t<a href=\"#\" class=\"ts_source\" target=\"_blank\" rel=\"nofollow noreferrer noopener\"></a>\n\n</span>\n</sup>\n</li></ul>\n"},{"title":"Purchase your curtains.","content":"\n Making the final decision on your curtains can be difficult, but don't make this decision in a hurry. Not just any fabric will fall how you want it to, so it’s important to examine the fabric you are considering carefully in the store.\n<ul>\n<li>Work with 2 yards of fabric to accurately see how the fabric drapes.</li>\n<li>If you can, hold the fabric in front of a window in the store.</li>\n<li>Pleat the fabric at the top like an accordion. If the drape poofs up, then it’s not going to fall nicely on a window. <sup id=\"_ref-5\" class=\"reference\" aria-label=\"Link to Reference 5\"><a href=\"#_note-5\">[5]</a><span class=\"ts_popup \" hidden=\"\" id=\"ts_popup_5\" style=\"display: none;\">\n\t<span class=\"ts_close\">X</span>\n\t\t<span class=\"ts_name\">Research source</span>\n\t\t<span class=\"ts_description\"></span>\n\t\t\t\t<a href=\"#\" class=\"ts_source\" target=\"_blank\" rel=\"nofollow noreferrer noopener\"></a>\n\n</span>\n</sup>\n</li>\n</ul>\n"},{"title":"Hang your curtains stylishly and practically.","content":"\n Hanging curtains above the doorway will add a sense of height to the room. For patio doors, curtains should hang a smidge above the floor to keep them clean.\n<ul>\n<li>Curtain rods can also be installed at the top and bottom of the door with shirred or pleated curtains pulled taught by each. This style can be modified by adding a cinch in the middle to pull the fabric in and add visual interest. <sup id=\"_ref-7\" class=\"reference\" aria-label=\"Link to Reference 7\"><a href=\"#_note-7\">[7]</a><span class=\"ts_popup \" hidden=\"\" id=\"ts_popup_7\" style=\"display: none;\">\n\t<span class=\"ts_close\">X</span>\n\t\t<span class=\"ts_name\">Research source</span>\n\t\t<span class=\"ts_description\"></span>\n\t\t\t\t<a href=\"#\" class=\"ts_source\" target=\"_blank\" rel=\"nofollow noreferrer noopener\"></a>\n\n</span>\n</sup>\n</li>\n<li>Most curtains hang on rods with a rod pocket sewn into the curtains for a simple and casual look, but this may be less practical for a highly trafficked patio door. Hidden tabs provide easier movement and make the curtain look almost detached from the rod. Hanging pins are a popular option with easy movement that also provides the option of added length. Another option is cutting the top of the curtain into strips that you can tie to the rod, which gives a romantic and rustic look. <sup id=\"_ref-8\" class=\"reference\" aria-label=\"Link to Reference 8\"><a href=\"#_note-8\">[8]</a><span class=\"ts_popup \" hidden=\"\" id=\"ts_popup_8\" style=\"display: none;\">\n\t<span class=\"ts_close\">X</span>\n\t\t<span class=\"ts_name\">Research source</span>\n\t\t<span class=\"ts_description\"></span>\n\t\t\t\t<a href=\"#\" class=\"ts_source\" target=\"_blank\" rel=\"nofollow noreferrer noopener\"></a>\n\n</span>\n</sup>\n</li>\n</ul>\n"},{"title":"Personalize your curtains.","content":"\n If you feel aren't completely satisfied with any of the curtain designs on the market, don't worry! Purchase the curtain you like best for the room and patio door the curtain is meant for and spruce it up as you like.\n<ul>\n<li>Accessories such as drapery holdbacks or tiebacks can be attractive and practical for curtains, particularly if they are hung above the doorway. <sup id=\"_ref-9\" class=\"reference\" aria-label=\"Link to Reference 9\"><a href=\"#_note-9\">[9]</a><span class=\"ts_popup \" hidden=\"\" id=\"ts_popup_9\" style=\"display: none;\">\n\t<span class=\"ts_close\">X</span>\n\t\t<span class=\"ts_name\">Research source</span>\n\t\t<span class=\"ts_description\"></span>\n\t\t\t\t<a href=\"#\" class=\"ts_source\" target=\"_blank\" rel=\"nofollow noreferrer noopener\"></a>\n\n</span>\n</sup>\n</li>\n<li>If a curtain isn’t quite as long as you need or want it to be, consider lengthening it by adding coordinating pieces of fabric from an old bed skirt or scraps that reflect your style.</li>\n<li>Embellishments such as beads, braided fabric, ribbon, paint, and tassels are also options to add visual interest to your curtains. <sup id=\"_ref-10\" class=\"reference\" aria-label=\"Link to Reference 10\"><a href=\"#_note-10\">[10]</a><span class=\"ts_popup \" hidden=\"\" id=\"ts_popup_10\" style=\"display: none;\">\n\t<span class=\"ts_close\">X</span>\n\t\t<span class=\"ts_name\">Research source</span>\n\t\t<span class=\"ts_description\"></span>\n\t\t\t\t<a href=\"#\" class=\"ts_source\" target=\"_blank\" rel=\"nofollow noreferrer noopener\"></a>\n\n</span>\n</sup>\n</li>\n</ul>\n"}]},{"title":"Deciding on Shades","tasks":[{"title":"Choose vertical blinds to give your patio door a formal and classy look.","content":"\n Vertical blinds offer total control of the light that enters a room through a window and for that reason also allow for privacy when desired. They can also be set up on a track to be swept to one end of the patio door to let in the maximum amount of light. Vertical blinds also, however, work best with sliding glass patio doors.\n<ul>\n<li>Vertical blinds come in a variety of materials such as wood, faux wood, pvc plastics, and even fabrics. <sup id=\"_ref-11\" class=\"reference\" aria-label=\"Link to Reference 11\"><a href=\"#_note-11\">[11]</a><span class=\"ts_popup \" hidden=\"\" id=\"ts_popup_11\" style=\"display: none;\">\n\t<span class=\"ts_close\">X</span>\n\t\t<span class=\"ts_name\">Research source</span>\n\t\t<span class=\"ts_description\"></span>\n\t\t\t\t<a href=\"#\" class=\"ts_source\" target=\"_blank\" rel=\"nofollow noreferrer noopener\"></a>\n\n</span>\n</sup> Wood can soften the effect of the hard vertical lines with a natural effect while pvc plastics can come in different colors that reflect the theme of your room.</li>\n<li>Another thing to consider with vertical blinds is that the slats can come in different sizes: 1-inch, 2-inch, and 3.5-inch. 1-inch slats are budget-friendly while 3.5-inch gives your patio door a more modern look and 2-inch slats carry a traditional feel.</li>\n<li>There are also options to have vertical blinds installed between the glass panels of a sliding glass door to avoid the hassle of cleaning the slats and the risks of the long slats breaking from use. <sup id=\"_ref-12\" class=\"reference\" aria-label=\"Link to Reference 12\"><a href=\"#_note-12\">[12]</a><span class=\"ts_popup \" hidden=\"\" id=\"ts_popup_12\" style=\"display: none;\">\n\t<span class=\"ts_close\">X</span>\n\t\t<span class=\"ts_name\">Research source</span>\n\t\t<span class=\"ts_description\"></span>\n\t\t\t\t<a href=\"#\" class=\"ts_source\" target=\"_blank\" rel=\"nofollow noreferrer noopener\"></a>\n\n</span>\n</sup>\n</li>\n</ul>\n"},{"title":"Dress your patio doors with vertical cellular shades for maximum energy efficiency and a modern appearance.","content":"\n Vertical cellular shades are a recent production and are set in an accordion-like fashion. They can be pulled open or closed or be gathered in the middle on a track as you see fit.\n<ul><li>These shades come in a wide variety of colors and materials. <sup id=\"_ref-13\" class=\"reference\" aria-label=\"Link to Reference 13\"><a href=\"#_note-13\">[13]</a><span class=\"ts_popup \" hidden=\"\" id=\"ts_popup_13\" style=\"display: none;\">\n\t<span class=\"ts_close\">X</span>\n\t\t<span class=\"ts_name\">Research source</span>\n\t\t<span class=\"ts_description\"></span>\n\t\t\t\t<a href=\"#\" class=\"ts_source\" target=\"_blank\" rel=\"nofollow noreferrer noopener\"></a>\n\n</span>\n</sup> The fabric allows for light to filter through softly and also allows for total privacy in the case of the opaque shades.</li></ul>\n"},{"title":"Decorate your patio doors with plantation shutters for a gorgeous farmhouse look.","content":"\n Plantation shutters are more expensive, but stylish and can open and close separate from your French doors or plain glass patio doors or they can be set on a track similar to sliding glass door tracks.\n<ul>\n<li>Plantation shutters are much like blinds in light control and privacy but are also more sturdily set, easier to clean, and are more durable. The louvers, or slats, of plantation shutters can come wider or narrower to fit your desires and rotate from open to close for light control.</li>\n<li>Plantation shutters also come in a variety of materials, but your budget is something to consider seriously when choosing materials. They can be cheaper in some materials such as aluminum and pvc plastics, but other materials such as wood are going to cost you.</li>\n<li>White and timber brown are the most commonly chosen colors in plantation shutters. Timber brown is a color that pops, but it also makes a room much darker when the shutters are closed. White is preferred by many because it is a color that reflects light much better than darker colors and makes a room much brighter without direct sunlight when the shutters are closed. White is also more likely to blend with current and future room changes.</li>\n</ul>\n"},{"title":"Choose sliding door panels for additional privacy.","content":"\n Sliding door panels act almost as another door, but one that’s separate from the door itself to allow for light control and privacy. Window treatments generally should follow the way the window or door goes, so sliding door panels may not be the best option for your patio door.\n<ul>\n<li>If double doors both open outwards, curtains dressing them should be pulled back the same way. <sup id=\"_ref-14\" class=\"reference\" aria-label=\"Link to Reference 14\"><a href=\"#_note-14\">[14]</a><span class=\"ts_popup \" hidden=\"\" id=\"ts_popup_14\" style=\"display: none;\">\n\t<span class=\"ts_close\">X</span>\n\t\t<span class=\"ts_name\">Research source</span>\n\t\t<span class=\"ts_description\"></span>\n\t\t\t\t<a href=\"#\" class=\"ts_source\" target=\"_blank\" rel=\"nofollow noreferrer noopener\"></a>\n\n</span>\n</sup>\n</li>\n<li>Sliding door panels should generally be paired with sliding glass doors and provides an easy way to block or let in light while also allowing for privacy when desired. <sup id=\"_ref-15\" class=\"reference\" aria-label=\"Link to Reference 15\"><a href=\"#_note-15\">[15]</a><span class=\"ts_popup \" hidden=\"\" id=\"ts_popup_15\" style=\"display: none;\">\n\t<span class=\"ts_close\">X</span>\n\t\t<span class=\"ts_name\">Research source</span>\n\t\t<span class=\"ts_description\"></span>\n\t\t\t\t<a href=\"#\" class=\"ts_source\" target=\"_blank\" rel=\"nofollow noreferrer noopener\"></a>\n\n</span>\n</sup>\n</li>\n<li>Color choice is much the same as colors in shades, which is to say unless you prefer a stronger color, stick with a neutral color to fit with any future remodeling.</li>\n<li>Install your panels. Sliding door panels, depending on what you purchase, may need to be professionally installed, such as when the panels need to be sandwiched between the glass panels of your patio door. Most however should be self-installable with tracks for the panels screwing into the doorway above and sometimes below the patio door. <sup id=\"_ref-16\" class=\"reference\" aria-label=\"Link to Reference 16\"><a href=\"#_note-16\">[16]</a><span class=\"ts_popup \" hidden=\"\" id=\"ts_popup_16\" style=\"display: none;\">\n\t<span class=\"ts_close\">X</span>\n\t\t<span class=\"ts_name\">Research source</span>\n\t\t<span class=\"ts_description\"></span>\n\t\t\t\t<a href=\"#\" class=\"ts_source\" target=\"_blank\" rel=\"nofollow noreferrer noopener\"></a>\n\n</span>\n</sup>\n</li>\n</ul>\n"},{"title":"Personalize your shades.","content":"\n As far as the shades themselves go, there isn’t much you can do to make them your own. However, there are other additions you can make to the door to make the shades stand out more in your room.\n<ul>\n<li>Once again, one of these additions can be a valance, or a drapery added over the door to add visual interest.</li>\n<li>You can even add a curtain to go with the shades, depending on your choice in shades.</li>\n</ul>\n"}]},{"title":"Adding Side Door Panels","tasks":[{"title":"Coordinate your side door panels with the materials and colors of your patio door.","content":"\n The windows on these panels should be the same style, have the same framing, and be painted the same color. Installing these panels is an extensive and expensive process, but the stylishness and visual interest they add might just be worth it to you.\n<ul>\n<li>It would be a good idea to also give these windows the same window treatment as you give the patio door.</li>\n<li>Keep in mind that adding side door panels will be an expensive remodeling process, so the final decision you make will likely be a final one, or at least a long-term one.</li>\n</ul>\n"},{"title":"Choose a side door panel that will have a permanently closed window for decoration and lighting.","content":"\n It’s nice to have the extra windows to let in extra light and one that stays permanently closed is more practical to spruce up with frost glass designs that fit your themes.\n<ul><li>If your patio door windows have little or no designs or staining on them, do this sparingly with the side door panel windows to maintain design and color coordination.</li></ul>\n"},{"title":"Install a side door panel with a window that opens.","content":"\n What’s even nicer with the extra light that comes with the extra windows is the option to open them to allow a breeze to flow in.\n<ul><li>It is less practical to include designs and staining in the glass of a window that opens because a window meant to move is more vulnerable to breaking. Designed and stained windows aren’t as easy to replace because designs go out of production and are expensive to reproduce.</li></ul>\n"}]}],"questions":[]}