{"meta":{"description":"Decorating your end tables is a great way to make your home look cozy and pulled together. When you're choosing your decorations, you can either match them to your table or use them to create contrast. When you're placing your accessories on the table, stick to a group of 3 rule, and vary the heights of your accessories. If you're decorating more than 1 table, aim for symmetry in your design.","title":"Decorate an End Table"},"todo_list":[{"title":"Choosing Accessories","tasks":[{"title":"Decorate the table to complement its material.","content":"\n Your accessories don't have to match the table exactly, but they should complement it. Try to stick with the same theme or type of materials when you choose your accessories.\n<ul>\n<li>For example, if you have a rustic-looking table - made mostly from wood with an unfinished look - choose rustic accessories. These might include a vase made to look like a wooden branch or natural-looking flowers.</li>\n<li>If your table is made mostly from metal, consider choosing a few accessories that are also metal, but with a slightly different finish.</li>\n</ul>\n\n"},{"title":"Include accessories with personal meaning.","content":"\n You don't need to go out and buy new accessories and decorations for your table. Choose personal accessories that already match the theme or look you're aiming for.\n<ul>\n<li>For example, if your favorite family photographs are in metal frames, use them to complement and decorate a metal end table.</li>\n<li>You can also stack up a few of your favorite books - just make sure you put them back after you read them so you don't lose your accessories!</li>\n</ul>\n"},{"title":"Consider what you'll use the table for.","content":"\n When you're choosing your accessories, keep in mind what you'll use the table for. If you're using the table to decorate your space, you can choose accessories that will take up most of the table. If you want the table to more functional, use fewer accessories.\n<ul>\n<li>For example, if you're using an end table to flank a larger piece of furniture, you can use more accessories.</li>\n<li>If you're placing the end tables near a sofa or chair to hold glasses, cups, or something else, use fewer accessories.</li>\n</ul>\n"},{"title":"Match your table accessories to your other décor.","content":"\n You don't want your end tables to look out of place in the rest of the room. Make sure that the table accessories match your other décor.\n<ul>\n<li>For example, if your house has a country feel to it, white or wooden end tables that look slightly unfinished will go well with similarly rustic accessories.</li>\n<li>If your home is more modern, choose sleek end tables with simple accessories.</li>\n</ul>\n"}]},{"title":"Adding Color and Texture","tasks":[{"title":"Contrast materials.","content":"\n You can create visual interest by contrasting your table with your decorations. It prevents your accessories from blending too much into the table and will draw the eye.\n<ul><li>For example, decorate a metal table with wood or paper decorations. You could choose a wooden flower vase and a stack of a few books.</li></ul>\n"},{"title":"Choose some greenery.","content":"\n Using plants when decorating your end table can help them look more organic and unplanned. It also gives you something green to look at, no matter the weather!\n<ul>\n<li>You can use real or fake plants. Fake plants have the benefit of not needing to be watered and not triggering allergies.</li>\n<li>If you're using plants with flowers, choose colors that will complement the rest of your room.</li>\n</ul>\n"},{"title":"Add pops of color with your accessories.","content":"\n You can use the accessories on your end table to add pops of color to your room. When choosing your colors, make sure they complement the accent colors of the rest of the room while still making an impact.\n<ul>\n<li>For example, if the colors in the room are mostly blues and purples, choose bright, bold blues and purples for your accessories.</li>\n<li>You can also use complementary colors by choosing colors on the opposite side of the color wheel. So if your room has lots of blues and purples, choose oranges and reds for your accessories.</li>\n</ul>\n"},{"title":"Tie the color of your accessories into the color of the room.","content":"\n If you prefer a more neutral palette, you can match the color of accessories to the main colors of the room. It will tie in the your end table without making it stand out too much.\n<ul><li>For example, if your walls are painted gray and the furniture is beige, you can choose accessories in those colors.</li></ul>\n"},{"title":"Match the patterns of other accessories in the room.","content":"\n Look for accessories in the room that have a clear pattern. It could be polka dots, stripes, or even houndstooth. Then choose accessories that match those patterns. Even if the colors are different, the patterns will make your end tables look tied in with the rest of the room.\n"}]},{"title":"Placing Your Accessories","tasks":[{"title":"Group accessories in threes.","content":"\n Make sure that you don't over-decorate your end tables. A good rule to use is to group your accessories in threes. That way your table looks decorated, but not cluttered.\n<ul>\n<li>For a small end table, use 1 grouping of 3 accessories. For medium-sized tables, you can use 2 groups. For larger tables, use 2 or 3 groups.</li>\n<li>Once you place your decorations, you should still have a bit of room on your table.  If you have enough room for a cup of coffee or tea and a book or magazine, you probably have enough empty space on the table.</li>\n</ul>\n"},{"title":"Vary the heights and sizes of your accessories.","content":"\n Using accessories that are all roughly the same height and size can make the table look cluttered. Mix it up instead. Tall skinny accessories pair well with short squat ones.\n"},{"title":"Use your decorations to draw your eye through the room.","content":"\n When you're deciding where to place your accessories and decorations on the table, keep the rest of the room in mind. You want the decorations to act as a way to draw the eye through the room, not to sit in a jumble.\n<ul><li>For example, if your end table is near a tall floor lamp, place short decorations on the side of the table nearest the lamp. The eye will naturally go from the top of the lamp down to the short accessory on your table.</li></ul>\n"},{"title":"Use trays to organize accessories.","content":"\n Depending on the size of your table, just setting out your decorations might not be enough. If your table still looks a bit bare, put a tray down and set up your decorations in the tray. The tray will take up more space and also makes cleaning easier!\n"},{"title":"Aim for symmetry with more than 1 table.","content":"\n If you're decorating more than 1 end table, try to use similarly sized and shaped decorations. This is especially important if the tables are flanking another piece of furniture, like a sofa. You can also apply this rule to end tables scattered throughout the room - it ties the look together.\n"}]}],"questions":[]}