{"meta":{"description":"If you're trying to decorate a room with grey walls, you have lots of different options depending on the type of atmosphere you'd like to create. Choose an accent color, such as yellow, white, or red, to help you create focal points in the room. Doing things such as taking advantage of the natural light, adding in different fabrics and textures, and choosing bold-colored accessories will make your grey room look beautifully-designed.","title":"Decorate Grey Walls"},"todo_list":[{"title":"Selecting Color Schemes","tasks":[{"title":"Brighten up a grey room with white accents.","content":"\n White is a great color to use in your room to create an open, bright atmosphere, no matter the shade of grey you’re working with. If you want the colors in the room to be white and grey only, pick out white couches, bed linens, drapes, pillows, or other accessories.\n<ul>\n<li>If your walls are a darker grey, decorating in all whites will be a great way to bring in light.</li>\n<li>Paint the molding in the room a white or off-white color, or purchase a large white area rug to cover a darker flooring.</li>\n<li>Choose accessories such as white picture frames, table lamps, or paintings.</li>\n<li>The glossiness of your white accents also helps create the look you want. For example, shiny white frames or fixtures can create a glamorous look. Alternatively, scuffed matte white frames and fixtures will look more rustic.</li>\n</ul>\n\n"},{"title":"Choose shades of light blue to create a subdued and calm atmosphere.","content":"\n Grey and light blue look great together, and it’s easy to find things like couch covers or pillows in these shades. Choose light or pastel tones to create a calming vibe in the room.\n<ul>\n<li>You can also add in a pale turquoise or green with the blue for more accent colors.</li>\n<li>A grey and blue combo works well in a rooms where you typically want to calm down, such as in your bedroom or bathroom.</li>\n</ul>\n"},{"title":"Keep the room monochromatic by choosing similar shades of grey.","content":"\n This gives the room a futuristic feel. While you can choose varying shades of a darker grey to decorate the room, this works especially well with a lighter grey so that the room doesn’t become too dark.\n<ul>\n<li>For example, select dark grey furniture to go with a light grey rug that matches light grey walls.</li>\n<li>Hang super light grey curtains (almost white) to add some light into the room.</li>\n<li>Choosing slightly different shades of grey will give the room added depth.</li>\n<li>You may enjoy monochromatic grey if you'd like your room to look masculine or minimalist. However, you can warm it up by varying the shades and textures you use. For example, you could use a plush, dark grey rug and a soft silver grey throw as warming accents.</li>\n</ul>\n"},{"title":"Play with golds and yellows for a lively grey room.","content":"\n Yellow and grey go very well together and create a fun, modern feel. If your room is painted a rich or dark grey, opt for more saturated, bright yellows. For a paler grey room, go with softer yellows for a pastel look.\n<ul>\n<li>Use the yellow as an accent color, picking out a yellow couch or striped yellow rug.</li>\n<li>Use bold yellow pillows on a white couch or white bedding for a small focal point.</li>\n<li>You can create trendy, youthful looks with yellow and grey, which are currently a very popular combo.</li>\n</ul>\n"},{"title":"Create a royal look by decorating grey walls with purple or red accents.","content":"\n A deep purple looks great with a rich grey, while ruby red accents add sophistication to a lighter grey room. Both of these colors create an elegant color scheme and are perfect for smaller accessories.\n<ul>\n<li>Pick out a large purple vase for an indoor plant, or hang a red light fixture.</li>\n<li>When using red, avoid choosing a bright shade, which can make your grey take on a muddy effect.</li>\n</ul>\n"},{"title":"Pick out varying bold colors to create a playful and fun vibe.","content":"\n If you don’t want to stick with one color to offset your grey walls, pick out several different bold colors to create lots of different accents. Colors that look particularly great with grey walls include yellows, blues, oranges, and bright pinks.\n<ul>\n<li>For example, choose pink accent pillows, a yellow large picture frame, and blue light fixtures to go with a striped area rug made of all of those colors.</li>\n<li>It's a good idea to consider the undertone of your grey. If you have a warm grey on your walls, your other colors should have warm undertones, as well. If you have a cool grey, use other cool shades for your accents.</li>\n</ul>\n"}]},{"title":"Choosing Wall Decor","tasks":[{"title":"Hang curtains that emphasize your natural light source.","content":"\n Natural light is super important for making sure a grey room isn’t too dark. If you have windows in your room, hang light, airy curtains to ensure sunlight brightens up the room.\n<ul>\n<li>Sheer white curtains are a great addition to a grey room and bring in lots of light.</li>\n<li>If you’d like your curtains to have color, go with a pastel such as blue, pink, or yellow.</li>\n</ul>\n"},{"title":"Pick out a focal point item in the room to provide a pop of color.","content":"\n To make decorating super easy, select one item in the room that will stand out from everything else. It should be in a bold color, such as turquoise, royal blue, or yellow. This one item will make the grey room more lively.\n<ul>\n<li>For example, a bright fuschia headboard looks great in a grey bedroom with grey and white bedding.</li>\n<li>Hang a large mirror with a golden frame in a grey living room with wooden furniture.</li>\n<li>One of the great things about grey is that it looks very neutral. This means you can choose very bold pieces with bright colors and textures, and they'll look great! For example, you might opt for a stunning velvet couch in a bright shade like teal or purple. You can also feature textured items, like an ornate frame.</li>\n</ul>\n"},{"title":"Choose artwork to hang depending on the mood you want to create.","content":"\n If you're going for a calm, soothing environment, select artwork in lots of whites and light greys with a few touches of dark grey or black. To add energy to the room, pick out art with bright, bold colors such as reds, oranges, greens, and yellows.\n<ul>\n<li>An abstract painting made of whites, greys, and light blues would look great on a grey wall.</li>\n<li>A painting of a beach sunset with lots of oranges, pinks, and yellows would bring color and life to a grey room.</li>\n<li>If you prefer a classic look, you could opt for black and white photos in black frames.</li>\n</ul>\n"},{"title":"Install white shelving to contrast the grey walls.","content":"\n No matter the color of grey, white will brighten up the room while also making it look sophisticated. Choose white shelving that reaches the ceiling for lots of storage, or install small floating shelves for displaying just a few things.\n<ul>\n<li>If you want your shelves to blend in more, paint the shelves the same grey as the walls.</li>\n<li>You can leave your shelves minimal for a classic, clean look. Alternatively, you could add a bold pop of color to make the room brighter.</li>\n</ul>\n"},{"title":"Select picture frames to go with your color scheme.","content":"\n If you want your grey room to stick to a white, grey, and black color palette, opt for picture frames that are one of these colors. If you want to create a more colorful room, pick out picture frames in colors such as pastel yellow, light blue, or light purple.\n<ul>\n<li>For a bright and cheerful room, paint all of your picture frames a different color.</li>\n<li>If you're not sure what the color scheme for the grey room will be, pick out white picture frames, as these will go with anything.</li>\n</ul>\n"},{"title":"Opt for a large mirror to create light reflections.","content":"\n Mirrors will reflect the light, making your grey room even brighter if you have lots of natural sunlight. Choose a mirror in a decorative frame, either made of natural wood or painted a certain color.\n<ul>\n<li>Hang a round mirror over your fireplace to create a focal point.</li>\n<li>Choose mirrors in bronze, gold, or silver frames for a touch of sophistication.</li>\n</ul>\n"}]},{"title":"Adding Furniture and Accessories","tasks":[{"title":"Add table lamps, sconces, and floor lamps to create the right lighting.","content":"\n When you have grey walls, overhead lighting can cast harsh shadows. To avoid this, add lots of table and floor lighting to create a well-lit and warm room.\n<ul>\n<li>Put a floor lamp next to each end of a couch, or install wall sconces as an alternative to using ceiling lights.</li>\n<li>You can <a href=\"/Hang-a-Neon-Light-on-the-Wall\" title=\"Hang a Neon Light on the Wall\">hang a neon light on the wall</a> to give the room a club or nightlife ambiance.</li>\n</ul>\n"},{"title":"Select wood furniture to bring out warm undertones.","content":"\n Grey can sometimes cause a room to look and feel cold, and using lots of wood can help offset this. Show off a wood floor, set up wooden tables or chairs, or hang pictures made of natural wooden frames.\n<ul>\n<li>If your walls are a lighter grey, you can work with darker wood.</li>\n<li>For darker grey walls, opt for wooden furniture that’s a bit lighter.</li>\n<li>Make sure the furniture isn’t painted—you want to show off the natural wood color.</li>\n<li>You can create contrast by choosing wood that is textured or embellished.</li>\n</ul>\n"},{"title":"Play with patterns to add texture to the room.","content":"\n Patterns are a great way to make a monochromatic or neutral-colored room look more interesting. Choose rugs, pillows, chairs, and other decorations in different styles of patterns and fabrics.\n<ul>\n<li>Select a couch with grey and white stripes on it, or put pillows with floral patterns on solid-colored chairs.</li>\n<li>Pick out a patterned comforter to go with grey walls.</li>\n</ul>\n"},{"title":"Choose a statement rug to set the mood for the room.","content":"\n Your rug is a great way to either add color to a grey room or keep the room in neutral tones. A striped rug made of bold colors will add color to a light grey room, while a white or cream rug will help lighten a darker grey room,\n<ul><li>A rug of the same grey that’s on the walls will create a neutral backdrop for you to emphasize your furniture and accessories.</li></ul>\n"},{"title":"Create an outdoorsy atmosphere using natural materials.","content":"\n Choose furniture such as a leather couch or woven twine coffee table to give the grey room a natural feel. You can also find accessories and decorations made of wool, wood, linen, or knits.\n<ul>\n<li>Pick out pillows made of a knit fabric, or use a wool blanket to drape over a sofa.</li>\n<li>Hang curtains made of linen for a light, natural look.</li>\n<li>Use macrame or tapestries to soften the hardness of the grey and add visual interest.</li>\n</ul>\n"}]}],"questions":[{"title":"I am thinking of using medium gray tile floors in a small narrow bathroom. what paint color should I use?","content":"Almost any color can go with gray floors. For cool tones try variations of blue, green, purple or go with warm colors using red, pink or orange. Yellow and white can brighten the walls and brown can make them look earthy."}]}