{"meta":{"description":"A well-laid vanity has been an essential feature of elegant bedrooms for centuries. Reimagining a drab dressing area in your own home begins with picking out a table and chair that are both comfortable and a practical fit for the space you’re decorating. You can then set about enhancing your setup by introducing flattering lighting and attractive storage solutions. Decorative elements like antiques, jewelry, and classical art can provide the finishing touches and make the boudoir one of the most visually striking parts of your home.","title":"Decorate a Dressing Table"},"todo_list":[{"title":"Choosing Your Basic Furnishings","tasks":[{"title":"Pick out a table that suits your needs.","content":"\n Almost any type of compact table or desk can be appropriated for this purpose, so explore several different options and go with one that looks the most natural in the space you’re decorating. It’s also worth putting some thought into any additional features you might want, like drawers, cabinets, or built-in lighting elements.\n<ul>\n<li>The table you choose should be low enough to avoid looking out of place for it’s intended use, but high enough to sit at comfortably.<sup id=\"_ref-2\" class=\"reference\" aria-label=\"Link to Reference 2\"><a href=\"#_note-2\">[2]</a><span class=\"ts_popup \" hidden=\"\" id=\"ts_popup_2\" style=\"display: none;\">\n\t<span class=\"ts_close\">X</span>\n\t\t<span class=\"ts_name\">Research source</span>\n\t\t<span class=\"ts_description\"></span>\n\t\t\t\t<a href=\"#\" class=\"ts_source\" target=\"_blank\" rel=\"nofollow noreferrer noopener\"></a>\n\n</span>\n</sup>\n</li>\n<li>Extra storage space can be a major plus if you have a habit of stockpiling cosmetics or prefer to keep all of your beauty supplies in one place.</li>\n</ul>\n\n"},{"title":"Include your table in a unifying color scheme.","content":"\n Color is another important consideration when narrowing down your choices. To determine which style would look best in a given space, it's important to first take stock of what's already there. If possible, you'll want to find a table you can tie in with your walls, flooring, and surrounding furniture to create a seamless transition for the eye.\n<ul><li>A vibrant patterned table will make a bold statement in a muted setting, for instance, while neutral tones like black, white, gray, and natural wood finishes have the advantage of going with the greatest number of accessories.</li></ul>\n"},{"title":"Substitute a cozy seating solution.","content":"\n Forget the short, knobby powder room stools you’re used to hunching over. Pull up a cushioned bench or chic high-backed chair and take a load off while you put your face on. One of these perches can make your dressing area much more comfortable, especially if you tend to spend a lot of time there.\n<ul>\n<li>Bring in a chair with adjustable height settings if you’re having trouble finding one that’s the right height for your table.</li>\n<li>Chairs that roll or swivel can increase your mobility and lend a commanding air to vanities that double as letter desks.</li>\n</ul>\n"},{"title":"Get creative with your main mirror.","content":"\n If your dressing table is going to be primarily a decorative fixture, look at a variety of styles to find a replacement that matches the sensibilities you’re expressing. You could also trade in a large central mirror for several smaller ones to establish a busier look, or install an elaborate folding mirror that lets you view yourself from different angles.\n<ul>\n<li>For a centerpiece that's truly one-of-a-kind, play around with mirrors fashioned from other objects, like a repurposed painting, oversized clock, or vintage window frame. If you're the crafty type, you could even try putting together one of your own.<sup id=\"_ref-5\" class=\"reference\" aria-label=\"Link to Reference 5\"><a href=\"#_note-5\">[5]</a><span class=\"ts_popup \" hidden=\"\" id=\"ts_popup_5\" style=\"display: none;\">\n\t<span class=\"ts_close\">X</span>\n\t\t<span class=\"ts_name\">Research source</span>\n\t\t<span class=\"ts_description\"></span>\n\t\t\t\t<a href=\"#\" class=\"ts_source\" target=\"_blank\" rel=\"nofollow noreferrer noopener\"></a>\n\n</span>\n</sup>\n</li>\n<li>Keep in mind that the mirror you settle on should be the right shape and dimension to give you a good look at yourself from where you’ll be sitting.</li>\n</ul>\n"},{"title":"Utilize multiple lamps for consistent lighting.","content":"\n Rather than relying on a single light shining off to the side, position one at either end of your vanity and switch them both on while you’re putting on your makeup. Twin light sources provide illumination from both sides, which can keep you from ending up with uneven eye shadow or the wrong shade of foundation.\n<ul>\n<li>Soft white bulbs tend to provide the best conditions for applying makeup.<sup id=\"_ref-6\" class=\"reference\" aria-label=\"Link to Reference 6\"><a href=\"#_note-6\">[6]</a><span class=\"ts_popup \" hidden=\"\" id=\"ts_popup_6\" style=\"display: none;\">\n\t<span class=\"ts_close\">X</span>\n\t\t<span class=\"ts_name\">Research source</span>\n\t\t<span class=\"ts_description\"></span>\n\t\t\t\t<a href=\"#\" class=\"ts_source\" target=\"_blank\" rel=\"nofollow noreferrer noopener\"></a>\n\n</span>\n</sup>\n</li>\n<li>Fit your lamps with adjustable shades to cut down on glare. Overly intense lighting can also throw off your brush hand.</li>\n<li>A soft desk lamp centered above the table will also give off a modest yet revealing glow.</li>\n</ul>\n"}]},{"title":"Adding Style and Personality","tasks":[{"title":"Start with a basic theme.","content":"\n Your vanity isn't just another piece of furniture—it's an extension of your bedroom. Research different design styles to identify one that would look at home in your living space. You can then base your secondary accessories on your style of choice. Sticking with a distinct set of characteristics can help you focus your vision and avoid inconsistencies.\n<ul>\n<li>There are dozens of different interior design styles that provide inspiration for your dressing table, from contemporary minimalism to art decor to French rustic.</li>\n<li>Avoid mixing and matching your decorations indiscriminately. A classic Victorian-style vanity will stick out like a sore thumb in a mid-century modern bedroom.</li>\n</ul>\n"},{"title":"Set out some photos.","content":"\n Place a few framed pictures of your loved ones along the rear edge of the table where you can glance at them while you’re getting ready. Since your dressing table is one of the main focal points of the bedroom, it makes a great place to show off your spouse, children, or pets.\n<ul><li>Be sure to situate framed photos someplace where they won’t accidentally be knocked over and broken.</li></ul>\n"},{"title":"Add a flower arrangement or potted plant.","content":"\n Plants can offer an infusion of color and create an appealing natural contrast to all the man-made objects on your tabletop. An assortment of festive succulents or spray of fresh daylilies may be just the thing you need to tie the various components together.\n<ul>\n<li>If you desire even more greenery, make room beside your table for a full-figured specimen, such as a towering ficus or cascading fern.<sup id=\"_ref-9\" class=\"reference\" aria-label=\"Link to Reference 9\"><a href=\"#_note-9\">[9]</a><span class=\"ts_popup \" hidden=\"\" id=\"ts_popup_9\" style=\"display: none;\">\n\t<span class=\"ts_close\">X</span>\n\t\t<span class=\"ts_name\">Research source</span>\n\t\t<span class=\"ts_description\"></span>\n\t\t\t\t<a href=\"#\" class=\"ts_source\" target=\"_blank\" rel=\"nofollow noreferrer noopener\"></a>\n\n</span>\n</sup>\n</li>\n<li>As an added bonus, fresh flowers will fill your dressing area with a delightful fragrance, making it smell as beautiful as you look.</li>\n</ul>\n"},{"title":"Accessorize with chic antiques.","content":"\n If you’re on the hunt for something eye-catching and out of the ordinary, think throwback. Scour antique malls, flea markets, yard sales, and specialty boutiques to unearth fascinating finds. A clamshell compact, ivory comb, or embossed powder box can complete a vintage-themed vanity and make it feel like a piece of living history.\n<ul>\n<li>Antiques make an alluring addition to vanities that are mostly meant to be admired from a distance.</li>\n<li>One of your own cherished family heirlooms could also serve as a unique and meaningful conversation starter.</li>\n</ul>\n"},{"title":"Surround yourself with stunning artwork.","content":"\n Hang up paintings from your favorite artists of past and present to cover bare walls and breathe new life into a stale bedroom. Those who prefer a more contemporary atmosphere might shop around for quaint wall hangings, woven tapestries, or spunky pop art offerings.\n<ul>\n<li>Classical reproductions like Jacques-Louis David’s “Portrait of Madame Recamier” or Boticelli’s “Birth of Venus” can serve as a source of inspiration for your daily beauty rituals.</li>\n<li>Wall art is especially useful for filling in blank space around corners and alcoves.</li>\n</ul>\n"}]},{"title":"Incorporating Practical Accessories","tasks":[{"title":"Use an organizer to store your makeup.","content":"\n These helpful tools feature compartments of various sizes that make it easy to stash your powders, pencils, creams, and brushes in a single convenient container while keeping them neatly separated. Configure the items in your organizer by tone, or group like products together to streamline your morning routine.\n<ul>\n<li>Hiding the organizer in a drawer may help reduce clutter, though many are unassuming enough to be left out in plain sight.</li>\n<li>Some organizers are designed with flair in mind as well as functionality. Keep your overarching theme in mind when picking out one of these decorative storage aids to make sure it's a good match for the rest of your decor.</li>\n</ul>\n"},{"title":"Put your prized jewelry on display.","content":"\n Invest in a set of sleek holders to highlight your collection of bracelets, necklaces, and rings. Not only will this spare them the fate of being lost in a drawer somewhere, it will also keep them together for comparison when you’re deciding on a piece to pair with the evening’s outfit.\n<ul>\n<li>Choose holders and similar displays that are in keeping with the style you’ve chosen for your dressing area. Minimalistic holders in bold colors and abstract shapes will seem to rise right out of a sleek, modern desk, for instance, while a hand-carved wooden rack will look right at home on a rustic mahogany table.</li>\n<li>Jewelry can make a dazzling decorative touch on its own, even if you rarely get a chance to wear it.</li>\n</ul>\n"},{"title":"Set up a charging station for your electronics and styling tools.","content":"\n Give yourself easy access to an electrical outlet so you can plug in your phone or tablet while you’re freshening up. Do the same for your hair dryer, curling iron, laptop, speakers, and any other appliances you need to have close at hand. They’ll stay powered up and you’ll eliminate the need to make a million trips back and forth.\n<ul>\n<li>If open outlets are few and far between, a hidden power strip will make it possible to hook up more devices at once while also economizing the space you have available.</li>\n<li>Snap a selfie at your dressing table when you’re done fixing yourself up to check out your handiwork!</li>\n</ul>\n"},{"title":"Place your lotions and perfumes in a tray for ease of application.","content":"\n Deep trays with raised edges will work best, since they’ll ensure that everything remains upright. Arrange the bottles from biggest to smallest, or order them into neat sections according to their purpose. Feeling and smelling irresistible will then be as simple as working your way down the line.\n<ul>\n<li>If you’ve got too many products to fit into a single tray, go through and throw out anything you don’t use to determine which ones make the cut.</li>\n<li>For a more picturesque presentation, transfer your liquid beauty products to ornate glass containers. Don’t forget to label or color-coordinate the containers so you’ll know what’s in them.</li>\n</ul>\n"},{"title":"Make use of a separate makeup mirror.","content":"\n These smaller mirrors magnify your reflection slightly, which can come in handy for detail-oriented tasks like applying mascara, tweezing, and checking for blemishes. Clear some space near the center of the table where you'll have no problem focusing on your finer features. You can move your mirror around as needed to make room for other supplies.\n<ul>\n<li>Look for makeup mirrors in shapes, sizes, and frame materials that complement your other furnishings.</li>\n<li>Many makeup mirrors also include convenient built-in lighting elements, eliminating the need to tilt your face at impossible angles or rely on a harsh overhead fixture.<sup id=\"_ref-15\" class=\"reference\" aria-label=\"Link to Reference 15\"><a href=\"#_note-15\">[15]</a><span class=\"ts_popup \" hidden=\"\" id=\"ts_popup_15\" style=\"display: none;\">\n\t<span class=\"ts_close\">X</span>\n\t\t<span class=\"ts_name\">Research source</span>\n\t\t<span class=\"ts_description\"></span>\n\t\t\t\t<a href=\"#\" class=\"ts_source\" target=\"_blank\" rel=\"nofollow noreferrer noopener\"></a>\n\n</span>\n</sup>\n</li>\n</ul>\n"}]}],"questions":[{"title":"Where should I keep my jewelry if I don't have a vanity?","content":"You could hang necklaces on just about anything. For earrings, rings, bracelets, etc., you could find an empty drawer. Or you could get a jewelry box. If you do use a drawer, you might have to do some reorganizing. I have a small bowl I put all my bracelets in. Keep in mind that if you put your necklaces in a drawer, they will tangle up."}]}