{"meta":{"description":"Christmas-themed mason jars are easy to make with simple steps and minimal supplies. Paint a mason jar and use it as a flower vase or make an ordinary cookie jar into a holiday themed snow globe! Christmas jars are perfect for incorporating holiday cheer into your home or gifting them to friends and family.","title":"Decorate Jars for Christmas"},"todo_list":[{"title":"Painting a Candy Cane Vase","tasks":[{"title":"Place masking tape or blue painter's tape diagonally across a red or green mason a jar.","content":"\n Starting at the bottom of the jar, stretch the tape diagonally towards the top of the jar and repeat every 2 inches for even spacing. The tape will act as a stencil for perfectly uniform candy cane stripes.\n\n"},{"title":"Apply Mod Podge to help white paint appear more white.","content":"\n So that your white paint will be more vibrant against colored glass, apply a layer of Mod Podge with a small paint brush on exposed glass sections and allow it to dry. \n"},{"title":"Apply 2 layers of white paint over the Mod Podge.","content":"\n Both chalk paint and acrylic enamel paints are water based, quick to dry and perfect for painting on glass. With the same small brush, apply a layer of white paint over dried Mod Podge. Allow the first later of paint to dry, then apply another coat. \n"},{"title":"Remove the tape once your paint is dry.","content":"\n Now that you have neatly stenciled and painted your jar, carefully remove the masking or blue painter's tape to reveal green and white or red and white candy stripes! \n"},{"title":"Add twine or grapevine wire and small jingle bells.","content":"\n To add some extra character, string 2 jingle bells in complementary colors along a piece of brown twine or grapevine wire. Wrap the piece of twine 2 or 3 times around the neck of the jar, then tie in a neat bow. The final touch is adding a bouquet of flowers! \n<ul>\n<li>Chalk paint is a good substitute if you are doing this project with kids</li>\n<li>Suggested color combinations for jungle bells are: silver bells for both red and green stripes, red bells with green stripes and green bells with red stripes.</li>\n</ul>\n"}]},{"title":"Making a Red-Nosed Reindeer","tasks":[{"title":"Construct the antlers out of brown pipe cleaners.","content":"\n Wrap 1 brown pipe cleaner around the mouth of a jar. Bend 2 more pipe cleaners into the shape of antlers. Attach the antlers on either side of the jar and secure them by bending the ends around the circled pipe cleaner. Use a hot glue gun to secure antlers.\n"},{"title":"Apply wiggly eyes and a red pom pom as the nose.","content":"\n With your hot glue gun, secure 2 wiggly eyes and 1-inch red pom pom in the front of the jar to make a cute face. It's easiest to configure the wiggly eyes and pom pom into a triangle- wiggly eyes right next to each other and the red pom directly under the two eyes. \n"},{"title":"Fill the jar with your hot chocolate mix or other chocolate treat.","content":"\n To make the brown face of the reindeer, choose a chocolate treat or a homemade hot chocolate mix and your jar can now double as a treat container! \n"}]},{"title":"Turning Any Type of Jar Into a Snow Globe","tasks":[{"title":"Glue a figurine to the bottom of a cookie jar.","content":"\n This project will work with any type of wide-mouth jar, whether it's a cookie jar or mason jar. With a hot glue gun, secure the base of small figurines like a pine tree, lamp post, reindeer or a snowman to the bottom of your jar. If you are using a mason jar, an interesting twist is to flip it on its lid and glue your figurines to the underside of the lid. \n<ul>\n<li>Figurines can be found in the Christmas section of most one-stop stores or a crafting store. <sup id=\"_ref-9\" class=\"reference\" aria-label=\"Link to Reference 9\"><a href=\"#_note-9\">[9]</a><span class=\"ts_popup \" hidden=\"\" id=\"ts_popup_9\" style=\"display: none;\">\n\t<span class=\"ts_close\">X</span>\n\t\t<span class=\"ts_name\">Research source</span>\n\t\t<span class=\"ts_description\"></span>\n\t\t\t\t<a href=\"#\" class=\"ts_source\" target=\"_blank\" rel=\"nofollow noreferrer noopener\"></a>\n\n</span>\n</sup>\n</li>\n<li>You can use a combination of a snowman and a lamppost or a toy truck and a Christmas tree to complete your mini Christmas scene. <sup id=\"_ref-10\" class=\"reference\" aria-label=\"Link to Reference 10\"><a href=\"#_note-10\">[10]</a><span class=\"ts_popup \" hidden=\"\" id=\"ts_popup_10\" style=\"display: none;\">\n\t<span class=\"ts_close\">X</span>\n\t\t<span class=\"ts_name\">Research source</span>\n\t\t<span class=\"ts_description\"></span>\n\t\t\t\t<a href=\"#\" class=\"ts_source\" target=\"_blank\" rel=\"nofollow noreferrer noopener\"></a>\n\n</span>\n</sup>\n</li>\n</ul>\n"},{"title":"Fill the bottom of the cookie jar with \"snow.","content":"\n\" Place faux snow or epsom salt on the bottom of the jar, enough to cover the base of the figurine. Epsom salt can be purchased at a dollar store or online. Faux snow can be found at any crafting store and also online. \n"},{"title":"Fill your jar with \"snow\" first before adding small toys without a base.","content":"\n Your snow globe jar can also be decorated with small toys or ornaments. If your item doesn't have a base that can be glued to the bottom of the jar, place your epsom salt or faux snow in first, then place your toy on top of the snow. \n<ul>\n<li>This project can serve as a charming kitchen accent for a counter top or as a gift</li>\n<li>You may want to look for miniature vintage items, such as a toy truck or ornaments, on your preferred online shops or an antique store.</li>\n</ul>\n"}]}],"questions":[]}