{"meta":{"description":"When your home begins to feel outdated, the first thing that probably jumps into your mind is a renovation. And while you might be discouraged after you start tallying the costs, don't abandon the idea just yet! With a bit of creativity, you can decorate your home without spending any money by reorganizing your space and repurposing old household items.","title":"Decorate Your Home Without Spending Money"},"todo_list":[{"title":"Reorganizing Your Space","tasks":[{"title":"Pile throw pillows onto your couch to make the room more inviting.","content":"\n Find a room with a couch as the main focus, such as the living room or guest room. Gather enough pillows to cover the entire horizontal length of the couch and arrange them on the sofa to provide comfort.\n<ul>\n<li>Choose pillows with varying patterns to create a mismatched look.</li>\n<li>Select complementary colors for a more cohesive look.</li>\n</ul>\n\n"},{"title":"Lay mirrors against your walls if you can't put holes in them.","content":"\n For homes with brick walls or people that don't want to use a hammer and nails, lay large mirrors against the walls. Angle them a bit to create the visual illusion that the ceiling line is higher than it actually is. Mirrors also brighten rooms by reflecting light and create the illusion of an additional window.\n<ul><li>Use mirrors in living rooms or spaces that need additional light.</li></ul>\n"},{"title":"Move cluttered furniture","content":"\n<a href=\"/Decorate-an-Oddly-Shaped-Living-Room\" title=\"Decorate an Oddly Shaped Living Room\"><b class=\"whb\">Move cluttered furniture</b></a> If all your wall space is taken up by furniture, move some of the furniture 2 to 4 feet (0.61 to 1.22 m) from the wall to make the room seem larger. Group them together to create focal points that encourage different activities. Try and ensure that there are at least a few open spaces on the wall without furniture.\n<ul><li>Group chairs near the coffee table to encourage conversation. For couches, pull them a bit forward. This makes it easier to move around them and encourages people to take a quick seat and leave as they please.</li></ul>\n"},{"title":"Select a color scheme for the items on your mantle to create a room theme.","content":"\n Choosing a common color for items on your mantle is a great way to unify unrelated objects with a theme. Select a color that stands out among the furniture in the room and begin searching your home for items in this color family. Books, plates, pottery, and pitchers are all great choices.\n<ul><li>Consider the other colors in the room. For example, if your home has a black and white theme, select these colors for items like plates, picture frames, vases, and small bowls.</li></ul>\n"},{"title":"Organize your plants creatively to make them stand out.","content":"\n Find smaller plants that you can grow and nurture and cluster them together to give the illusion of space. Display and hang them at different heights. When they start getting bigger, transfer them into larger pots.\n<ul>\n<li>Cheap indoor plants include pothos, aloe, spider plants, jade plants, and rubber trees.</li>\n<li>Ask friends with succulents if you can use their cuttings to <a href=\"/Propagate-Succulents-from-Leaves\" title=\"Propagate Succulents from Leaves\">propagate new ones</a> and save some money.</li>\n</ul>\n"},{"title":"Group your displays in odd numbers to liven them up.","content":"\n Odd numbers are more visually appealing than even because they force your eyes to explore the grouping. Place any objects or frames you have on display in odd-numbered groups like threes or fives. For example, if you have 4 picture frames above your fireplace, remove one!\n<ul><li>You can also apply this rule to your furniture groupings, objects on countertops, and the number of patterns in each room.<sup id=\"_ref-7\" class=\"reference\" aria-label=\"Link to Reference 7\"><a href=\"#_note-7\">[7]</a><span class=\"ts_popup \" hidden=\"\" id=\"ts_popup_7\" style=\"display: none;\">\n\t<span class=\"ts_close\">X</span>\n\t\t<span class=\"ts_name\">Research source</span>\n\t\t<span class=\"ts_description\"></span>\n\t\t\t\t<a href=\"#\" class=\"ts_source\" target=\"_blank\" rel=\"nofollow noreferrer noopener\"></a>\n\n</span>\n</sup>\n</li></ul>\n"},{"title":"Install a curtain rod","content":"\n<a href=\"/Install-Curtain-Rods\" title=\"Install Curtain Rods\"><b class=\"whb\">Install a curtain rod</b></a> This is a great way to make the room seem taller. Select rods that extend 2 to 3 inches (5.1 to 7.6 cm) beyond the sides of the window frame for a traditional look. To make the window look wider, extend the rod 10 to 15 inches (25 to 38 cm) beyond the edges. Use 95 in (240 cm) curtains so that they are long enough to touch the floor and place the rod brackets about 8 inches (20 cm) above the window frame.\n<ul>\n<li>Measure window width horizontally at 3 points and take note of the longest measurement. Sketch it prior to purchasing your curtains for reference.</li>\n<li>Install wall anchors if the bracket installation locations don’t line up with wall studs.</li>\n</ul>\n"}]},{"title":"Getting Creative with Household Items","tasks":[{"title":"Create artwork using old picture frames for aesthetic appeal.","content":"\n Gather your old picture frames and select the ones that match the theme of your home or room. Print out a picture or saying from the internet that you like and display it in your living room. You can also draw a picture or find an artistic picture in a magazine to display.\n<ul>\n<li>If you have picture wires, tie them across your old frames and hang some jewelry from them. Add additional wires to create more levels for the jewelry.</li>\n<li>For longer earrings, place the wires to the higher end of the frames.</li>\n</ul>\n"},{"title":"Add a makeshift table runner to update a small, plain table.","content":"\n Table runners are long, narrow cloths typically laid on top of a bare table or tablecloth. Find an old window treatment panel, a scrap piece of patterned fabric, or an oversized scarf. Lay it down horizontally across the width of the table to act as a makeshift table runner.\n<ul><li>Place candles, flowers, and mason jars with candy and snacks onto the table runner.</li></ul>\n"},{"title":"Stack up hardcover books to create a cheap side table.","content":"\n If you have enough hardcover books on the larger side, stack them up to create a unique side table. Try using books that are all the same size for more stability. Position them between chairs in the living area and top them off with a vase of flowers. This is especially useful if you have too many books to fit in your bookshelves.\n<ul>\n<li>Select books with similar color schemes to create a nice theme.</li>\n<li>Avoid using paperback books since they are more prone to fall over.</li>\n</ul>\n"},{"title":"Tie back your curtains","content":"\n<a href=\"/Tie-Curtains\" title=\"Tie Curtains\"><b class=\"whb\">Tie back your curtains</b></a> Curtain tiebacks are a great way to add some elegance and style to a window dressing. Search your closet for some old scarves and belts with similar shades or colors as your curtains. Install two <span class=\"frac nowrap\"><sup>3</sup>⁄<sub>4</sub></span> inch (1.9 cm) cup hooks on each side of your curtains to hold your tiebacks in place. You can purchase them from hardware stores.\n<ul><li>Install your curtain tiebacks about halfway to 2/3 of the way down the curtain, and around 3 inches (7.6&nbsp;cm) from the edge of the window.</li></ul>\n"},{"title":"Decorate your home with glass fruit jars for a natural appearance.","content":"\n Take any whole fruits you have in your kitchen and place them in glass jars. Try using jars with a width that can fit two fruits across. Fill each jar with water and place them around your home. Place similar colors together to create nice accents.\n<ul>\n<li>For example, place lemons in one glass jar and limes in another. Place the two next to each other for a nice contrast.</li>\n<li>Grab some branches with leaves from outside and place them into the glass jars with your fruits.</li>\n</ul>\n"}]},{"title":"Finding Free Items to Decorate With","tasks":[{"title":"Gather some decorations on a nature walk for earthy themes.","content":"\n Take a walk around the local park or nature reserve and look for some nice natural items. Look for sticks, flowers, and plants that would look nice in your home. Keep an eye out for twisting branches and things with a unique shape that you wouldn't find anywhere else. White and ivory colors are great additions to natural themes.\n<ul><li>Ask officials if you are allowed to take items when visiting nature reserves and conservation areas.</li></ul>\n"},{"title":"Keep on the lookout for free furniture whenever possible.","content":"\n Look for couches and furniture that people are throwing out in your neighborhood. Scour the free section of online classifieds. If you have friends looking to get rid of furniture, take them!\n<ul><li>Post on social media to let your friends and followers know you are interested in used furniture. You never know what people are prepared to throw away!</li></ul>\n"},{"title":"Visit a thrift store for cheap furniture as a last resort.","content":"\n If you're having trouble finding furniture and decorations, visit a thrift store. Look for chairs, couches, tables, plates, and anything else that you have on your mind. Keep your expectations low and remain open-minded and you'll have an easier time finding things.\n<ul><li>Keep visiting on a regular basis—you never know what will pop up!</li></ul>\n"}]}],"questions":[{"title":"How can I make the front of my house look good?","content":"In addition to bringing in nature and purifying the air, plants add dimension and color to your space. They can also help you feel more soothed, relaxed, and calm. For instance, try putting a plant on your entryway table, on a bathroom ledge, or on a plant stand in a stairwell corner."}]}