{"meta":{"description":"Bay windows bring a unique style element to a room and a home. From the outside, they provide detail to the house. Inside, their size and structure can provide additional light, as well as an interesting visual element. Decorating them can be a challenge due to the way the 3 window panes relate to one another, and the way they push out of the house's otherwise linear frame. To avoid hiding the window, or overdoing its décor, dress a bay window simply and elegantly. There are several ways to accomplish this.","title":"Dress a Bay Window"},"todo_list":[{"title":"Putting Up Rods","tasks":[{"title":"Decide where to put the rods.","content":"\n The rods to hold your window dressing can be placed in several different locations creating a different look for your bay window. Deciding where to install the rods is the first step to getting a great window dressing.\n<ul>\n<li>You can install the rods on the wooden frame of the window using brackets.</li>\n<li>You can install the rods underneath the wooden frame of the window by using tension rods pressed between the sides of the window frame.</li>\n<li>You can also install the rods above the window by using brackets attached to the wall. You can make the rods extend a bit wider than the window to create the illusion of a bigger window.</li>\n</ul>\n\n"},{"title":"Measure your window.","content":"\n To get curtains to look great on a bay window, it’s important to get an accurate measuring of the windows. Use a tape measure to find the length and width of the windows. Start by measuring the width of the window to know how long the rods should be. Then measure the length of the window to determine the minimum length for the curtains. Write down the measurements on paper so can easily access them when you need them.\n<ul>\n<li>Where you plan to install the rods determines how you measure the width of the windows. If you’re planning on installing the rods on the window frame, measure the width of the top frame of the window. If you’re planning on installing tension rods underneath the top frame, measure the width from the inside of one side’s frame to the inside of the other side’s frame. If you plan to install the rods on the wall above the window, measure the width from where you want one bracket to be to where you’ll want the other. Try to have the rod extend the same amount outside each side of the window if you choose to install brackets on the wall.</li>\n<li>Make sure the tape measure runs straight across when you take measurements to ensure you get the most accurate measurement.</li>\n</ul>\n"},{"title":"Choose the type of rods you want.","content":"\n When choosing your curtain rods and tracks you need to know whether the curtains will pass around the whole of the bay window. If using non passing brackets then the curtains will need to be in multiple sections otherwise you cannot cover the windows with your soft furnishings. Use either a bay window curtain pole  or choose curtain tracks to bend effortlessly around your track. Ensure to get a bendable curtain track."},{"title":"Curtain rods come in many different colors, sizes, and styles.","content":"\n Your window will have a different look depending on the type of rod you decide to install. Think about what look you are going for when you consider choosing the curtain rods.\n<ul>\n<li>You can pick a rod similar in color to your walls or window frame to create a smooth, blended look.</li>\n<li>Choosing a dark colored rod when you have a light colored window frame or walls will give you a bold contrast for an upscale look.</li>\n<li>Thick rods can give a playful look, but for a more traditional feel choose a thinner rod around 1 inch in diameter. Rods thinner than 1 inch can sometimes look rather cheap and take away from the nice effect of a dressed window.</li>\n</ul>\n"},{"title":"Install the rods.","content":"\n Mount the rods above the window frame using a drill and screwdriver. A laser level helps ensure you are mounting the rod straight.\n<ul>\n<li>Mark the location where you want to hang your mounting brackets with a pencil.</li>\n<li>Drill a hole in the drywall where the brackets will be mounted.</li>\n<li>Insert a plastic wall anchor into the hole. Use an anchor that is rated for at least 25 lbs.</li>\n<li>Screw the mounting brackets into the wall anchor.</li>\n<li>Hang the rod on the mounting brackets.</li>\n</ul>\n"}]},{"title":"Choosing Blinds or Shades","tasks":[{"title":"Choose a type of shade.","content":"\n Shades can add a look of elegance to a window and are also useful to block out the sun and summer heat. Consider what type of look you want in your window when choosing blinds or shades.\n<ul>\n<li>Plastic blinds can be an economical and practical choice.</li>\n<li>Wooden plantation shutters give a look of elegance.</li>\n<li>Bamboo or cloth blinds can provide a rustic look.</li>\n</ul>\n"},{"title":"Coordinate with your paint colors.","content":"\n Choose a color that matches or compliments the color scheme on the walls of the room. The window should be an accent point but you don’t want it to clash with the other colors in the room.\n"},{"title":"Consider how often you will open the blinds.","content":"\n Many blinds can become easily tangled or damaged with heavy use. If you plan to open your blinds daily and will be adjusting the light in your window using the blinds, make sure you pick blinds that are easy to open and maintain.\n"},{"title":"Mount the blinds.","content":"\n Blinds and window shades come with mounting hardware when they are purchased. Most blinds are mounted inside the window frame. Use a screwdriver, drill, or hammer to mount the blinds according to the manufacturer’s instructions.\n"}]},{"title":"Adding Curtains","tasks":[{"title":"Choose a fabric for your curtains.","content":"\n Many fabric types can be used to create curtains. Consider how heavy the fabric is to allow it drape properly when hanging from a window.\n<ul>\n<li>Hold up a sample of fabric at least 2 yards long.</li>\n<li>Crimp the fabric like an accordion and observe how it flows to the floor.</li>\n<li>Heavy fabrics may fall flat while lighter fabrics can become overly flared when crimped.</li>\n<li>Linen, silk, and, velvet are commonly used for curtains and produce a nice drape when hung.</li>\n</ul>\n"},{"title":"Add lining and interlining to the curtain.","content":"\n A piece of felt can be inserted between the inner and outer layer of the curtain fabric as a bump to provide body and fullness. A lining will also help your curtains maintain the temperature of your home.\n<ul>\n<li>Have a piece of felt sewn between the front and back of the curtain to create a three layer curtain.</li>\n<li>Lining will help prolong the life of your curtains and make them appear fuller.</li>\n</ul>\n"},{"title":"Pick a color for your curtains.","content":"\n Curtains can be solid colors or decorative prints. Let your curtains provide an accent to your room to make the window dressing pop.\n<ul>\n<li>Be aware that sunlight make make the colors of your curtains fade over time.</li>\n<li>Neutral colors can blend with the decor of any room.</li>\n<li>Avoid busy prints or your window may look overly gaudy.</li>\n<li>Colors complimentary to your wall colors work well. Bring a sample of the wall paint color when choosing fabric colors for your curtains.</li>\n</ul>\n"},{"title":"Pick the length of your curtains.","content":"\n Measure the height of your windows. Decide if you want the curtains to stop just below the window frame or extend to the floor. Curtains can be either length depending on the desired look for the window.\n<ul>\n<li>Try hanging a sheet and folding it different lengths to test whether you want window or floor length curtains.</li>\n<li>Make sure to buy extra length of fabric to account for seams and hems.</li>\n</ul>\n"},{"title":"Hang the Curtains.","content":"\n Slide the curtains over the rods to hang them in front of the window. Add one curtain to either side of the hanging rod.\n<ul>\n<li>Bunch the curtains along the rod to give them a fuller look.</li>\n<li>Tie a ribbon around the middle of the curtains to drape them partially open.</li>\n</ul>\n"}]}],"questions":[]}