{"meta":{"description":"A den should be the perfect place to relax, but what works for your neighbor may not work for you. Pick a color scheme and furniture style that you find comfortable. As you arrange the furniture, think about how the space will be used by each person in the house.","title":"Furnish a Den"},"todo_list":[{"title":"Furnishing a Den","tasks":[{"title":"Choose a color scheme.","content":"\n It's your den, so choose colors that make you relaxed. Keep in mind that dark walls make a room look smaller, which may make a small den feel cramped. A large den, on the other hand, might benefit from the coziness of dark wall paint.\n<ul>\n<li>If you're not sure what to choose, go with a neutral color for the wall paint. Cream, light gray, or light brown are unobjectionable and work with most furniture.</li>\n<li>If the walls are already painted and you're not sure which colors they go with, get white or light-colored furniture. You can easily add color later with cushions and throws.</li>\n<li>Bright, fluorescent colors are harsh on the eye, especially reds, oranges, and yellows. Even in a bright, high-energy den, keep these to pillows and throw rugs, not entire walls and couches.</li>\n</ul>\n\n"},{"title":".","content":"\nDivide the room with rugs If you have a large, open plan den, start by deciding how to divide it. One easy way to do this is to lay down one rug for each area of the den. For instance, lay down one rug where couches will surround it, and another where the game table will go.\n<ul><li>Thick, plush rugs make the den more comfortable and luxurious.<sup id=\"_ref-1\" class=\"reference trusted\" aria-label=\"Link to Reference 1\"><a href=\"#_note-1\">[1]</a><span class=\"ts_popup trustedsource\" hidden=\"\" id=\"ts_popup_1\" style=\"display: none;\">\n\t<span class=\"ts_close\">X</span>\n\t\t<a class=\"ts_trustworthy\" href=\"/wikiHow:Delivering-a-Trustworthy-Experience\">Expert Source</a>\n\n\t\t<span class=\"ts_name\"></span>\n\t\t\t<a class=\"ts_expert_link\" href=\"/Experts?name=tayawright%2Cnapo%2Cresa#tayawright%2Cnapo%2Cresa\"><span class=\"ts_expert_image\"><picture><source type=\"image/webp\" srcset=\"/images/thumb/a/a3/Taya_Wright.png/-crop-100-100-100px-Taya_Wright.png.webp\"><img src=\"/images/thumb/a/a3/Taya_Wright.png/-crop-100-100-100px-Taya_Wright.png\" alt=\"Taya Wright, NAPO, RESA\" loading=\"lazy\" width=\"30\" height=\"30\" style=\"max-width: 30px\"></picture></span>Taya Wright, NAPO, RESA<br><span class=\"ts_blurb\">Professional Home Stager &amp; Organizer</span></a>\n\n\t\t<span class=\"ts_description\">Expert Interview.  2 April 2020.</span>\n\n</span>\n</sup>\n</li></ul>\n"},{"title":"Choose a focal point.","content":"\n Each room or area of a room should have a focal point to design around. For a den, this is usually a television or fireplace. If you don't have any large objects like this, choose a wall and make it stand apart with a different color, heavy curtains, or large wall art.\n"},{"title":"Arrange furniture around the focal point.","content":"\n Arrange seating so it faces the focal point, but place it in a semi-circle or rectangle to encourage conversation. L-shaped couches work great here. Provide coffee tables or side tables within reach of each seat.\n"},{"title":"Add additional seating.","content":"\n Assuming there's room, keep a couple comfortable chairs or a small couch arranged away from the focal point, for people who prefer solitary activities such as reading.\n"},{"title":"Address other needs.","content":"\n You might need a television, bookcase, or gaming table, depending on what you use the den for. For extra fun, install a movie projector or a minibar.\n"},{"title":"Arrange the lighting.","content":"\n Place a lamp about every ten feet (3 meters) throughout the den, or next to any reading seats. Keep the overhead lighting warm, and consider installing a dimmer switch. Harsh overhead lighting kills any sense of comfort.\n"},{"title":"Finish with additional decor.","content":"\n To add more color and coziness to the room, add pillows and decorative objects. Decorative glass jars, candles, and flowers are all good ways to add color. For a more austere look, go with a small number of objects all in the same shade.\n<ul><li>Decorate the walls as well. Wall hangings, paintings, or photographs add character to the room.</li></ul>\n"}]},{"title":"Example Dens","tasks":[{"title":"Furnish a classy den.","content":"\n For a sophisticated place to relax, use rich, warm wood tones. Arrange a bookcase, a brown leather couch, and a dark wood side table over a thick plush rug. Install a dimmer switch and a great speaker system for a movie theater effect.\n<ul><li>If the result looks gloomy or harsh, hang patterned curtains along one wall, or add a solid color throw rug in front of the couch.</li></ul>\n"},{"title":"Create modern comfort.","content":"\n Even a den with a more masculine design needs a little shine and lightness. Keep the thick rug and soft couch, but add a glass and metal coffee table. Keep a minibar underneath a thin, tall legged side table, and hang metal wall art as a focal point.\n"},{"title":"Make a family living space.","content":"\n Position enough seats for the whole family, in a circle around a fireplace or television. Include activities for everyone: games, books, television, and music. Make the space a little warmer with light-colored throws over the couch, and a bookshelf with decorative knickknacks between the books.\n"}]}],"questions":[{"title":"What should I put in a den?","content":"Support wikiHow by unlocking this expert answer.\nPutting a high pile rug that's thick and soft can make your den feel really cozy."}]}