{"meta":{"description":"Interior decorators, also known as home decorators, work with homeowners or business owners to furnish and adorn an interior space according to their preferences. The decorator must usually work within a budget and order the necessary design elements for their clients. The demand for home decorators ebbs and flows with the housing market. It may be important to establish yourself as a home decorator in a place where the housing market is flourishing. Getting jobs as a decorator requires that you have a good eye, a portfolio and excellent communication skills. The steps you take in becoming a home decorator may decide how easily you get a job in the future. Learn how to get a job as a home decorator.","title":"Get a Job as a Home Decorator"},"todo_list":[{"title":"Becoming a Home Decorator","tasks":[{"title":"Train your eye.","content":"\n Visit art galleries, old homes, open houses, museums and other spaces that have been professionally decorated to get an idea of what elements go well together. Subscribe to interior decorating magazines like Elle Décor, House Beautiful, Architectural Digest, Veranda, Traditional Home and Better Homes & Gardens to get an idea of the latest trends in the business.\n\n"},{"title":"Seek out formal education or training.","content":"\n In order to learn about decorating styles, working with distributors, window treatments and other important elements of decorating, you can enroll in community college or university courses, seek out an online certification or take classes at conferences. People with associate's, bachelor's and master's degrees have an advantage on the job market over less trained competitors.\n<ul><li>There is a marked difference between becoming a home decorator and becoming a certified interior designer. Namely, the former does not require any formal education, while the latter requires a post-secondary degree.</li></ul>\n"},{"title":"Become an apprentice or intern.","content":"\n Instead of seeking formal education in a class setting, you can get a job as an apprentice or assistant to an interior decorator in your area. On the job training will teach you the guidelines of working with clients, businesses, retailers and products.\n"},{"title":"Practice at home.","content":"\n Choose 1 or a number of rooms to be a canvas that you can decorate. Take photographs of your spaces as you decorate in each style to serve as portfolio designs.\n"},{"title":"Volunteer to decorate the homes of family members and friends.","content":"\n Even though you are offering your services for free, you will be dealing with a client's budget and getting valuable practice of decorating and delivering a product by a deadline. Use every room for a page in your portfolio.\n<ul><li>Consider hiring a professional photographer to photograph your decorated spaces. Your portfolio should be a professional document, filled with photographs that convey your designs. Although this may seem like an excessive expense before you begin working for a fee, this investment will pay off when you are interviewing with clients.</li></ul>\n"},{"title":"Create a professional portfolio.","content":"\n This portfolio can be a bound book and/or a website. The following are important elements for your portfolio:\n<ul>\n<li>Include professionally photographed before and after pictures of 15 to 20 spaces that you have decorated. These samples should show a breadth of your work, by showing a wide variety of decorating styles.</li>\n<li>Create design boards. Include samples of flooring, textiles, tiles and other samples that your recommend to your clients to cater to their style. Spend time creating boards that you can clip into your portfolio or include in a separate book. Affix the samples to the boards in a professional, clean way.</li>\n<li>Include references. Ask pleased customers to give their opinions on your work. Referrals will be one of your main sources of work, so developing positive relationships with your previous clients will be important.</li>\n</ul>\n"}]},{"title":"Getting a Home Decorator Job","tasks":[{"title":"Become a member of a decorator association.","content":"\n Research Certified Interior Decorating International (CID), Interior Redecorators Network (IRN), the Association of Design Education (ADE) or the  Canadian Decorators Association (CDECA). Become a paid member and receive access to discounts, training courses and job listings.\n"},{"title":"Start networking with architecture firms, home builders and interior design companies.","content":"\n Introduce at conferences, conventions, cocktail hours and more. Research companies in your area and take every opportunity to get to know employees on a first name basis.\n<ul><li>Also contact alumni and professors at schools where you received training. Your school may have an alumni network that can help with job placement.</li></ul>\n"},{"title":"Send your resume to individual employees at each architecture, Décor or design company.","content":"\n As well as applying for jobs that are listed, you should ask them to keep your resume on file.\n"},{"title":"Invest in marketing.","content":"\n In order to get your name into circulation, you should have a professional website, business card, resume and possibly a showroom.\n"},{"title":"Choose if you want to look for a job with a company or if you want to be a freelancing home decorator.","content":"\n If you want to freelance, you will need to invest more in marketing and be constantly looking to set up your next contract.\n"},{"title":"Visit and apply for jobs at showrooms.","content":"\n Furniture, tile, tapestry and other producers stock storerooms so that they can show their goods to potential buyers.\n"},{"title":"Apply for a job at a temp agency.","content":"\n These agencies may be able to find you a Décor related job to tide you over while you look for home Décor jobs.\n"},{"title":"Sign up for a listing on Angie's List.","content":"\n This site may cost a membership fee, but you will be able to bid on contracts for home decoration. Reviews of your previous work or links to your website will also be listed.\n"},{"title":"Search online job postings for home Décor jobs.","content":"\n Be prepared to do some travel in order to get a home Décor contract. You should look for jobs where there is a housing boom.\n"},{"title":"Form alliances with other businesses.","content":"\n As you get more contracts, work with architecture firms, Décor stores and contractors on starting a mutually beneficial partnership. Recommend their services in person and on your website, if they agree to recommend yours.\n"},{"title":"Pay to have a booth a home improvement shows, sustainable building meetings or conferences.","content":"\n Research shows in your area that bring homeowners to you. You may need to pay a booth fee in order to have access to customers.\n"}]}],"questions":[{"title":"How much money do interior designers get paid?","content":"The Bureau of Labor Statistics reports that interior designers earned $52,810 on average in May 2011. Workers in the occupation earned an average wage of $25.39 an hour. The top 10 percent of workers made more than $86,430 a year, while the bottom 10 percent earned less than $25,720."}]}