{"meta":{"description":"Garland is a fun and festive decoration for mantles, doorways, and even staircases! You can quickly and easily make your staircase look more festive by wrapping, draping, or weaving the garland and adding your own personal touches.","title":"Hang Garland on Stairs"},"todo_list":[{"title":"Placing the Garland","tasks":[{"title":"Measure the banister to see how much garland you’ll need.","content":"\n Hold the measuring tape at one end of the banister, and measure each section of the banister. Since you’ll either be draping or wrapping the garland, add about 1 foot (0.30 m) to your measurements for every 3 feet (0.91 m) of banister.\n<ul><li>For example, if you have a banister that is 15 feet (4.6&nbsp;m) long, you would purchase 20 feet (6.1&nbsp;m) of garland.</li></ul>\n\n"},{"title":"Create a classic “swag” look by letting the garland sag between spindles.","content":"\n Interior designers use this look often because it’s very classic and reminds many people of the holidays! Secure the garland at every third or fourth spindle and let it sag between those points. The dips in the garland are called swag!\n<ul>\n<li>The amount of swag in between each point depends on your preference. You can make the drops as large and dramatic or as small and quaint as you’d like!</li>\n<li>Larger drops between the points will use more garland, so make sure you have enough on hand if you’re planning on going for a dramatic look.</li>\n</ul>\n"},{"title":"Wrap the garland around the banister for a festive holiday look.","content":"\n Many people use this method because it helps to make a typically not-festive part of the house very festive! Wrap the garland tightly between every baluster, or keep it loose for a more laid-back look.\n<ul><li>This method does restrict the use of the handrail, so be careful when using the stairs!</li></ul>\n"},{"title":"Lay the garland straight along the banister for an easy decorating trick.","content":"\n This method is easy, quick, and uses the least amount of garland. Simply lay the garland on top of the banister and secure it at either end.\n<ul><li>The garland will also cover the handrail, but you can still carefully grab onto it if needed.</li></ul>\n"},{"title":"String the garland at the bottom of the spindles for for a modern look.","content":"\n Run the garland opposite of the handrail, on the lower part of the spindles. Be sure to weave the garland in and out of the spindles to secure it along the floor. Lowering the garland allows for more use of the hand rail, but still makes your stairs look festive!\n<ul>\n<li>For a fuller look, weave two strands of garland in opposite directions to completely cover the bottom of the spindles.</li>\n<li>Be careful when walking on the stairs, especially if you have children. Decorations from the garland can easily fall off onto the stairs and cause you to trip.</li>\n</ul>\n"}]},{"title":"Securing the Garland","tasks":[{"title":"Secure one end of the garland to the end of the banister with a zip tie.","content":"\n Place one end of the garland at the top of your staircase. Wrap a zip tie around the end of the garland and the banister and pull it tight.\n<ul>\n<li>Many stores sell special Velcro for hanging garland. It tends to be more expensive and zip ties can accomplish the same thing!</li>\n<li>Some stores sell green zip ties as a seasonal item. Keep an eye out in the holiday decor section!</li>\n<li>Be sure to leave a tail at the end of the garland so that it doesn’t slip through the zip tie. Your tail can be long for a more dramatic look, or short for a cleaner look!</li>\n</ul>\n"},{"title":"Attach the garland to the banister with a zip tie every 2 ft (0.61 m).","content":"\n Place the zip ties every few feet to ensure that the garland won’t fall down, and make sure they’re secured tightly!\n<ul><li>If your garland is heavily decorated, you may need more than one zip tie to hold it in place and keep it from falling.</li></ul>\n"},{"title":"Clip off the ends of the zip ties with a pair of sharp scissors.","content":"\n Once all of your garland has been secured to the banister, go back and snip off all of the ends of the zip ties so that they aren’t sticking out from the banister. Try to cut them as close to the “lock” as possible, and then spin them around the banister so that the lock and part you just cut are hidden in the garland.\n<ul><li>Dull scissors probably won’t work for cutting the thick plastic, so use a pair of sharp kitchen or floral scissors.</li></ul>\n"},{"title":"Cover the zip ties with floral wire or tape.","content":"\n If the appearance of the clear or colored zip ties on the banister bothers you, use green floral wire wrapped around the zip ties to conceal them. Alternatively, you can use green floral tape wrapped around the zip ties, but be sure you don’t tape onto the banister, as it can cause discoloration!\n<ul><li>You may need to cut off the ends of the floral wire with your scissors so they aren’t sticking out from the garland.</li></ul>\n"}]},{"title":"Adding Decorations","tasks":[{"title":"Wrap lights around the garland for a festive look.","content":"\n Before hanging the garland, string lights around the boughs to create a lighted focal point on the stairs. If you’ve already hung the garland, you can drape the lights over and around the boughs for a more casual look.\n<ul><li>If you don’t want to bother with hiding the wires of the lights, use battery-operated fairy lights, which tend to come on a thin, metal wire that’s easy to conceal in the branches.</li></ul>\n"},{"title":"Tie bows","content":"\n<a href=\"/Make-a-Bow-Out-of-a-Ribbon\" title=\"Make a Bow Out of a Ribbon\"><b class=\"whb\">Tie bows</b></a> This is a great and festive way to hide zip ties. Use ribbon to tie large bows on the places where the garland is secured to the banister.\n<ul>\n<li>Your bows can be as small or as large as you’d like. Larger bows tend to look more dramatic and will complement garland that has large dips.</li>\n<li>Choose colors like silver, gold, red, blue, or white to complement the season and stick out from green garland.</li>\n</ul>\n"},{"title":"Spray flocking powder on the garland to give the appearance of snowfall.","content":"\n Most craft stores sell fake snow in spray cans during the holidays. Take the garland outside and spray the entire length with the “snow,” focusing mostly on the ends of the branches. Let the flocking powder dry for an hour before hanging the garland on the stairs.\n<ul>\n<li>Never spray the garland in the house! The wet flocking will get everywhere and can stain the banister or your floors.</li>\n<li>You might have some shedding from the garland as people brush against them. If you’re worried about shedding, spray any brand of extra-strength hairspray over the garland to seal the “snow” in place.</li>\n</ul>\n"},{"title":"Hang ornaments on the garland to coordinate with your tree.","content":"\n Use ornament hooks to secure the ornaments in clusters of 3 or 4 bulbs of varying sizes. Simply thread the hook through the top of the bulb and then hook the bulb onto a piece the garland. Wrap the hook around the garland a few times for added security. \n<ul>\n<li>Pick bulbs of a similar color scheme to coordinate with the rest of your decorations!</li>\n<li>You could also decorate the garland with pine cones. Wrap wire or twine around the pine cone, then tie it to the garland or banister.</li>\n<li>Make sure the bulbs or pine cones are attached to the garland well, as they can fall when bumped. It might be helpful to wrap the hooks around the garland a few times to make sure they won’t fall.</li>\n</ul>\n"}]}],"questions":[{"title":"How do you hang garland on a staircase without a railing?","content":"Support wikiHow by unlocking this staff-researched answer.\nYou could attach the garland to the wall in your staircase using removable adhesive mounting hooks. Another option is to lay the garland along the stairs themselves."},{"title":"How do you hang garland on stucco?","content":"Support wikiHow by unlocking this staff-researched answer.\nIf you’re hanging the garland outdoors, attach it to the soffit or roofline instead of directly to the stucco. Put in some hooks or clips and hang the garland at the desired height with fishing line."},{"title":"How do you hang garland on a mantle without nails?","content":"Support wikiHow by unlocking this staff-researched answer.\nPut some adhesive hooks, such as command hooks, on your mantle. That way, you can easily detach them after you take the garland down!"}]}