{"meta":{"description":"Neon lights are great decorative pieces that can add atmosphere to any room in your home. They come in different colors, phrases, and designs that can make your home look like a cool club to hang out in. While the lights are a bit fragile, they’re also very simple to hang. With just a power drill, pencil, and some screws, you can mount your lights like a pro.","title":"Hang a Neon Light on the Wall"},"todo_list":[{"title":"Marking the Hole Locations","tasks":[{"title":"Get clips and hardware to hang the lights.","content":"\n If you bought your light set new, then the package should include hardware for hanging the lights. Check the package that yours came in and find the included hardware so you know what you’ll be working with. If you bought the light without clips, you can buy neon light clip sets from a hardware store or online. Check that the clips will fit on your lights before purchasing them. You'll also need screws or anchors to attach the clips to the wall.\n<ul>\n<li>For lights that aren’t attached to a pre-made backing, clips that hook around the lights are the most common hanging accessory. They might also come with plugs that have cut out slots that the lights sit in.</li>\n<li>Lights attached to a pre-made backing may have plugs that screw into the wall. You’d then mount the frame over these plugs.</li>\n<li>Always check the instructions that come with your lights. Different products may have specific hanging procedures.</li>\n</ul>\n\n"},{"title":"Attach the clips every 6 in (15 cm) along the lights.","content":"\n Before attaching the lights, check the instructions that came with your light set and see if they tell you to place the clips in specific locations and follow those instructions. If not, then work along the light design and attach a clip every 6 in (15 cm). Gently press the clips onto the back of the lights until they snap into place. Adjust the clips so they'll sit flat against the wall.\n<ul>\n<li>Be very careful when attaching the clips. The lights are thin and could break if you press down too hard.</li>\n<li>Some lights may already have the clips attached.</li>\n<li>If the lights came pre-mounted to a backboard, you don’t have to attach any clips to the lights.</li>\n</ul>\n"},{"title":"Press the lights against the wall in the location you want them.","content":"\n Find the spot that you want to hang your lights in. Hold them up and lightly press them against the wall where you want them. Use a level to confirm that the lights are straight.\n<ul>\n<li>Make sure the lights are in a safe place where no one will bump into them. They can easily break. Behind bars and above couches or TVs are popular spots.</li>\n<li>Neon lights usually aren’t heavy, so you don’t need to find studs to hang them. If you have a heavier sign with a solid backboard, then locate studs and insert the screws there.</li>\n</ul>\n"},{"title":"Poke a pencil through the clip holes to mark the screw locations.","content":"\n Keep the light pressed against the wall. Take a pencil and poke it through each hole on the clips to make a mark on the wall. This indicates where the screws will go.\n<ul>\n<li>This is much easier if you work with a partner. They can hold the lights up while you mark the holes.</li>\n<li>If the lights have a backboard, then you'll probably mark holes through the corners of the board. Hold the sign up where you want it and poke the pencil through the holes along the backboard to mark the screw locations.</li>\n<li>You could also use a marker for a more noticeable mark. You’ll be drilling through the dots anyway, so don’t worry about leaving a mark on the wall.</li>\n</ul>\n"}]},{"title":"Attaching the Lights","tasks":[{"title":"Drill pilot holes into each dot.","content":"\n Take the lights away from the wall and put them in a safe spot. Then take your power drill and attach a drill bit about 90% as thick as the screws or anchors you’re using. Drill into each dot to make pilot holes for the clip screws.\n<ul><li>You can install these lights on brick or concrete as well. Just use masonry drill bits and screws so they don’t break.</li></ul>\n"},{"title":"Install anchors in each hole if your lights came with them.","content":"\n Some light sets come with anchors for more wall support. These are usually metal tubes with grooves on the inside to hold the screw. If your lights came with these, push one into each hole.\n<ul><li>Anchors usually come with light sets that have an attached backboard.</li></ul>\n"},{"title":"Line the holes on the clips up with the holes in the wall.","content":"\n Hold the light back up to the wall. Line up each clip hole with the corresponding hole in the wall.\n<ul><li>This will again be easier if you have a partner to work with. They can hold up the lights and you can guide them to position them properly.</li></ul>\n"},{"title":"Drill screws into each hole slowly.","content":"\n When the holes are lined up, take a screw and insert it into the first hole by hand. Then use your drill and insert the screw the rest of the way very slowly to avoid damaging the light. Repeat this process until each clip or part of the backboard is attached.\n<ul><li>Continue holding the light up until all the screws are attached. The light might not be able to support its own weight if you let it go.</li></ul>\n"},{"title":"Hook the wires to the lights to illuminate them.","content":"\n When the lights are fully attached, it’s safe to connect them. Take the wires that came with the lights and make sure they’re unplugged. Hold one wire parallel with the electrode coming out of one side of the light, with the ends lined up. Then, twist the metal ends together and place a cap or wire nut over them. Do the same for the other wire and electrode on the light. Plug the wires into the wall and switch them on to admire your handiwork.\n<ul>\n<li>Check the instructions for the proper way to hook the wires together</li>\n<li>Do not hook up the lights before they’re attached to the wall. You could shock yourself if you make a mistake.</li>\n<li>Some lights may come with the wires attached already. In this case, make sure the lights are unplugged while you work.</li>\n</ul>\n"}]}],"questions":[]}