{"meta":{"description":"Curtains around your bed can give you a luxurious canopy look for a low price. However, if you live in a rental or don’t want to use power tools, then you won’t be able to drill holes in the ceiling. Luckily, you can still complete this project. With just a few adhesive hooks and some string, you can successfully decorate your bed with curtains.","title":"Hang Curtains Around a Bed Without Drilling"},"todo_list":[{"title":"Attaching Sticky Hooks to the Ceiling","tasks":[{"title":"Wipe down the ceiling surfaces above the bed corner with alcohol.","content":"\n Dust or dirt on the ceiling could prevent adhesive hooks from sticking properly. Pour some rubbing alcohol into a paper towel and wipe down the ceiling above each corner of the bed.\n<ul>\n<li>Don’t use a wood or glass cleaner. These products leave behind residue that make the adhesive strip weaker.</li>\n<li>Adhesive hooks need an even surface to stick properly. If you have a popcorn ceiling, then this method won't work and you'll probably have to drill into the ceiling.</li>\n</ul>\n\n"},{"title":"Make a pencil mark on the ceiling above each corner of the bed.","content":"\n Place a tape measure on the floor touching a bed corner. Then extend it straight up to the ceiling. Make a pencil mark in the spot that the tape measure touches. Repeat these steps for each corner of the bed.\n"},{"title":"Attach an adhesive strip onto the ceiling over each pencil mark.","content":"\n Adhesive hooks come with sticky strips. Peel the non-stick paper off one side of the strip and press it down onto the pencil mark you made. Hold it down for 30 seconds so it sticks completely. Do the same for all 4 marks.\n<ul>\n<li>Get a product with a solid hook that doesn't move. Some adhesive hooks have a hinge for more flexibility, but those won't work for this job.</li>\n<li>Always read and follow the directions that come with the product you use. Different products might have specific directions.</li>\n</ul>\n"},{"title":"Press an adhesive hook onto each strip facing away from the bed.","content":"\n When all the strips are attached, peel the non-stick paper off the other side. Take a hook and press it down onto the strip. Make sure the hook points away from the bed so it holds the string properly. Hold it for 30 seconds. Repeat this process for the other strips, making sure all the hooks face away from the bed.\n<ul><li>If you’re using heavy curtains, make sure to get adhesive hooks that can handle a lot of weight. The product packaging should state how much weight the hook type is designed for, so use this to guide what kind you buy.</li></ul>\n"},{"title":"Wait 1 hour before hanging anything on the hooks.","content":"\n This gives the hooks enough time to adhere to the ceiling. If you start hanging the curtains too early, the hooks might fall.\n<ul><li>If you recently painted, wait 7 days after the paint dries to hang adhesive hooks on the ceiling.</li></ul>\n"}]},{"title":"Mounting the Curtains","tasks":[{"title":"Add up the distance between the hooks.","content":"\n Use a tape measure and take the distance between each hook. Add up those distances to get the total length you’ll need for your curtain string.\n"},{"title":"Cut a piece of string or twine to fit around all the hooks.","content":"\n Unroll the string or twine until it’s as long as the distance between the hooks. Add a few extra inches so you have room to tie the string. Then cut the string off the roll.\n<ul>\n<li>It’s okay to have extra string. You can cut off any excess when you’re finished.</li>\n<li>If you’re hanging a heavy curtain that's more than about 5&nbsp;lb (2.3&nbsp;kg), then you might need something more heavy-duty like wire.</li>\n</ul>\n"},{"title":"Loop the string through the curtain if it has a tunnel along the top.","content":"\n Some curtains have a tunnel for a rod to go through, but you can also run a string through it. Insert the string into the opening on one side and work it through the tunnel to the other side. Then bunch up the curtain in one spot so it doesn't get in the way while you're hanging the string.\n<ul>\n<li>Make sure you do this before hanging the string because you won't be able to mount the curtains if the string is already tied off.</li>\n<li>If you want a curtain on more than one side, then you'll need multiple curtain sections. Get a curtain section for each area between 2 hooks.</li>\n</ul>\n"},{"title":"Tie the string tightly around the hooks.","content":"\n Lift the string up to the first hook. If you've already attached the curtain, then slide it along the string so it's between the correct 2 hooks. Tuck the string into the hook and pull it tight. Maintain the tension as you pull it to the next hooks. When you reach the first hook again, tie to 2 string ends together.\n<ul>\n<li>You might need to use clear tape to lock the string in place if the hooks aren’t tight enough to grasp the string.</li>\n<li>Working with a partner will make this job easier. One person can hold the string in place while the other loops it through the hooks.</li>\n<li>If you’re going for more of a canopy look, then you can leave the string loose instead of pulling it tight. This gives your curtains a rounded, crescent shape.</li>\n</ul>\n"},{"title":"Insert hooks into all the spaces on top of the curtains if they don't have a tunnel.","content":"\n If the curtains didn't have a tunnel for the string, you can still hang them with hooks. The curtains should have holes for hooks along their top edges. Insert a hook into each hole. Make sure you don’t miss any holes or the curtains will sag.\n<ul>\n<li>If the curtains don’t come with hooks, you can buy a set of hooks online. You can also get clips instead, which means you don’t need holes in the curtains.</li>\n<li>Using hooks makes sliding the curtains easy, and also makes replacing them very simple.</li>\n</ul>\n"},{"title":"Hang a curtain set on each string section using the hooks.","content":"\n Lift the curtains up and hang each hook onto the string. Slide them back and forth a few times to make sure the hooks hold. If you want to cover your whole bed, put a curtain set on all 4 sides.\n<ul><li>You can also only put the curtains in one or two sections if you don’t want to cover your whole bed. This will still give you a nice effect.</li></ul>\n"}]}],"questions":[]}