{"meta":{"description":"Circuit breaker boxes are often unpleasant to look at and costly to move. Fortunately, you can decorate over the box to blend it in with the rest of the room. For a quick fix, try hanging a painting or covered frame over it. A circuit breaker can also be hidden inside a cabinet as long as you keep it accessible. If you like painting, try using spray paint to blend the box in with the rest of the room. With a little creativity, you can make any room more appealing by hiding the circuit breaker.","title":"Hide a Circuit Breaker Box"},"todo_list":[{"title":"Covering It with a Frame","tasks":[{"title":"Check with building codes first.","content":"\n Depending on where you live, you may not be allowed to cover your breaker box in the manner suggested below.\n<ul>\n<li>If a renter, be sure to consult with the landlord about any plans, especially any involving covering up a breaker box. It may not only break code, but also make it difficult to get to a breaker box in an emergency situation.</li>\n<li>If a homeowner, be aware that even if alterations do not break code, doing so means that in an emergency firefighters, electricians, or even neighbors may not be able to find the breaker box.</li>\n<li>If you can cover the breaker box, be aware it may be wise to clearly label where it is anyway. In an emergency, it may need quick access.</li>\n</ul>\n\n"},{"title":"Measure the circuit breaker perimeter.","content":"\n Use a tape measure to measure all the way around the outside edge of the box. Write down both the box's length and width so you can get a frame that fits over it.\n<ul><li>If your circuit breaker sticks out from the wall, measure its depth as well.</li></ul>\n"},{"title":"Buy a painting or frame that is bigger than the box.","content":"\n If you can find a piece of art you like, it makes for a great cover. Otherwise, you can buy frames from craft or hobby stores. You can also construct your own frame if you can’t find one to buy.\n<ul>\n<li>Some frames, like shadow boxes, can be opened. Make sure you have enough space on the wall for the frame to open completely.</li>\n<li>Choose a frame that is slightly bigger than the box so it can fit over it.</li>\n<li>The frame can be much bigger than the box. Bigger frames will take up extra wall space, so make sure this is what you want.</li>\n</ul>\n"},{"title":"Staple fabric to fit over the frame if it is exposed.","content":"\n If you need to cover an empty frame, pick up a piece of fabric from a craft supply store. Center the frame in the fabric, then fold the edges over the frame. Approximately every 1 in (2.5 cm) along the frame, staple the fabric to the wood.\n<ul>\n<li>If you have a hard time folding the fabric, try ironing it flat first. You can cut off any excess after you fold it.</li>\n<li>You can repurpose old blankets or other material to use as a frame cover.</li>\n</ul>\n"},{"title":"Hammer a nail into the wall to hang the frame.","content":"\n Place the nail above the box, at least 1 in (2.5 cm) above the center of the uppermost edge. Use a nail about 2 in (5.1 cm) long. Make sure the nail sticks out enough to hang the frame over the circuit breaker.\n<ul><li>The circuit breaker is always next to wooden support beams in the wall that can be used to support the frame.</li></ul>\n"},{"title":"Screw on the hinge if your frame opens.","content":"\n Find a recessed spot on the right or left side of the frame. If it isn’t there, use a chisel to chip out a spot as big as the hinge. Place the hinge, then use a 3 in (7.6 cm) steel screw to fasten it to the door. Secure the hinge’s other end to the frame’s base.\n<ul><li>Make sure the door is tight against the frame before you screw the hinge in place.</li></ul>\n"}]},{"title":"Covering the Box with a Cabinet","tasks":[{"title":"Measure the circuit breaker box’s size.","content":"\n Go around the box with a tape measure. Note the box’s length and width and keep these on hand as you look for an appropriate cabinet.\n<ul><li>Also measure the box's depth if your circuit breaker sticks out from the wall.</li></ul>\n"},{"title":"Purchase a cabinet bigger than the circuit box.","content":"\n The cabinet has to fit around the box, allowing you easy access in case you need to reach inside. Leave at least 1 in (2.5 cm) between the breaker and the cabinet’s outer edge, if possible. This way, you have a little space to work with when screwing the cabinet to the wall.\n<ul><li>Your cabinet also needs to have a cuttable back end so you can create an opening for the box.</li></ul>\n"},{"title":"Trace the box’s measurements on the cabinet’s back.","content":"\n Use the measurements you took earlier to sketch the box’s outline on the back of the cabinet. You can do this with a pencil and a ruler. Make sure the lines are straight and accurate so you can remove enough of the backing.\n"},{"title":"Cut out the back of the cabinet with a circular saw.","content":"\n Lay the cabinet flat. Cut slowly around the lines you sketched earlier. Once the back is off, hold the cabinet up to the box. If the box is obstructed, cut off more backing as needed before hanging the cabinet.\n<ul><li>To protect yourself, wear form-fitting clothing. Put on safety goggles and headphones. A respirator mask is also useful.</li></ul>\n"},{"title":"Use a stud-finder to mark the wall studs.","content":"\n A stud-finder is a small sensor that detects the location of the wood beams in your wall. The circuit box is positioned near a stud, but your cabinet may span across a few of them. Mark the stud locations with a pencil.\n"},{"title":"Trace hanging guidelines on the wall.","content":"\n Measure the cabinet with a tape measure, then sketch out its positioning on the wall. Using a straightedge, draw a line where the top edge of the cabinet will hang. Pay attention to the cabinet’s width so you know which parts hang over the wall studs.\n<ul><li>The uppermost line is the most important measurement. This is the only one you need to draw unless you want to sketch the cabinet’s entire outline.</li></ul>\n"},{"title":"Hang the cabinets with screws.","content":"\n Line up the top part of the cabinet with the line you sketched. Level the cabinet, using the line as a guide. Then, screw <span class=\"frac nowrap\">2<span class=\"visualhide\">&nbsp;</span><sup>1</sup>⁄<sub>2</sub></span> in (6.4 cm) deck screws through the cabinet and its top and bottom mounting rails. These screws need to pass into the wall studs.\n<ul>\n<li>Leave about <span class=\"frac nowrap\"><sup>3</sup>⁄<sub>4</sub></span>&nbsp;in (1.9&nbsp;cm) between the screws and the cabinet’s edges.</li>\n<li>You can check for levelness by holding a carpenter’s level over the cabinet. If the level is flat from side to side, the cabinet is level on the wall.</li>\n</ul>\n"},{"title":"Attach the cabinet’s hinges and door.","content":"\n Follow the instructions included with your cabinet to finish assembling it. Screw the hinges to the door along either the cabinet’s right or left edge, depending on how you want it to open. Then, hang the door to complete the installation.\n"}]},{"title":"Painting the Circuit Breaker Box","tasks":[{"title":"Sand the circuit breaker box door with 120-grit sandpaper.","content":"\n Pick up a piece of fine-grit sandpaper from a home improvement store. Very lightly, rub the sandpaper all over the door. This should make the surface look dull and scratched, preparing it to hold paint.\n<ul>\n<li>To remove stubborn debris, scrub the door with a damp rag.</li>\n<li>Wipe the door with a clean cloth when you’re finished to remove any moisture and debris.</li>\n</ul>\n"},{"title":"Tape around the circuit breaker box.","content":"\n Spread a layer of painter’s tape over the wall. Press it down to ensure that it sticks in place. You may also want to move any furniture out of the area to avoid a painting mishap.\n<ul>\n<li>Ventilate the area by opening nearby doors and windows. Wear gloves, a respirator, and protective goggles.</li>\n<li>You probably will not need to protect the floor, but if you want to be safe, spread a drop cloth or newspaper underneath the box.</li>\n</ul>\n"},{"title":"Spray primer over the door.","content":"\n Get a can of primer at a paint supply store. Shake the can for a few seconds, then spray over the door. Work from side to side, moving the can slowly in order to coat the door in an even layer of primer.\n<ul><li>Before you buy primer, read the label and make sure it is compatible with metal surfaces.</li></ul>\n"},{"title":"Wait 24 hours for the primer to dry.","content":"\n Most primer begins drying after about 30 minutes. To stay safe, wait a whole day for it to dry and settle. This ensures the paint sticks without cracking.\n"},{"title":"Paint","content":"\n<a href=\"/Spray-Paint-Metal\" title=\"Spray Paint Metal\"><b class=\"whb\">Paint</b></a> First, choose a spray paint that is labeled for use on metal surfaces. Use a color of spray paint that matches with the rest of your wall. Shake the can for a minute, then spray the paint over the primed surface. Work slowly, spraying from side to side across the box.\n<ul><li>To get an even coat of paint, avoid rushing.</li></ul>\n"},{"title":"Add another coat of paint to cover the box.","content":"\n After about 5 minutes, the first layer of spray paint will have settled. Go over the circuit breaker box again. Spray on a second light coating of paint using the same technique as before.\n<ul><li>You may need to repeat this step a couple of times before the paint looks nice and even.</li></ul>\n"},{"title":"Wait 24 hours for the paint to dry.","content":"\n Once your circuit breaker box looks good, set the spray paint aside. The paint will soon begin drying, but to be safe, leave it alone for a whole day.\n"},{"title":"Decorate the box with magnets or other supplies.","content":"\n After the paint dries, your circuit breaker box should blend in pretty well with the rest of the wall. For additional decoration, try making and arranging your own magnets.\n"}]}],"questions":[]}