{"meta":{"description":"Microwaves are one of those appliances that many people consider necessary, but they are often bulky and can take up a lot of precious kitchen space. You may be wondering about the best ways to keep your microwave hidden and out of your way when it’s not in use. You can hide your microwave by stashing it behind other doors or on top of shelves, situating it under your counters, or modifying your kitchen to accommodate the appliance.","title":"Hide a Microwave"},"todo_list":[{"title":"Finding a Disguised Location","tasks":[{"title":"Put the microwave in a spare cabinet above the kitchen counter.","content":"\n If your upper kitchen cabinets can accommodate the size of your microwave, try tucking the appliance inside one of them. That way, when you close the cabinet door, the microwave is completely out of sight.\n<ul>\n<li>Be sure to choose a cabinet with easy access to an electrical outlet.</li>\n<li>Double-check that the microwave door will have plenty of clearance so it’s easy accessible when you need to use it.</li>\n</ul>\n\n"},{"title":"Tuck the appliance out of sight in your pantry.","content":"\n If you have room to spare in your pantry, consider moving the microwave inside of it. Make sure there’s easy access to an electrical outlet before you haul it into the pantry, though!\n<ul><li>It’s best to place it on a shelf that’s easily reachable for everyone in your family, so take everyone’s height into account.</li></ul>\n"},{"title":"Place it on a lower shelf or cabinet under a kitchen counter.","content":"\n If you have a lower cabinet with doors, you can situate the microwave there and close the door to conceal it completely. If your lower shelves are exposed, this is still a good spot for you microwave, since it will look somewhat integrated into the lower cabinetry.\n<ul><li>Microwaves that are positioned below eye level tend to look less conspicuous.</li></ul>\n"},{"title":"Hide the microwave on the inside of an island.","content":"\n If your kitchen has an island with lower shelf space, place your microwave there. Unless your island has cabinet doors for the lower shelves, choose the side that faces inward so that the microwave is only visible to people standing inside your kitchen.\n<ul><li>Placing it on a lower shelf on the side that faces outward is still a good choice, but it’ll be a little more visible there.</li></ul>\n"},{"title":"Put it on an exposed upper shelf for a seamless look.","content":"\n If your enclosed upper cabinets can’t accommodate your microwave, consider positioning your microwave on one of the upper exposed shelves. It won’t be completely concealed on an exposed shelf, but it will look incorporated into the cabinetry, making it far less conspicuous.\n<ul><li>If possible, choose an upper shelf that faces in toward the kitchen, like a side wall shelf.</li></ul>\n"},{"title":"Situate it on top of your refrigerator for an integrated look.","content":"\n While still exposed, your microwave will look uniform with your fridge and integrated into the decor of the kitchen if you place it on top of your fridge. If your microwave and fridge are the same color, that helps to disguise the microwave even more!\n<ul><li>If your fridge and microwave aren't the same color, positioning it there still creates a more unified look than if it were just sitting on the counter.</li></ul>\n"},{"title":"Check your microwave’s manual about ventilation requirements before moving it.","content":"\n Most microwaves have ventilation requirements in order to function properly. While some microwaves don’t need any extra ventilation because they have it at the bottom or under the legs, many will need back or side ventilation. Before moving your microwave, consult the manual for specific information.\n"}]},{"title":"Customizing Your Kitchen Space","tasks":[{"title":"Add an appliance garage with sliding track doors for a countertop option.","content":"\n An appliance garage keeps your microwave on the counter, underneath the cabinets, but has sliding doors that come down in front of your appliances when they’re not in use.\n<ul>\n<li>You can buy sliding track doors for appliance garages at most hardware stores.</li>\n<li>Be sure to look for door models that match the rest of the kitchen's cabinetry.</li>\n</ul>\n"},{"title":"Build a sliding shelf if you have extra drawer space.","content":"\n Drawer spaces that are tall enough to accommodate your microwave can be adapted with a sliding shelf so you can tuck it out of sight. You can also try adding a sliding shelf into one of the lower cabinets in your kitchen.\n<ul>\n<li>Measure the area first, then you can either build or order a sliding shelf that will fit the space.</li>\n<li>Mount the sliding brackets to the sides of the cabinet area to install your shelf.</li>\n</ul>\n"},{"title":"Conceal the microwave behind a lift-up door above your oven.","content":"\n The space above the oven is a very convenient position for your microwave. If you have an exposed shelving area above your oven, try tucking the microwave into that nook and then installing a simple lift-up door to hide it behind.\n"},{"title":"Install an appliance pantry to hide your microwave and small appliances.","content":"\n This would likely be a fairly involved construction project for your kitchen, but it might be worth it if you have several unsightly appliances you want to hide! If you aren’t familiar with carpentry, you may want to consult a remodeling company if you decide to go this route.\n"}]}],"questions":[{"title":"Why would I want to hide my microwave?","content":"If you don't want a guest to see it or some other reason. Some people just do not like the looks of them."},{"title":"Can I close the cabinet door while it's on?","content":"No; you should leave it partially open when using the microwave to allow heat to escape. Check your microwave's manual for ventilation instructions."}]}