{"meta":{"description":"The Navajo are a Native American people who are known for creating durable and unique items such as baskets. They use these baskets to store and carry food, trade, or even carry out wedding ceremonies. There are several signs that indicate a Navajo basket is authentic. By looking at the weaving, colors, and feel of the basket, you'll be able to figure out if the basket is real or not.","title":"Identify Navajo Baskets"},"todo_list":[{"title":"Checking the Weaving and Design","tasks":[{"title":"Make sure the basket’s stitches are tightly woven and consistent.","content":"\n An authentic Navajo basket will be tightly woven with consistent and even stitching. If you’re looking at a basket that’s loosely woven and has lumpy stitches, it’s not the Navajo quality you’re looking for.\n\n"},{"title":"See if the basket has a Herringbone finish on the rim.","content":"\n A Herringbone finish is when the strands of material are woven onto the rim in an overlapping pattern that looks like a bunch of braided ‘V’s. If you see a basket that has this pattern and the finish is tightly woven and even, it might be a Navajo basket.\n<ul><li>Look up examples of a Navajo basket Herringbone finish if you’re still not sure exactly what it looks like.</li></ul>\n"},{"title":"Examine the basket to see if it was made by coiling.","content":"\n If the basket is coiled, it’ll have a knot in the middle where it was started with the coil running in circles stemming from the center. This is called the two-rod and bundle technique and was the most popular method for making Navajo baskets.\n<ul>\n<li>Later the Navajo moved on to using a three-rod bundled formation to weave the baskets.</li>\n<li>Other tribes might have used techniques like twining (weaving the materials in and out of one another) or plaiting (which uses wider materials).</li>\n</ul>\n"},{"title":"Look for a geometric design on the basket to indicate it's Navajo.","content":"\n Many Native American tribes used geometric shapes and designs to create their baskets, and that's especially true for the Navajo people. Look for triangles, squares, diamonds, and other shapes in a geometric or zig zag pattern to show that the basket might be theirs.\n<ul>\n<li>These patterns often stem from a circular pattern and move around the basket evenly starting from the center.</li>\n<li>Apache baskets also have triangular patterns but tend to have figures on theirs too.</li>\n</ul>\n"},{"title":"Check that the basket’s design is symmetrical and even.","content":"\n Look carefully at the pattern on the basket. The Navajo people are known for being very detailed in their design of each basket, so if you notice a diamond doesn’t look quite the same as another diamond next to it on the basket or that the patterns aren’t equal, you might not be looking at a true Navajo basket.\n"}]},{"title":"Inspecting the Basket’s Colors, Shape, and Feel","tasks":[{"title":"Look for natural colors in the basket that indicate it’s authentic.","content":"\n The Navajo use more natural colors to make their baskets like tan, white, and black tones. They also add reds to their baskets using dye to help make any designs stand out and add some color. If you’re noticing a basket that is full of bright colors like yellows, blues, oranges, or greens, this likely isn’t a Navajo basket.\n<ul>\n<li>The center of the basket is almost always light-colored.</li>\n<li>It’s common for Navajo wedding baskets to have reds in them.</li>\n<li>For example, Tohono O'odham baskets often have black, red, white, and green in them, which makes them different from the Navajo baskets.</li>\n</ul>\n"},{"title":"Make sure the basket is made out of natural fibers.","content":"\n The Navajo made their baskets out of things like willow twigs and sweetgrass blades. Inspect the basket to see what type of material it’s made out of⁠—if it looks like it’s made from something other than a natural material, it’s likely not a Navajo basket.\n<ul>\n<li>The baskets can also be made of sumac or yucca.</li>\n<li>Sweetgrass grows very tall and has a sweet smell while willow twigs are bendable but sturdy branches that come from a willow tree.</li>\n<li>It's common for Apache baskets to be made of willow and Tohono O'odham baskets to be made from yucca root too.</li>\n</ul>\n"},{"title":"Identify circular baskets in all sizes showing what the Navajo used them for.","content":"\n While Navajo baskets come in many different sizes depending on their purpose, they tend to all have a circular shape. There might be a large water jug, medium-sized round tray, or small bowl that were all created by coiling. Look at the basket and try to determine it's purpose to help you decide if the Navajo would have made and used it.\n<ul>\n<li>The bigger the basket, the more expensive it will likely be.</li>\n<li>Baskets for wedding ceremonies were roughly 12–15&nbsp;in (30–38&nbsp;cm) wide.</li>\n</ul>\n"},{"title":"Inspect the basket for any signs of oxidation.","content":"\n If a Navajo basket is authentic, it’ll likely show age. Look to see if the basket has changed color due to oxidation, which might show up in signs like yellowing stitching or less vibrant colors.\n<ul>\n<li>The basket might even be slightly dusty but still in good condition.</li>\n<li>Oxidation happens when something is exposed to the air for a long period of time.</li>\n</ul>\n"},{"title":"Feel the basket for signs of wear.","content":"\n If a basket is authentic, it’ll likely be fairly old and worn. Feel the basket with your fingers to test for smoothness or look for signs that the basket has been used frequently in the past.\n"}]}],"questions":[]}