{"meta":{"description":"Decorating in a modern style can give your home a sleek, sophisticated look, but it can be a little cold. However, you can warm up your home by bringing in vintage pieces that show off your personality.[1] Combine vintage and modern household items when possible, like pairing modern chairs with a vintage table. Add vintage decorations, such as vintage artwork. Incorporate vintage rugs and wallpapers to give your walls and floors a vintage feel.","title":"Mix Vintage Style Into a Modern Home"},"todo_list":[{"title":"Combining Vintage and Modern Household Items","tasks":[{"title":"Use vintage sheets to cover your sofa.","content":"\n If you have a modern sofa, covering it can keep it clean and damage-free over the years. A great way to blend vintage and modern styles while preserving your furniture is using vintage sheets as a cover. Toss a set of vintage sheets over your couch to blend some vintage style in your otherwise modern home.\n<ul><li>Keep in mind vintage sheets may be expensive. You may not want to potentially damage them by using them as a cover. If you'd rather not damage vintage sheets, go for modern sheets with a vintage pattern.</li></ul>\n\n"},{"title":"Buy furniture that combines modern and vintage styles.","content":"\n Look for furniture that merges elements of both modern and vintage styles. This can be a mixing of colors, cuts, or materials to produce a piece that is both vintage and modern.\n<ul>\n<li>For example, retro furniture was often curved while modern styles make use of materials such as leather and wood. Look for curvy chairs with wooden legs or leather seats.</li>\n<li>If it's within your budget, you can have furniture remodeled to give it a vintage touch. You can, for example, add vintage upholstery to a modern couch.</li>\n</ul>\n"},{"title":"Pair a vintage table with modern chairs.","content":"\n Many people love vintage tables in their homes. You may have inherited a vintage table from a relative or picked one up at a secondhand store. If you want to use it in your home, try pairing it with modern chairs. This will give your home a look that mixes the old and the new.\n"},{"title":"Add a new chair to a vintage desk.","content":"\n Vintage desks are also a popular item for homes. Vintage desk chairs, however, can often be uncomfortable. Try pairing your vintage desk with a sleek, modern desk chair that's built for your comfort. This will give your workspace a vintage feel while also allowing you to feel comfortable.\n"}]},{"title":"Adding Vintage Decorations","tasks":[{"title":"Hang up vintage artwork.","content":"\n Stop by a local thrift store, antique store, or flea market. Chances are, you'll find a variety of vintage artwork. Look for works from eras like the '60s or '70s. Hanging up a few vintage paintings or wall hangings can be a great way to give your home a vintage feel without major renovations.\n"},{"title":"Pair modern art with vintage pieces.","content":"\n Are you a fan of modern art? You don't have to sacrifice your love of contemporary art to give your home a vintage feel. You can try pairing modern art with vintage pieces in your home.\n<ul><li>For instance, you might place your contemporary art sculptures on a vintage buffet, or you could hang a modern painting above a vintage end table. In your room with the vintage lighting, display your favorite modern art pieces.</li></ul>\n"},{"title":"Invest in chandeliers.","content":"\n If it's within your budget, chandeliers can add lighting to any room. They can also add a vintage look to an otherwise contemporary setting.\n<ul><li>You can hang a chandelier in rooms like bathrooms and kitchens. In older homes, chandeliers were often hung in these locations.</li></ul>\n"},{"title":"Use vintage jars for decorative storage.","content":"\n Vintage jars are a cute, popular item frequently sold at flea markets, thrift stores, and antique stores. You can use them to store items in your home, using decorations in a practical sense. Place bathroom towels or soap in a vintage bowl, for example.\n<ul><li>You can also incorporate your modern-meets-vintage style into your tableware. For instance, you might use very modern dishes, but have an old teapot from the 1950s displayed on the table.<sup id=\"_ref-10\" class=\"reference trusted\" aria-label=\"Link to Reference 10\"><a href=\"#_note-10\">[10]</a><span class=\"ts_popup trustedsource\" hidden=\"\" id=\"ts_popup_10\" style=\"display: none;\">\n\t<span class=\"ts_close\">X</span>\n\t\t<a class=\"ts_trustworthy\" href=\"/wikiHow:Delivering-a-Trustworthy-Experience\">Expert Source</a>\n\n\t\t<span class=\"ts_name\"></span>\n\t\t\t<a class=\"ts_expert_link\" href=\"/Author/Karen-Parziale\"><span class=\"ts_expert_image\"><picture><source type=\"image/webp\" srcset=\"/images/thumb/c/c7/Karen_Parziale2.png/-crop-100-100-100px-Karen_Parziale2.png.webp\"><img src=\"/images/thumb/c/c7/Karen_Parziale2.png/-crop-100-100-100px-Karen_Parziale2.png\" alt=\"Karen Parziale\" loading=\"lazy\" width=\"30\" height=\"30\" style=\"max-width: 30px\"></picture></span>Karen Parziale<br><span class=\"ts_blurb\">Home Stager &amp; Interior Designer</span></a>\n\n\t\t<span class=\"ts_description\">Expert Interview.  21 April 2020.</span>\n\n</span>\n</sup>\n</li></ul>\n"}]},{"title":"Decorating Your Walls and Floors","tasks":[{"title":"Invest in antique-style runners.","content":"\n You may not want to add carpet to wood floors, or redo your carpeting altogether. However, try stopping by a local furniture or department store and picking up some carpet runners. You can add runners to the carpeting in your home to give your house a vintage feel.\n<ul><li>Choose runners that match with the color scheme of the room where you will display them. You want the vintage look to be integrated smoothly with your existing decorations.</li></ul>\n"},{"title":"Add a classic backsplash to your kitchen.","content":"\n A backsplash is usually installed in a kitchen near the sink to protect the walls from harm. If you need a backsplash anyway, why not choose one with a vintage feel? A stain-resistant vintage-style wallpaper, for example, can add a vintage style to a modern home.\n"},{"title":"Choose vintage wallpapers.","content":"\n If wallpapering is within your budget, a vintage-style wallpaper can add a vintage feel to a modern home. Choose wallpaper with a vintage feel. For example, if you're going for a retro '60's look, opt for floral patterned wallpaper.\n<ul><li>If wallpaper is a little out of your budget, or if you rent, temporary wallpaper is much cheaper and can just as easily add a vintage flare to your home.</li></ul>\n"},{"title":"Use a classic rug in an area filled with modern pieces.","content":"\n Rugs can give your home a great, classic look. If you want a very vintage look, spread a vintage rug in an otherwise modern room. A large vintage rug in, say, the TV room can add some vintage style to a room filled with modern conveniences.\n"}]}],"questions":[{"title":"How do you make a modern room look vintage?","content":"Try adding vintage throw pillows for a quick, easy way to warm up a modern sofa."},{"title":"Why would anyone want their home to look vintage?","content":"It's all a matter of taste. Some people really don't like vintage styles, and that's totally okay. The people that do like it tend to think modern looks feel kind of sterile and impersonal. Vintage decorations can also elicit a feeling like you're in a different time period, which a lot of people really like."},{"title":"Is it okay if the bathroom is the only vintage room in the home?","content":"Yes, that's totally fine if that's what you want! I personally like a mix of vintage and modern styles, so I definitely wouldn't hold it against you if you just had a single vintage room. Although, I would recommend mixing some vintage elements into the decorations throughout your home if you go this route."},{"title":"How can I mix vintage styles into a modern home?","content":"Modern decor uses a lot of whites, silvers, and slim furniture. It's sleek, but it can be very sterile. Infusing vintage pieces adds character, personality, and color, like pairing an antique teapot with a modern set of dishes."}]}