{"meta":{"description":"It’s unlikely that you or anyone you know will be a victim of a terrorist attack. However, if you are traveling to a conflict zone, doing some research beforehand can help you avoid being a victim of terrorism. Other strategies can help you both abroad and in your own country. For example, avoid public events and areas that are popular with tourists, and exercise extra caution during religious holidays. Always keep your phone handy and identify nearby safe havens like hospitals, hotels, and police stations. Remember, the likelihood of being a victim of a terror attack is vanishingly small.","title":"Avoid Being a Victim of Terrorism"},"todo_list":[{"title":"Ensuring Personal Safety","tasks":[{"title":"Check the terror warnings before traveling.","content":"\n  Your national government’s department of state should provide a list of locations that are dangerous for traveling due to a high risk of terror incidents.  Consult the appropriate department’s site before making travel arrangements.\n<ul>\n<li>If you do not have internet access, ask your local embassy or police station to provide a list of terror warnings.</li>\n<li>You can also learn about terror threats by watching the news.  Follow media reports about the country or countries you’ll be traveling to.<sup id=\"_ref-1\" class=\"reference trusted\" aria-label=\"Link to Reference 1\"><a href=\"#_note-1\">[1]</a><span class=\"ts_popup trustedsource\" hidden=\"\" id=\"ts_popup_1\" style=\"display: none;\">\n\t<span class=\"ts_close\">X</span>\n\t\t<a class=\"ts_trustworthy\" href=\"/wikiHow:Delivering-a-Trustworthy-Experience\">Trustworthy Source</a>\n\n\t\t<span class=\"ts_name\">Official UK government website</span>\n\t\t<span class=\"ts_description\">Official website for the public sector of the UK government</span>\n\n\t\t\t\t<a href=\"#\" class=\"ts_source\" target=\"_blank\" rel=\"nofollow noreferrer noopener\">Go to source</a>\n</span>\n</sup>\n</li>\n</ul>\n\n"},{"title":"Dress so as not to attract attention to yourself.","content":"\n  If you have lots of tattoos, dress so as to cover them, especially if you’re in a relatively conservative nation.  Avoid wearing bright colors or flashy clothing.  If you’re traveling, adopt the normal dress of the place you’re traveling to.  Try to blend into the general population.\n<ul><li>In most areas of the world, you can get away with wearing t-shirts and jeans.  In many other areas, however, the local standards of dress are quite unique.  Wherever you are, try to be as uninteresting in your dress as possible.</li></ul>\n"},{"title":"Avoid anything that could indicate your country of origin.","content":"\n  Do not wear shirts or hats emblazoned with your national flag.  Terrorists could use that to identify and target you as someone belonging to a particular nation.  Additionally, do not attach keychains, buttons, stickers, or patches bearing your national flag to your clothing, backpack, or suitcase.\n"},{"title":"Don’t wear religious clothing.","content":"\n  If you encounter terrorists who target people of a particular religion, you could become a victim of terrorism.  Wearing crucifixes, yarmulkes, or other religious garb could cause terrorists to target you.\n"},{"title":"Identify safe havens you can retreat to in the event of a terror attack.","content":"\n  Obtain a map of your local area.  Mark all the police stations, hotels, and hospitals on the map.  Circle the ones that are closest to you or to the locations you know you will be visiting regularly or in the near future.  Carry this map with you and head to the safe havens you marked out in the event of a terrorist incident.\n<ul><li>Before traveling, obtain a map of the area you’ll be traveling to and identify safe havens in the same way you did with the map of your local area.</li></ul>\n"},{"title":"Schedule the most direct flight path to your destination.","content":"\n<a href=\"/Book-a-Flight\" title=\"Book a Flight\"><b class=\"whb\">Schedule the most direct flight path to your destination.</b></a>  Some of history's largest terror attacks have taken place on airplanes or at airports.  While security and screening for terrorist might be good in your nation, it might be weaker in other nations.  Fly directly from your nation to your destination to stay safe.\n<ul><li>If you can't go to your destination directly, schedule a flight that lands only at airports with the lowest risk of being targeted by terrorists.</li></ul>\n"},{"title":"Go to the most secure area of the airport.","content":"\n  There are two parts of the airport, the secured area beyond the security checkpoint and metal detectors, and the area before the security checkpoint.  When you arrive at the airport, you will be in the unsecured area.  Do not linger there.  Instead, check your luggage and pass through airport security as quickly as possible.\n"},{"title":"Choose your own taxi.","content":"\n  Don’t allow hotel staff or anyone else to select a taxi for you.  If you do, it’s possible that you won’t actually be getting in a taxi, but a car driven by a terrorist.  Vary the taxi stand you use to get around town.  Only get into cabs that are clearly marked as such.  Ensure the photo in the front and/or rear ID panel matches the face of the cab driver.  When entering a cab look for a:\n<ul>\n<li>Certificate license with expiration date displayed</li>\n<li>Cab number</li>\n<li>Cab company name and information</li>\n<li>Valid plates and registration sticker</li>\n</ul>\n"},{"title":"Don’t share information with strangers.","content":"\n  To avoid being a victim of terrorism, keep your personal information and itinerary to yourself.  When you do share information with friends who you trust, do so in a private space and be wary of anyone listening in.\n<ul>\n<li>This includes religious information.  Do not tell strangers what your faith is, as terrorists often target people of particular religious background.</li>\n<li>Racial information and citizenship should also be kept confidential.  Some terrorists target only individuals of a specific race or individuals who hail from nations they consider to be enemies of their own country.</li>\n</ul>\n"},{"title":"Avoid tourist hotspots and busy areas.","content":"\n  Large public events and gatherings are common sites for terror incidents.  For instance, concerts and nightclubs are often targeted by terrorists because of their high civilian populations.  Areas that are quiet and rural are unlikely to be targeted by terrorists.\n<ul>\n<li>Other areas to avoid include government buildings and locations that are symbolic of a nation’s economic or political might.</li>\n<li>Keep your wits about you when in public, and if you get a bad feeling about someone or something you see, don’t hesitate to report it.</li>\n</ul>\n"},{"title":"Use caution around religious holidays.","content":"\n  Many religiously-motivated terrorists schedule large attacks to coincide with their religious holidays.  Exercise extra vigilance during these times and avoid public areas.\n"},{"title":"Keep your phone handy.","content":"\n  Charge your phone regularly.  Program the number for local emergency services into your phone.  If you see or notice anything suspicious, or if you witness a terror attack, use your phone to contact the authorities.\n"}]},{"title":"Recognizing and Reporting Suspicious Activity","tasks":[{"title":"Keep an eye out for suspicious items.","content":"\n  Abandoned backpacks, briefcases, or other bags could harbor bombs.  Report any such items to airport security immediately and leave the area.\n"},{"title":"Be on the lookout for people using surveillance.","content":"\n  Anyone who uses video recording, audio recording, or anyone who seems to be monitoring you (or others) might be a terrorist or colluding with terrorists.  For the same reason, anyone taking notes and/or taking pictures of public spaces or strangers should be reported to the authorities.\n"},{"title":"Report anyone who is heavily armed.","content":"\n  If you see anyone planting explosives, they could be a terrorist.  Additionally, anyone walking around openly with guns, knives, or other weapons, might be a terrorist.  Should you see anyone who is heavily armed, contact the authorities.\n"},{"title":"Contact the authorities if someone is attempting to illegally access utility locations.","content":"\n  Infrastructure locations like nuclear, electrical, telecommunications, water, or petroleum plants could be targeted by terrorists.  If you see suspicious activity in or around these areas (for instance, someone loitering about outside who is waiting to gain access when others exit), let the authorities know.\n"},{"title":"Look out for shifty people.","content":"\n  Terrorists engaged in a terror plot might act nervously.  They might, for instance, speak too quickly, be sweating even in mild weather, and look out of place or nervous in a busy public space.\n"},{"title":"Pay attention to how people are dressed.","content":"\n  Terrorists might conceal weapons or bombs beneath bulky clothing.  If someone is wearing clothing that is obviously inappropriate relative to the season (for instance, someone wearing a bulky sweater in summer), they might be a terrorist.  Report them immediately.\n"},{"title":"Report potential terrorists to the authorities.","content":"\n  If you notice any signs of suspicious activity, contact the authorities.  Typically, this will mean contacting the police, though if you live in an occupied area or warzone, it might be soldiers or peacekeepers.  If the authorities seem unable or unwilling to help and you are traveling abroad, contact your nearest national embassy or consulate.\n"}]},{"title":"Reacting Mid-attack","tasks":[{"title":"Escape if possible.","content":"\n  If a bomb explodes nearby and you are uninjured, head away from the site of the explosion.  If a terrorist or group of terrorists is shooting into a crowd, look for an exit.  If you can get to the exit without exposing yourself to greater danger, do so and keep running until you are far from the site of the terror incident.\n"},{"title":"Hide if you cannot run.","content":"\n  If you don’t believe it is possible to escape from the terrorists, hide behind a large counter or beneath a table.  Alternately, seek shelter in a secure room and lock the door.  Look for areas that are reinforced with brick or other sturdy materials.\n<ul><li>Turn your phone off or on vibrate.</li></ul>\n"},{"title":"Lie flat on the floor.","content":"\n  If you can neither escape nor hide without exposing yourself to danger, rest on your stomach and play dead.  Be very still and do not move.  Do not attempt to help rescuers and do not pick up any weapons.\n<ul><li>If an opportunity presents itself, escape or hide.</li></ul>\n"}]}],"questions":[{"title":"I have to go on a trip that requires flying. I am a little scared. What do I do?","content":"Statistically, the chances of anything happening to you are extremely slim. The best you can do is to be alert to your surroundings and to report anything suspicious i.e. unattended baggage."},{"title":"Do you have a speaker or demo that could come and teach on this kind of thing?","content":"This is clearly going to depend on where you are. I would start by doing some online searches for speakers in your area. Your local police department may be a good source of information, as well."},{"title":"If I have a weapon, should I counter-attack?","content":"It depends. You may put yourself and others at greater risk."},{"title":"How can I prepare for terrorist attacks?","content":"Simple answer - you can't. It is completely normal to be afraid, but don't let it control your life. You could try to avoid popular places with large crowds, but keep in mind that the rate of terrorist attacks has drastically decreased over the last decades. We just hear more about them because of the global news network. Try avoiding the news."},{"title":"What if I'm a kid and someone I trust kills my parents?","content":"First of all, this is extremely unlikely to happen. But if someone were to kill your parents, the police would find who did it and punish them severely, and they would help you find a place to live, either with other relatives, or with a nice family."},{"title":"Are there terrorists in Japan?","content":"Since the gas attack on the Tokyo Metro in 1995, Japan has a low threat from terrorism. However, it is important to stay vigilant in popular areas."},{"title":"In London, Paris, and Rome what are the chances of a terrorist attack occurring in the summer?","content":"Because of the attacks in London and Paris over the last few years, there is a slight chance. It may be calm and quiet there, but stay vigilant if you consider going to any of these cities, as terrorists strike when we least expect them to do so."},{"title":"What do I do if another country attacks my country?","content":"First, don't panic. If you are eligible, you may be conscripted into your country's armed forces, depending on existing legislation or potential emergency legislation that may be passed. If you are not conscripted, civil liberties will likely be curtailed which may include freedom of movement and freedom of speech. If your town/area is at risk, your government will likely evacuate you to a safer area. If you should encounter enemy forces as a civilian, follow all orders that are given and do not make any sudden movements. Luckily, direct combat between two or more nation states is unlikely with most conflict being internal civil conflicts."},{"title":"Should I think twice before getting involved in a large crowd, if terrorist attacks occur in large gatherings of people?","content":"No. Why would you live your life in fear? There are endless amounts of large crowds around the planet, most of which are under surveillance and security. It doesn't matter where you are -- a terrorist could strike at any moment, so why worry about something you have no control over? Odds are, you will never be a victim of terrorism."},{"title":"How do I know where to hide if a sniper may be aiming a gun at my head?","content":"There are rarely snipers involved in acts of terrorism. Terrorists are more interested in disposing of as many people as possible in a short amount of time. They want to maximize damage, not pick people off one by one, so they typically use bombs, planes, etc. If you find yourself in a situation where there is a sniper, try to hide beneath a piece of furniture, car, etc., whatever provides the most coverage."}]}