{"meta":{"description":"FEMA, the Federal Emergency Management Agency, is the US agency responsible for coordinating disaster relief efforts hurricanes or similar disasters. If you’ve suffered any hardship, FEMA may be able to help you. Contact the agency’s disaster relief numbers to apply for reimbursement or other assistance you may need. This aid can help you get back on your feet. You can also make general inquiries in non-emergency situations by contacting the agency directly.","title":"Contact FEMA"},"todo_list":[{"title":"Seeking Emergency Relief","tasks":[{"title":"Check online to see if your area is eligible for emergency assistance.","content":"\n FEMA only provides assistance in places that have been declared as disaster areas. To find out if a recent emergency in your area has been declared for emergency assistance, go to FEMA’s disaster relief page and type in your home address.\n<ul>\n<li>To enter your information, visit <a target=\"_blank\" rel=\"nofollow noreferrer noopener\" class=\"external free\" href=\"https://www.disasterassistance.gov/\">https://www.disasterassistance.gov/</a>.</li>\n<li>Even if FEMA hasn’t been called in, your state may have declared a state of emergency and is providing help. Check with your state’s website.</li>\n</ul>\n\n"},{"title":"Call FEMA’s disaster assistance number if you need help immediately.","content":"\n If your area is cleared for FEMA assistance, then contact the agency for assistance in getting help. For a quick response, call FEMA’s disaster assistance number. Representatives there can connect you with the correct people to help you.\n<ul><li>The disaster relief number is (800) 621-FEMA (3362).</li></ul>\n"},{"title":"Fill out FEMA’s online disaster relief form to apply for assistance.","content":"\n Navigate to FEMA’s disaster relief page and fill out the forms to officially request assistance. Answer the questions about what type of help you need, including food, medical, financial, shelter, or legal. Provide the requested details about your living situation and the damage you’ve suffered. Fill everything out as accurately as possible.\n<ul>\n<li>Apply for assistance at <a target=\"_blank\" rel=\"nofollow noreferrer noopener\" class=\"external free\" href=\"https://www.disasterassistance.gov/get-assistance/find-assistance\">https://www.disasterassistance.gov/get-assistance/find-assistance</a>.</li>\n<li>Filling out the online form is best if you don’t need emergency help. Contact 911 if you need help immediately.</li>\n</ul>\n"},{"title":"Visit a local disaster recovery center if FEMA has set one up near you.","content":"\n If a disaster was especially bad, FEMA will set up recovery centers to provide food, medical attention, and shelter to affected people. If you need immediate help, then go to a center that’s been set up in your area. These centers can provide advice and guidance on applying for relief.\n<ul>\n<li>To find a center, type your city or zip code into <a target=\"_blank\" rel=\"nofollow noreferrer noopener\" class=\"external free\" href=\"https://egateway.fema.gov/ESF6/DRCLocator\">https://egateway.fema.gov/ESF6/DRCLocator</a>.</li>\n<li>You can also find the location of a relief center by calling the disaster relief number.</li>\n<li>FEMA's mobile app displays recovery center locations. Download it for a list of locations and updates on the emergency situation.<sup id=\"_ref-5\" class=\"reference trusted\" aria-label=\"Link to Reference 5\"><a href=\"#_note-5\">[5]</a><span class=\"ts_popup trustedsource\" hidden=\"\" id=\"ts_popup_5\" style=\"display: none;\">\n\t<span class=\"ts_close\">X</span>\n\t\t<a class=\"ts_trustworthy\" href=\"/wikiHow:Delivering-a-Trustworthy-Experience\">Trustworthy Source</a>\n\n\t\t<span class=\"ts_name\">Federal Emergency Management Agency</span>\n\t\t<span class=\"ts_description\">Federal agency responsible for coordinating responses to disasters and states of emergency</span>\n\n\t\t\t\t<a href=\"#\" class=\"ts_source\" target=\"_blank\" rel=\"nofollow noreferrer noopener\">Go to source</a>\n</span>\n</sup>\n</li>\n</ul>\n"}]},{"title":"Applying for Disaster Reimbursement","tasks":[{"title":"Contact your home insurance company before registering with FEMA.","content":"\n FEMA only reimburses property damage that isn't covered by your insurance, so contact your insurer first to get a quote. After speaking with your insurer, then contact FEMA through their disaster relief phone number or website to file a claim.\n<ul><li>If you don’t have insurance, then contact FEMA right away.</li></ul>\n"},{"title":"Describe the kind of relief you need to a FEMA representative.","content":"\n Clearly state all of the damage your home sustained and what your needs are. FEMA can reimburse the cost of the damages, the personal property loss, temporary housing, and medical care.\n<ul>\n<li>If FEMA asks for more information not listed here, provide that as well. Cooperating will make the process go by faster.</li>\n<li>FEMA will speak with your insurance company to find out what the company is covering and isn’t covering. If your insurance company already provided you with a quote, you can give FEMA the specifics.</li>\n</ul>\n"},{"title":"Provide stable contact information so FEMA can reach you.","content":"\n Provide the address of the damaged property, the names of everyone living in the home, your Social Security and insurance information, and your phone number. Be sure to give contact information that won't change. If FEMA can't contact you, your claim might be abandoned.\n<ul><li>If your home is too damaged to stay in, give FEMA the address where you’re staying or provide a relative’s address so they can send you mail.</li></ul>\n"},{"title":"Give FEMA your bank information to receive funds electronically.","content":"\n If FEMA approves your claim, then you have the option of receiving the funds with a direct deposit. In this case, give FEMA your bank account number, routing number, and account type (checking or savings).\n<ul><li>If you don’t want to give FEMA your bank information, then you’ll get a check in the mail instead.</li></ul>\n"},{"title":"Check the status of your application on FEMA’s website.","content":"\n Once you’ve submitted your application, it will take some time to process. To check on its status, create an account on FEMA’s disaster relief site and type in the application number that FEMA gave you.\n<ul>\n<li>Sign in at <a target=\"_blank\" rel=\"nofollow noreferrer noopener\" class=\"external free\" href=\"https://www.disasterassistance.gov/DAC/govBenefitReceiver.do?action=LOGIN&amp;langcode=EN\">https://www.disasterassistance.gov/DAC/govBenefitReceiver.do?action=LOGIN&amp;langcode=EN</a>.</li>\n<li>FEMA reports that it usually approves applications and provides funds within 10 days.<sup id=\"_ref-11\" class=\"reference trusted\" aria-label=\"Link to Reference 11\"><a href=\"#_note-11\">[11]</a><span class=\"ts_popup trustedsource\" hidden=\"\" id=\"ts_popup_11\" style=\"display: none;\">\n\t<span class=\"ts_close\">X</span>\n\t\t<a class=\"ts_trustworthy\" href=\"/wikiHow:Delivering-a-Trustworthy-Experience\">Trustworthy Source</a>\n\n\t\t<span class=\"ts_name\">Federal Emergency Management Agency</span>\n\t\t<span class=\"ts_description\">Federal agency responsible for coordinating responses to disasters and states of emergency</span>\n\n\t\t\t\t<a href=\"#\" class=\"ts_source\" target=\"_blank\" rel=\"nofollow noreferrer noopener\">Go to source</a>\n</span>\n</sup>\n</li>\n</ul>\n"}]},{"title":"Making General Inquiries","tasks":[{"title":"Consult FEMA’s FAQ page to see if your inquiry is addressed there.","content":"\n FEMA receives a lot of important inquiries, so they want to keep their official communication channels as clear as possible. If you’re not experiencing an emergency, they request that you first check their FAQ page and see if your inquiry is addressed there. If not, then go on with contacting them directly.\n<ul><li>For the FAQ page, visit <a target=\"_blank\" rel=\"nofollow noreferrer noopener\" class=\"external free\" href=\"https://www.fema.gov/faq\">https://www.fema.gov/faq</a>.</li></ul>\n"},{"title":"Call (202) 646-2500 to reach FEMA’s central office.","content":"\n If you can’t find an answer to your question on the FAQ page, then calling the agency directly is your best choice for a fast answer. Call their central office to try and get connected with the right person to answer your question.\n<ul>\n<li>Keep in mind that FEMA is a big organization, so you might get transferred a few times until you find the right person to talk to.</li>\n<li>Try to be patient and explain what you’re looking for as clearly as possible. For example, tell the operator that you want to know the evacuation plan for your city.</li>\n</ul>\n"},{"title":"Submit a question electronically through FEMA’s website.","content":"\n If you prefer to email a non-urgent question, you can submit a question through the FEMA website. Navigate to the contact page and fill out the required information. Provide your name, email address, and state in the boxes provided. Then, select a topic and type your question.\n<ul>\n<li>Fill out the email questionnaire at <a target=\"_blank\" rel=\"nofollow noreferrer noopener\" class=\"external free\" href=\"https://www.fema.gov/webform/ask-question\">https://www.fema.gov/webform/ask-question</a>.</li>\n<li>Make your inquiry as specific as you can and be sure to choose an accurate topic. For example, if you’re asking about flood insurance, don’t select “Storm Tornado Shelters.” This will make the response slower.</li>\n<li>The contact box is not secured, so don’t enter sensitive information like your Social Security number.</li>\n</ul>\n"},{"title":"Write to FEMA’s office in Washington, DC if you prefer paper mail.","content":"\n Sometimes sending a letter gets more attention, because phone lines and email servers can get overloaded. If you prefer sending a letter, write a specific question or comment and mail it to FEMA’s central office. FEMA’s mailing address is:<br> Federal Emergency Management Agency<br> 500 C Street S.W.<br>Washington, D.C. 20472\n<ul>\n<li>Address the letter to FEMA, unless you know the specific person you’re trying to reach.</li>\n<li>Provide your phone number with the letter as well. FEMA representatives may prefer to call you back to make the response faster.</li>\n</ul>\n"},{"title":"Contact your regional office for inquiries about flood mapping.","content":"\n FEMA has 10 regional offices that cover all of the United States. The regional offices primarily handle inquiries about flood mapping and zones. If this is what your question is about, then find the information for your FEMA regional office and call, email, or write them there with your inquiry.\n<ul>\n<li>Find your regional office by visiting <a target=\"_blank\" rel=\"nofollow noreferrer noopener\" class=\"external free\" href=\"https://www.fema.gov/regional-contact-information\">https://www.fema.gov/regional-contact-information</a>.</li>\n<li>Alternatively, you could click on your state at <a target=\"_blank\" rel=\"nofollow noreferrer noopener\" class=\"external free\" href=\"https://www.fema.gov/fema-regional-office-contact-information\">https://www.fema.gov/fema-regional-office-contact-information</a>.</li>\n</ul>\n"}]}],"questions":[]}