{"meta":{"description":"During natural disasters, infectious disease outbreaks such as COVID-19, and other major emergencies, you may be required to shelter in place. This means you have to stay where you are—whether you’re at home, at a friend’s house, at school, or at work—until the danger has passed and local authorities give you permission to move around freely.[1] This may sound pretty simple at first, but no matter how much you love your comfy couch, you might eventually feel a little stir crazy and want to get out. Even basic strategies like sticking to healthy routines and doing stress-relieving activities can help. If you start to feel too overwhelmed, don’t be afraid to reach out for help.","title":"Cope with Sheltering in Place"},"todo_list":[{"title":"Avoiding Loneliness and Boredom","tasks":[{"title":"Reach out to friends and family by phone or online.","content":"\n Isolation and loneliness are major problems when you’re sheltering in place. You can relieve this burden on both yourself and others by taking time to get in touch. Call friends, family, and loved ones who aren’t staying with you, chat with them over text, or video call them so you can see each other face-to-face.\n<ul>\n<li>A video call would be the best. It may not feel the same as getting together physically, but it's the closest thing because you can see your friends' and family's faces on the screen and talk in real time.</li>\n<li>You can also connect over social media, such as Facebook and Instagram. Share status updates to let others know you’re doing okay and check in to see how they’re doing.</li>\n</ul>\n\n"},{"title":"Make a virtual gathering space.","content":"\n Sheltering in place might mean cancelling parties and family gatherings, but the power of the internet means that you don’t have to give up on hanging out altogether. Try creating a Facebook group where you can share fun and positive content with your friends and loved ones. Post funny memes, your favorite YouTube videos, or uplifting news stories. You could even take turns doing fun livestream videos to entertain each other! \n<ul><li>You can also have virtual get-togethers using video chat programs with group chat features, such as Skype, Google Duo, Zoom, or Discord.</li></ul>\n"},{"title":"Take time to do activities you enjoy.","content":"\n Being stuck in lockdown can get boring quickly, but it doesn't have to be boring. Think of things you can do to reduce your stress, relieve boredom, and help the time go by faster. This might include working on hobbies and creative projects, watching movies, reading, cooking, or playing games.\n<ul>\n<li>Do fun group activities if you’re staying with other people. For example, you might play a family board game or watch a movie together.</li>\n<li>Avoid spending all your downtime on the internet or binge-watching shows on Netflix. Spending too much time in front of a screen can start to make you feel burnt out and depressed.<sup id=\"_ref-5\" class=\"reference\" aria-label=\"Link to Reference 5\"><a href=\"#_note-5\">[5]</a><span class=\"ts_popup \" hidden=\"\" id=\"ts_popup_5\" style=\"display: none;\">\n\t<span class=\"ts_close\">X</span>\n\t\t<span class=\"ts_name\">Research source</span>\n\t\t<span class=\"ts_description\"></span>\n\t\t\t\t<a href=\"#\" class=\"ts_source\" target=\"_blank\" rel=\"nofollow noreferrer noopener\"></a>\n\n</span>\n</sup>\n</li>\n</ul>\n"},{"title":"Work on chores and tasks around the home or wherever you’re staying.","content":"\n Taking positive action is a great way to keep busy and relieve your anxieties while you’re cooped up inside. Use the opportunity to take care of things that need to be done around the home, or look for actions you can take to help yourself and others get through the situation you’re in.\n<ul>\n<li>For example, you might do some deep cleaning, take an inventory of your supplies, or look up helpful information that you can share with others in the same situation.</li>\n<li>Look for ways to combine work with fun. For instance, you might make a shelter-in-place playlist with some of your favorite music and crank it up while everyone cleans up the kitchen.<sup id=\"_ref-7\" class=\"reference\" aria-label=\"Link to Reference 7\"><a href=\"#_note-7\">[7]</a><span class=\"ts_popup \" hidden=\"\" id=\"ts_popup_7\" style=\"display: none;\">\n\t<span class=\"ts_close\">X</span>\n\t\t<span class=\"ts_name\">Research source</span>\n\t\t<span class=\"ts_description\"></span>\n\t\t\t\t<a href=\"#\" class=\"ts_source\" target=\"_blank\" rel=\"nofollow noreferrer noopener\"></a>\n\n</span>\n</sup>\n</li>\n</ul>\n"},{"title":"Go outside occasionally if you’re able to.","content":"\n Being cooped up indoors for a long time can be very stressful. To avoid getting a raging case of cabin fever, go outside for a little while every day if you can, even if you’re just stepping onto your balcony or going into your backyard. Try to go out in the daytime so you can get sunlight, especially early in the day.\n<ul>\n<li>Don't go outdoors in extreme temperatures. Wait for the temperature to be moderate enough for it to be safe to go outside.</li>\n<li>Getting sun can help keep your day/night schedule from getting thrown off.</li>\n<li>Open your windows if the weather is nice.</li>\n<li>If you have kids or pets that go outdoors, take them outside with you so they can play and release pent-up energy. For example, you might go for a walk with your dog or take your kids into the back yard to play catch.</li>\n</ul>\n"},{"title":"Try to give yourself and others alone time.","content":"\n It’s important not to feel isolated while you’re sheltering in place, but it’s also crucial for everyone to have a little space sometimes. Even the people you love the most can start to drive you bonkers if you’re stuck at home with them for days or weeks on end! Try to schedule a little “me time” for you and anyone else in the home throughout the day.\n<ul>\n<li>If possible, create separate “zones” in your home or wherever you’re sheltering where people can go when they need space or are getting on each other’s nerves. For example, you might designate a chair in a corner of the living room as a “chill-out zone” for a family member, or a spot at the dining room table as a “work zone” for yourself.</li>\n<li>If you have noise-cancelling headphones, now is a great time to break them out. Even if you can’t physically separate yourself from the people you’re living with, you can listen to some peaceful music, an audio book, or nature sounds to help you tune out for a bit.</li>\n</ul>\n"}]},{"title":"Doing Fun Activities","tasks":[{"title":"Watch a little TV during your downtime.","content":"\n It’s not a great idea to veg out in front of a screen the whole time you’re on lockdown, but watching movies and TV can be a great way to unwind when you need a break between other activities. Take advantage of your time sheltering in place to catch up on movies and shows you haven’t seen yet, or take comfort in some of your old favorites.\n<ul>\n<li>Laughter is a fantastic stress reliever, so fire up a few episodes of <i>Nailed It,</i> <i>Brooklyn Nine-Nine,</i> or <i>Saturday Night Live</i> if you’re feeling down.<sup id=\"_ref-11\" class=\"reference trusted\" aria-label=\"Link to Reference 11\"><a href=\"#_note-11\">[11]</a><span class=\"ts_popup trustedsource\" hidden=\"\" id=\"ts_popup_11\" style=\"display: none;\">\n\t<span class=\"ts_close\">X</span>\n\t\t<a class=\"ts_trustworthy\" href=\"/wikiHow:Delivering-a-Trustworthy-Experience\">Trustworthy Source</a>\n\n\t\t<span class=\"ts_name\">Mayo Clinic</span>\n\t\t<span class=\"ts_description\">Educational website from one of the world's leading hospitals</span>\n\n\t\t\t\t<a href=\"#\" class=\"ts_source\" target=\"_blank\" rel=\"nofollow noreferrer noopener\">Go to source</a>\n</span>\n</sup>\n</li>\n<li>If you have a dark sense of humor and enjoy making light of the situation you’re in, you could even go for some comedies with apocalyptic themes, like <i>Good Omens,</i> <i>The World’s End,</i> or <i>Zombieland.</i>\n</li>\n<li>Make some popcorn and have a movie night with any family, friends, or roommates who are with you. You could even have a virtual watch party over instant messenger if you’re sheltering alone.</li>\n</ul>\n"},{"title":"Check out some new podcasts if you enjoy background listening.","content":"\n Podcasts are fun, often educational, and great for keeping you entertained while you’re doing other, not-so-fun things (like disinfecting your home). Ask your friends to recommend some of their favorite podcasts, or look at an online list of recommendations like this one from <i>Time:</i> <a target=\"_blank\" rel=\"nofollow noreferrer noopener\" class=\"external free\" href=\"https://time.com/5524332/best-podcasts-to-listen-to/\">https://time.com/5524332/best-podcasts-to-listen-to/</a>. \n<ul>\n<li>If you’re stressed by listening to too much media coverage of the emergency that has you on lockdown, avoid listening to podcasts that deal with related themes.</li>\n<li>You can find podcasts on platforms like Apple Podcasts, Google Play Music, Spotify, and Overcast.<sup id=\"_ref-13\" class=\"reference\" aria-label=\"Link to Reference 13\"><a href=\"#_note-13\">[13]</a><span class=\"ts_popup \" hidden=\"\" id=\"ts_popup_13\" style=\"display: none;\">\n\t<span class=\"ts_close\">X</span>\n\t\t<span class=\"ts_name\">Research source</span>\n\t\t<span class=\"ts_description\"></span>\n\t\t\t\t<a href=\"#\" class=\"ts_source\" target=\"_blank\" rel=\"nofollow noreferrer noopener\"></a>\n\n</span>\n</sup>\n</li>\n</ul>\n"},{"title":"Catch up on your reading.","content":"\n Reading is a relaxing, immersive experience that can help take your mind off of being stuck at home. Grab a book you’ve been meaning to read or pick up an old favorite that you’ve read a million times before. You can even make it a shared activity by reading out loud to anyone who wants to listen. \n<ul>\n<li>If you have kids, reading with them is a wonderful way to bond, keep them engaged, and make the shelter in place experience less stressful.<sup id=\"_ref-14\" class=\"reference\" aria-label=\"Link to Reference 14\"><a href=\"#_note-14\">[14]</a><span class=\"ts_popup \" hidden=\"\" id=\"ts_popup_14\" style=\"display: none;\">\n\t<span class=\"ts_close\">X</span>\n\t\t<span class=\"ts_name\">Research source</span>\n\t\t<span class=\"ts_description\"></span>\n\t\t\t\t<a href=\"#\" class=\"ts_source\" target=\"_blank\" rel=\"nofollow noreferrer noopener\"></a>\n\n</span>\n</sup>\n</li>\n<li>Try creating a family book club. You could all read the same book and schedule time to discuss it every evening, or you could read different books and take turns talking about whatever each person is reading.</li>\n</ul>\n"},{"title":"Have a dance party or jam session.","content":"\n Listening to music, dancing, and making your own music are all great ways to relieve stress while you’re sheltering in place. Listening to upbeat music can energize you and lift your mood, while calming music can help you relax and unwind. Create some playlists for different moods or times of the day that you and your family or friends can jam to. Put on some upbeat tunes and dance when you want to get your body moving. If you’re musically talented, you can sing or play an instrument to entertain yourself and whoever else may be staying with you. \n<ul>\n<li>Try hosting a dance party or virtual jam session online with friends and family who are sheltering somewhere else.</li>\n<li>If you’ve got kids, there are tons of sing- and dance-along videos online. Help them put together a playlist so you don’t end up listening to “Baby Shark” 24/7!</li>\n</ul>\n"},{"title":"Play some board or card games.","content":"\n Few things can help the time pass while you’re stuck inside like a board game. Get a friendly family competition going with a little Clue, Pictionary, Scrabble, or Carcassonne.\n<ul>\n<li>If you’re by yourself, try playing a solo game like solitaire or mahjong. You can also play social games online like Words with Friends or an MMORPG like World of Warcraft.</li>\n<li>Other kinds of games you can play include jigsaw puzzles, card games, and physical skill games like Jenga.</li>\n</ul>\n"},{"title":"Go on a nature walk if you can go outside.","content":"\n Getting outdoors, and especially spending time in nature, can help reduce stress and lift your spirits. If you’re allowed to walk around outdoors, try exploring a nearby walking path or going for a stroll around the block. Pay special attention to the animals, plants, and other natural features you see around you. \n<ul><li>If you have kids, take them out on a “bug walk.” Look for as many different kinds of insects as you can find. You could even take pictures of the bugs you find or draw them in a sketchbook, then go online and try to identify them all. This is something you can easily do even if you can’t leave your yard.</li></ul>\n"},{"title":"Do some fun cooking projects.","content":"\n Having good food can make your shelter in place experience a lot more enjoyable. The act of cooking itself can also be fun, especially if you can make it a shared family activity. Break out some cookbooks or look online to find fun recipes you can make with the supplies you have.\n<ul><li>Baking is a lot of fun and easy to do with limited supplies. See if you can make some basic cookies, muffins, or bread with stuff you have in the pantry.</li></ul>\n"},{"title":"Get creative with arts and crafts.","content":"\n Whether you’re a master artist or can’t manage much more than a stick figure, making art can lower stress. It’s also a great way to express your feelings in a safe and healthy manner. Do some doodling, coloring, knitting, or whatever kind of project strikes your fancy. \n<ul>\n<li>Doing arts and crafts is a fantastic way to bond with kids and keep them busy while they’re stuck at home. Search for kid-friendly arts and crafts projects online.</li>\n<li>You can also play simple art games with anyone who’s staying with you. For example, give everyone a piece of paper and have them start drawing. When everyone has drawn a little, have someone in the group shout “Change!” Then, everyone passes their paper to the person to their right. Add onto the drawing you just received until the next person says “Change.”</li>\n<li>If you’re sheltering alone, try a social drawing app or website like Aggie, Drawesome, or Drawize.</li>\n</ul>\n"}]},{"title":"Maintaining Regular Routines","tasks":[{"title":"Stock up on supplies if you have time to prepare ahead.","content":"\n It’s not always possible to plan ahead for a shelter in place situation. If you have the opportunity to do so, however, getting supplies in advance can help the experience go more smoothly. Stock up on enough supplies to last you through the time you expect to be sheltering.\n<ul>\n<li>It’s hard to know for sure how long a shelter in place situation will last, but as a rule it’s a good idea to have about 2 weeks’ worth of food, water, hygiene and cleaning supplies, medications, batteries, pet food, and any other supplies you regularly use.</li>\n<li>Don’t buy up more supplies than you think you and your family will need. Doing so will only make it harder for other people to deal with the situation.</li>\n</ul>\n"},{"title":"Create a daily schedule for yourself and your family.","content":"\n You might be tempted to lie around in your pajamas and watch TV all day while you’re stuck at home, but having a sense of stability and routine is important in times of uncertainty. If you live with family, and especially children, it can be helpful to have a set schedule that everyone can follow. Write out the schedule and post it up someplace where everyone can see it.\n<ul>\n<li>Work together with your family to create a schedule that works for everyone. Discuss everyone’s needs, strengths, concerns, and expectations.<sup id=\"_ref-22\" class=\"reference\" aria-label=\"Link to Reference 22\"><a href=\"#_note-22\">[22]</a><span class=\"ts_popup \" hidden=\"\" id=\"ts_popup_22\" style=\"display: none;\">\n\t<span class=\"ts_close\">X</span>\n\t\t<span class=\"ts_name\">Research source</span>\n\t\t<span class=\"ts_description\"></span>\n\t\t\t\t<a href=\"#\" class=\"ts_source\" target=\"_blank\" rel=\"nofollow noreferrer noopener\"></a>\n\n</span>\n</sup>\n</li>\n<li>Your schedule might include things like having breakfast and other meals together, doing schoolwork, taking time for family activities, exercising, and doing household chores. Don’t forget to schedule in a little “me time” for everyone so you don’t drive each other nuts!</li>\n<li>Even if you’re alone, writing a schedule for yourself can help you stick to a healthy routine.</li>\n</ul>\n"},{"title":"Get up and go to bed at your usual times.","content":"\n When you’re not able to follow your normal routines of going to work or school, it can be easy for your regular sleeping patterns to get thrown off. Try not to give in to the allure of sleeping until noon and staying up until the wee hours of the morning. Even though you don’t have to be anywhere, make a point of setting your alarm and getting up when you normally would. Establish a regular bedtime routine and try to be in bed by your usual bedtime.\n<ul>\n<li>Aim to get 7-9 hours of sleep if you’re an adult, and 8-10 if you’re a teen.</li>\n<li>Getting plenty of sunlight can help you maintain a normal sleep cycle, so try to step outside for a few minutes or open your curtains first thing in the morning. Start dimming your lights 2-3 hours before you go to bed, and turn off any bright screens within an hour or so of bedtime.<sup id=\"_ref-25\" class=\"reference\" aria-label=\"Link to Reference 25\"><a href=\"#_note-25\">[25]</a><span class=\"ts_popup \" hidden=\"\" id=\"ts_popup_25\" style=\"display: none;\">\n\t<span class=\"ts_close\">X</span>\n\t\t<span class=\"ts_name\">Research source</span>\n\t\t<span class=\"ts_description\"></span>\n\t\t\t\t<a href=\"#\" class=\"ts_source\" target=\"_blank\" rel=\"nofollow noreferrer noopener\"></a>\n\n</span>\n</sup>\n</li>\n<li>Maintaining a regular sleep routine will improve your mood and energy levels and make it easier to manage the stress of being in lockdown for a long time. \n</li>\n</ul>\n"},{"title":"Set a regular time to check the news so you can stay informed.","content":"\n When you’re sheltering in place, it’s crucial to keep yourself informed of the situation so that you can be aware of any major changes or actions you need to take to stay safe. However, looking at the news too much can be stressful and scary. Give yourself a specific amount of time each day to look at updates from a reliable source.\n<ul>\n<li>For example, if you’re sheltering in place due to the coronavirus outbreak, you might stick to looking at updates from the CDC, the World Health Organization, or your local Public Health Department.</li>\n<li>If you watch or read the news, you might limit yourself to just 15 minutes a day or only 2-3 stories at a time. You know best how much you can handle before it starts to really stress you out.</li>\n<li>Be conscious of how others in the home are affected, too. For example, avoid exposing children to lots of frightening media coverage. Summarize what’s going on for them in a straightforward way, but don’t leave the TV on 24/7 so that they hear all the scariest stories about what’s happening.<sup id=\"_ref-28\" class=\"reference trusted\" aria-label=\"Link to Reference 28\"><a href=\"#_note-28\">[28]</a><span class=\"ts_popup trustedsource\" hidden=\"\" id=\"ts_popup_28\" style=\"display: none;\">\n\t<span class=\"ts_close\">X</span>\n\t\t<a class=\"ts_trustworthy\" href=\"/wikiHow:Delivering-a-Trustworthy-Experience\">Trustworthy Source</a>\n\n\t\t<span class=\"ts_name\">Centers for Disease Control and Prevention</span>\n\t\t<span class=\"ts_description\">Main public health institute for the US, run by the Dept. of Health and Human Services</span>\n\n\t\t\t\t<a href=\"#\" class=\"ts_source\" target=\"_blank\" rel=\"nofollow noreferrer noopener\">Go to source</a>\n</span>\n</sup>\n</li>\n</ul>\n"},{"title":"Take breaks to eat, exercise, and care for your hygiene.","content":"\n Self-care during a shelter in place situation is vital for both your physical and emotional health. When you don’t have to go anywhere, it’s easy to forget to do simple things like getting dressed, brushing your hair, and even eating. Make a conscious effort to do all the things you would normally do throughout a regular day, such as:\n<ul>\n<li>Eating nutritious meals and snacks at regular times.</li>\n<li>Showering, brushing your hair, and cleaning your teeth.</li>\n<li>Getting dressed for the day and putting on your pajamas at night.</li>\n<li>Getting up and moving around.</li>\n</ul>\n"},{"title":"Talk to your boss or teachers about doing work from home.","content":"\n While the idea of having time off from school or work might seem fun under other circumstances, it can be a major source of stress when you don’t have a choice in the matter. Keep in touch with your employer, teachers, or school administrators about what you can do to keep up with your regular work or study routines while you’re sheltering in place.\n<ul>\n<li>For example, you may be able to do work online or by video conference.</li>\n<li>If you have a job that can’t accommodate working from home, talk to your boss about what kinds of leave options are available to you.</li>\n<li>If you have kids, their teachers will probably develop e-learning resources and online lessons for them. Reach out to the school if you have any questions about how to help your kids learn at home.</li>\n</ul>\n"},{"title":"Maintain any spiritual or religious practices you normally do.","content":"\n If the shelter in place situation is disruptive to your regular spiritual or religious practices, look for ways to keep them up at home. This can be a source of comfort during a scary and stressful situation. You may not be able to go to your church, temple, mosque, or other place of worship, but you can still find ways to practice your faith wherever you happen to be.\n<ul>\n<li>For example, even if you can’t go to services at your place of worship, you can still pray, study religious texts, meditate, or make offerings as you normally would.</li>\n<li>Some places of worship may offer videos or live streams of their regular religious services.</li>\n</ul>\n"},{"title":"Reach out to your doctor about remote checkups if you have health issues.","content":"\n If you have any conditions that require regular checkups or medical treatment, call your doctor to discuss what to do. They may be able to continue your checkups over the phone or by video chat. They can also advise you on what to do if it’s necessary to seek medical attention in person.\n<ul>\n<li>If you’re sheltering in place due to an infectious disease outbreak, such as the COVID-19 coronavirus pandemic, call your doctor right away if you start to experience symptoms. Don’t show up at your doctor’s office or the emergency room without calling ahead first, since they may need to take special precautions to protect other patients, themselves, and you.<sup id=\"_ref-33\" class=\"reference trusted\" aria-label=\"Link to Reference 33\"><a href=\"#_note-33\">[33]</a><span class=\"ts_popup trustedsource\" hidden=\"\" id=\"ts_popup_33\" style=\"display: none;\">\n\t<span class=\"ts_close\">X</span>\n\t\t<a class=\"ts_trustworthy\" href=\"/wikiHow:Delivering-a-Trustworthy-Experience\">Trustworthy Source</a>\n\n\t\t<span class=\"ts_name\">Centers for Disease Control and Prevention</span>\n\t\t<span class=\"ts_description\">Main public health institute for the US, run by the Dept. of Health and Human Services</span>\n\n\t\t\t\t<a href=\"#\" class=\"ts_source\" target=\"_blank\" rel=\"nofollow noreferrer noopener\">Go to source</a>\n</span>\n</sup>\n</li>\n<li>If you take medications, call your pharmacy to ask about home delivery options.</li>\n</ul>\n"}]},{"title":"Coping with Negative Emotions","tasks":[{"title":"Remind yourself that it’s normal to feel complicated emotions.","content":"\n Being stuck in lockdown is stressful. While everyone reacts to these kinds of situations differently, it’s not unusual to feel a wide variety of different emotions. Try not to judge your own reactions or those of others, and remember that it’s completely natural to feel things such as:\n<ul>\n<li>Anxiety or fear for yourself or others.</li>\n<li>Confusion or uncertainty.</li>\n<li>Frustration.</li>\n<li>Boredom.</li>\n<li>Irritability or anger.</li>\n<li>Loneliness.</li>\n<li>Sadness.</li>\n<li>Guilt, particularly if sheltering in place makes it hard for you to take care of your regular responsibilities or obligations.</li>\n</ul>\n"},{"title":"Take frequent breaks between stressful activities.","content":"\n If you start to feel overwhelmed while you’re cleaning, gathering supplies, doing remote work, or caring for family members, stop and take a brief break. Pace yourself so that you don’t get too stressed and start to burn out.\n<ul>\n<li>Get up and walk around for a bit, have a healthy snack, or do a few minutes of meditating or deep breathing.</li>\n<li>After completing a difficult task, like sanitizing your bathroom, take a break and do something fun. For example, you might read for half an hour or watch a little TV.</li>\n</ul>\n"},{"title":"Meditate or do other stress-relieving activities.","content":"\n If you feel stressed or anxious, look for things you can do to relax. This will help you feel calmer and more focused. A few options include:\n<ul>\n<li>Meditating</li>\n<li>Taking a walk, run or bike ride</li>\n<li>Doing deep breathing exercises</li>\n<li>Listening to peaceful music</li>\n<li>Stretching or doing yoga</li>\n<li>Taking a warm shower or bath</li>\n<li>Drawing, coloring, or playing music</li>\n</ul>\n"},{"title":"Aim for at least 30 minutes of physical activity each day.","content":"\n Getting exercise can boost your mood, raise your energy levels, and lower your risk of developing health problems. Try to work out for at least 30 minutes a day, even if you’re just doing jumping jacks in your living room or running laps around your back yard.\n<ul>\n<li>You can also get exercise by doing household chores, like vacuuming your home or mowing the lawn.</li>\n<li>If you’re staying with your family or other people, you can make physical activity more fun by doing it together. For example, you could have a dance party with your kids or follow a workout routine on YouTube with your roommate.</li>\n</ul>\n"},{"title":"Write about your feelings in a journal.","content":"\n Writing down how you feel can help your emotions feel more manageable. Jot down your thoughts and fears in a diary, notebook, or computer document. You can also write down things that you feel grateful for to help you feel more positive about the situation.\n<ul><li>If you want, you can even write a blog chronicling your feelings and experiences as you shelter in place. This is a good way to create a sense of connection with others while also working through your feelings in a therapeutic way.</li></ul>\n"},{"title":"Talk to your friends or loved ones about how you’re feeling.","content":"\n If you’re feeling scared, upset, or lonely, reach out to someone close to you. Let them know how you’re feeling and commiserate with them about their own feelings. Sometimes just talking about how you feel can improve your mood.\n<ul><li>For example, you might call up a friend or family member and say, “Hey, I’m feeling kind of down and just wanted to chat. Is now a good time?”</li></ul>\n"},{"title":"Reach out to a counselor or crisis line if you feel overwhelmed.","content":"\n Sometimes, the stress of coping with a major disaster can be too much to handle on your own, and being stuck in isolation doesn’t help. If you can’t shake your feelings of anxiety or sadness, or if you have thoughts of harming yourself or others, call your doctor, a counselor, a crisis line, or your local emergency number right away.\n<ul>\n<li>If you live in the U.S., you can get help by calling the SAMHSA Disaster Distress Helpline at 1-800-985-5990.</li>\n<li>You can also text HOME to the Crisis Text Line at 741741 if you live in the U.S., 686868 if you live in Canada, or 85258 if you live in the U.K.</li>\n</ul>\n"}]}],"questions":[]}