{"meta":{"description":"A child acting out, having a tantrum or becoming uncontrollable can be a frustrating and scary situation to be in. You are responsible for remaining calm and keeping safety as a top priority. The ultimate goal is to handle the situation in such a way that the child trusts you more after the interaction and the behavior decreases over time.","title":"De Escalate a Child in Crisis"},"todo_list":[{"title":"Steps","tasks":[{"title":"Assess any safety risks.Take a moment to look around the environment and identify if there are any dangerous objects or hazards.","content":"\n Some examples of safety risks are:\n<ul>\n<li>Sharp objects</li>\n<li>Cords that could become tangled around the child</li>\n<li>A set of stairs that could be fallen down</li>\n<li>A hot stove or fireplace</li>\n</ul>\n\n"},{"title":"Make adjustments to the child's environment to ensure their safety.","content":"\n If you identify safety concerns do what you can to remove them from the child's crisis area. Some things you can do to ensure safety are:\n<ul>\n<li>Move dangerous objects to a high shelf or secure cupboard</li>\n<li>Stand in front of sharp corners</li>\n<li>Physically move to another room - the child may follow you to keep your attention</li>\n</ul>\n"},{"title":"Calm your self.","content":"\n This step is easy to skip, but it is very important for a successful outcome.\n<ul>\n<li>Take deep breathes</li>\n<li>Remind yourself that you can resolve this safety and effectively</li>\n<li>Feel the contrast between your calm demeanor and the child's out-of-control one</li>\n<li>Let go of planning how you will resolve this</li>\n<li>Let go of thinking about discipline or consequences</li>\n<li>Let go of worrying about how much time it is taking or may take</li>\n</ul>\n"},{"title":"Calm the child.","content":"\n Each situation and each child is different so you must think on your feet and be creative. Their initial escalating behavior may have been attention seeking or manipulative, but a child who has become out-of-control is not doing it to be malicious or cause trouble on purpose. They are acting out because they are not being fully understood and they are angry. Some things you can try are:\n<ul>\n<li>Sit near them and speak soft reassuring words.</li>\n<li>Let them destroy something that you are okay with (ex: break all their Legos apart, rip all the sheets off their bed, stomp grapes on the sidewalk, etc.)</li>\n<li>Tell&nbsp;them you would like to help them but can't do so until they calm down.</li>\n</ul>\n"},{"title":"Give them some quiet time and space.","content":"\n A child who has calmed their body down still needs to calm their mind down. They are likely ashamed of causing such a scene and may be upset or embarrassed about some of the damage they did. Do not proceed to yelling at them or discussing consequences until they have had time to rest and get back to a more stable state of mind. Make sure to tell them you are proud of them for calming down, that you are not mad, and that everything is okay. This will feel counter-intuitive, but shows the child that their acting out didn't phase you and that you are strong and capable of handling stressful situations.\n"},{"title":"Discuss how to make amends.","content":"\n\n<ul>\n<li>Ask the child what they need to do to make it right.</li>\n<li>Make sure they clean up any thing they destroyed or damaged.</li>\n<li>Have them apologize to anyone who may have been hurt or scared by their actions.</li>\n</ul>\n"},{"title":"Discuss what they will do next time.","content":"\n\n<ul>\n<li>Have the child brainstorm what might work better to get what they want.</li>\n<li>Come up with more ways to express their anger that&nbsp;are safe and appropriate.</li>\n</ul>\n"},{"title":"Tell them how you feel.","content":"\n Make sure you tell the child how their words and actions affected you. If a certain location, person, time of day, activity or object played a role in their out-of-control behavior make sure you discuss it. Did they loose some of your trust? Are you going to stop bringing them to the store because of their inappropriate actions? Will you need to be present next time that particular friend visits? Is their baseball bat no longer a safe toy? Finally, tell them you care about them and will be there for them no matter what happens.\n"}]}],"questions":[{"title":"How do I deescalate a child when she has a panic attack?","content":"Tell the child it is going to be okay and try to calm her down by breathing deeply and slowly with her."}]}