{"meta":{"description":"Hurricane clips are a fantastic way of securing potentially hazardous parts of your house in stormy weather. These clips work by further strengthening the bond between the roof and the walls of your house so the roof does not blow away in a hurricane. They are relatively inexpensive and if you want to install them by yourself, then they just require a little bit of care and attention.","title":"Install Hurricane Clips"},"todo_list":[{"title":"Preparing Your Roof to be Secured","tasks":[{"title":"Examine your roof for diagonal beams.","content":"\n You need to get into the attic of your roof using a ladder and inspect the connections between the diagonal beams and horizontal beams. Doing this means you can go to the hardware store and be sure that you are buying the right amount of clips. You need a clip for every diagonal beam that attaches to a horizontal beam.\n<ul>\n<li>Hurricane clips are metal straps that connect the roof truss to the top of a wall. That way, the roof system won't blow off during a hurricane.<sup id=\"_ref-2\" class=\"reference trusted\" aria-label=\"Link to Reference 2\"><a href=\"#_note-2\">[2]</a><span class=\"ts_popup trustedsource\" hidden=\"\" id=\"ts_popup_2\" style=\"display: none;\">\n\t<span class=\"ts_close\">X</span>\n\t\t<a class=\"ts_trustworthy\" href=\"/wikiHow:Delivering-a-Trustworthy-Experience\">Expert Source</a>\n\n\t\t<span class=\"ts_name\"></span>\n\t\t\t<a class=\"ts_expert_link\" href=\"/Experts?name=stevelinton#stevelinton\"><span class=\"ts_expert_image\"><picture><source type=\"image/webp\" srcset=\"/images/thumb/7/73/Steve_Linton.png/-crop-100-100-100px-Steve_Linton.png.webp\"><img src=\"/images/thumb/7/73/Steve_Linton.png/-crop-100-100-100px-Steve_Linton.png\" alt=\"Steve Linton\" loading=\"lazy\" width=\"30\" height=\"30\" style=\"max-width: 30px\"></picture></span>Steve Linton<br><span class=\"ts_blurb\">Custom Home Builder</span></a>\n\n\t\t<span class=\"ts_description\">Expert Interview.  16 September 2020.</span>\n\n</span>\n</sup>\n</li>\n<li>Always take caution when using a step-ladder and make sure you have someone there to hold the ladder still.</li>\n</ul>\n\n"},{"title":"Purchase the H-1 hurricane clips from your local hardware store.","content":"\n Once you've measured how many clips you need, you are ready to go out and buy them. Buy a couple extra just in case you need more than you measured.\n<ul><li>There should be instructions that come with the clips so hang onto these for future reference if you get stuck.</li></ul>\n"},{"title":"Locate where the pieces of wood meet.","content":"\n You are strengthening the roof by securing two pieces of wood. One piece runs parallel to the ground and the other runs diagonally upwards to meet another piece of wood in the middle.\n<ul>\n<li>The diagonal piece meets the flat piece at the base and this is where the clip goes.</li>\n<li>You may be installing these clips before the diagonal beams have been fitted. If this is the case, simply mark with a pencil where you anticipate the diagonal beams going.<sup id=\"_ref-4\" class=\"reference\" aria-label=\"Link to Reference 4\"><a href=\"#_note-4\">[4]</a><span class=\"ts_popup \" hidden=\"\" id=\"ts_popup_4\" style=\"display: none;\">\n\t<span class=\"ts_close\">X</span>\n\t\t<span class=\"ts_name\">Research source</span>\n\t\t<span class=\"ts_description\"></span>\n\t\t\t\t<a href=\"#\" class=\"ts_source\" target=\"_blank\" rel=\"nofollow noreferrer noopener\"></a>\n\n</span>\n</sup>\n</li>\n</ul>\n"},{"title":"Position the clip so the gap in it is pointing forward into the house.","content":"\n The clips have a space where the wooden beam can sit in it. This space needs to be pointing forward into the house for the clip to work effectively.\n<ul>\n<li>If you are having trouble figuring out how to position the clip, it attaches to the outside of the horizontal beam and there will be a ‘U’ shaped gap where the beam sits in.</li>\n<li>The gap in the clip sits just above the foundation beam so the diagonal beam can sit comfortably in it.<sup id=\"_ref-5\" class=\"reference\" aria-label=\"Link to Reference 5\"><a href=\"#_note-5\">[5]</a><span class=\"ts_popup \" hidden=\"\" id=\"ts_popup_5\" style=\"display: none;\">\n\t<span class=\"ts_close\">X</span>\n\t\t<span class=\"ts_name\">Research source</span>\n\t\t<span class=\"ts_description\"></span>\n\t\t\t\t<a href=\"#\" class=\"ts_source\" target=\"_blank\" rel=\"nofollow noreferrer noopener\"></a>\n\n</span>\n</sup>\n</li>\n</ul>\n"},{"title":"Hammer in the clip to the parallel beam using 2.5 inches (6.4 cm) nails.","content":"\n Once you’ve spaced out where you are going to attach the clips, they are ready to be attached. This process starts with nailing them into the parallel beam.\n<ul>\n<li>These nails go through the base plate of the clip.</li>\n<li>There are nail holes in the clip so you don’t need to worry about hammering them through the metal of the clip.</li>\n<li>If you don’t have 2.5 inches (6.4&nbsp;cm) nails that’s ok, but aim to use nails that are as close to this length as possible. If the nails are too short then the strength will be reduced.<sup id=\"_ref-6\" class=\"reference\" aria-label=\"Link to Reference 6\"><a href=\"#_note-6\">[6]</a><span class=\"ts_popup \" hidden=\"\" id=\"ts_popup_6\" style=\"display: none;\">\n\t<span class=\"ts_close\">X</span>\n\t\t<span class=\"ts_name\">Research source</span>\n\t\t<span class=\"ts_description\"></span>\n\t\t\t\t<a href=\"#\" class=\"ts_source\" target=\"_blank\" rel=\"nofollow noreferrer noopener\"></a>\n\n</span>\n</sup>\n</li>\n</ul>\n"}]},{"title":"Securing the Clips to the Diagonal Beams","tasks":[{"title":"Position the diagonal beam so it is sitting in the open ‘U’ space.","content":"\n This is only necessary if the diagonal beam going towards the apex of the roof has not been installed yet. If it has been installed then you must fit the clip to the beams rather than the other way around.\n<ul><li>Do your best to have the clip completely flat so that the diagonal beam can come straight through the open space without needing to be rotated at all.<sup id=\"_ref-7\" class=\"reference\" aria-label=\"Link to Reference 7\"><a href=\"#_note-7\">[7]</a><span class=\"ts_popup \" hidden=\"\" id=\"ts_popup_7\" style=\"display: none;\">\n\t<span class=\"ts_close\">X</span>\n\t\t<span class=\"ts_name\">Research source</span>\n\t\t<span class=\"ts_description\"></span>\n\t\t\t\t<a href=\"#\" class=\"ts_source\" target=\"_blank\" rel=\"nofollow noreferrer noopener\"></a>\n\n</span>\n</sup>\n</li></ul>\n"},{"title":"Hammer in 2 nails through the clip into the diagonal wood.","content":"\n The nails should be 2.5 in (6.4 cm), the same as earlier. This process forms the second part of attaching the clips. Use a minimum of 2 nails here going into the beams. These nails do not go through the base plate of the clip they go through the small extension plate the diagonal beam actually sits in.\n<ul>\n<li>There are holes in the clip where you can hammer the nails through so you aren’t going straight through the steel.</li>\n<li>Feel free to use more nails if you feel that you need more to make sure the clip is held secure.</li>\n<li>Make sure to hammer in the nails all the way to ensure the clip is held in there as securely as possible.<sup id=\"_ref-8\" class=\"reference\" aria-label=\"Link to Reference 8\"><a href=\"#_note-8\">[8]</a><span class=\"ts_popup \" hidden=\"\" id=\"ts_popup_8\" style=\"display: none;\">\n\t<span class=\"ts_close\">X</span>\n\t\t<span class=\"ts_name\">Research source</span>\n\t\t<span class=\"ts_description\"></span>\n\t\t\t\t<a href=\"#\" class=\"ts_source\" target=\"_blank\" rel=\"nofollow noreferrer noopener\"></a>\n\n</span>\n</sup>\n</li>\n</ul>\n"},{"title":"Repeat this process at each meeting of a horizontal and diagonal beam.","content":"\n Your roof or wall will probably have several places where these hurricane clips need to be installed. How many clips you install is completely up to you. However, for maximum security, install a clip at each point a diagonal beam meets a horizontal one.\n<ul>\n<li>If you do not install the clips at each opportunity, these spots will prove to be much weaker in a storm and are at risk of being blown off.<sup id=\"_ref-9\" class=\"reference trusted\" aria-label=\"Link to Reference 9\"><a href=\"#_note-9\">[9]</a><span class=\"ts_popup trustedsource\" hidden=\"\" id=\"ts_popup_9\" style=\"display: none;\">\n\t<span class=\"ts_close\">X</span>\n\t\t<a class=\"ts_trustworthy\" href=\"/wikiHow:Delivering-a-Trustworthy-Experience\">Trustworthy Source</a>\n\n\t\t<span class=\"ts_name\">State of Connecticut</span>\n\t\t<span class=\"ts_description\">Official website for the State of Connecticut</span>\n\n\t\t\t\t<a href=\"#\" class=\"ts_source\" target=\"_blank\" rel=\"nofollow noreferrer noopener\">Go to source</a>\n</span>\n</sup>\n</li>\n<li>For even more protection, use double ties at each juncture.<sup id=\"_ref-10\" class=\"reference trusted\" aria-label=\"Link to Reference 10\"><a href=\"#_note-10\">[10]</a><span class=\"ts_popup trustedsource\" hidden=\"\" id=\"ts_popup_10\" style=\"display: none;\">\n\t<span class=\"ts_close\">X</span>\n\t\t<a class=\"ts_trustworthy\" href=\"/wikiHow:Delivering-a-Trustworthy-Experience\">Expert Source</a>\n\n\t\t<span class=\"ts_name\"></span>\n\t\t\t<a class=\"ts_expert_link\" href=\"/Experts?name=stevelinton#stevelinton\"><span class=\"ts_expert_image\"><picture><source type=\"image/webp\" srcset=\"/images/thumb/7/73/Steve_Linton.png/-crop-100-100-100px-Steve_Linton.png.webp\"><img src=\"/images/thumb/7/73/Steve_Linton.png/-crop-100-100-100px-Steve_Linton.png\" alt=\"Steve Linton\" loading=\"lazy\" width=\"30\" height=\"30\" style=\"max-width: 30px\"></picture></span>Steve Linton<br><span class=\"ts_blurb\">Custom Home Builder</span></a>\n\n\t\t<span class=\"ts_description\">Expert Interview.  16 September 2020.</span>\n\n</span>\n</sup>\n</li>\n</ul>\n"},{"title":"Finish off by doing a final check over all the clips you’ve installed.","content":"\n When you’ve gotten to the end and you’ve installed all the clips, it’s important to go back and do a final check. Doing this allows you to make sure you didn’t miss any nails, check that the clips are connected in the right places, and ensure everything is secure.\n<ul><li>If you have missed nails on any clips, simply go back and hammer in the nails where necessary to ensure maximum security.<sup id=\"_ref-11\" class=\"reference\" aria-label=\"Link to Reference 11\"><a href=\"#_note-11\">[11]</a><span class=\"ts_popup \" hidden=\"\" id=\"ts_popup_11\" style=\"display: none;\">\n\t<span class=\"ts_close\">X</span>\n\t\t<span class=\"ts_name\">Research source</span>\n\t\t<span class=\"ts_description\"></span>\n\t\t\t\t<a href=\"#\" class=\"ts_source\" target=\"_blank\" rel=\"nofollow noreferrer noopener\"></a>\n\n</span>\n</sup>\n</li></ul>\n"}]}],"questions":[{"title":"Where do you attach hurricane clips?","content":"Support wikiHow by unlocking this expert answer.\nThe idea with a hurricane tie is it's a metal strap that's going to connect a roof truss to the top of a wall. That way, the roof system won't blow off during a storm."}]}