{"meta":{"description":"Natural and man-made disasters can strike at any time. Even with advance warning, any disaster, from a hurricane, tornado, or a nuclear accident, can catch you off guard and put you in grave danger. A little planning and practice before you're in danger can help you and your family survive even the worst disasters.","title":"Make a Disaster Plan for Your Family"},"todo_list":[{"title":"General Strategies for Making a Disaster Plan","tasks":[{"title":"Determine what disasters are the most prevalent in your area.","content":"\n If you live in Kansas, you don't need to prepare for a hurricane, but you'd better be ready for tornadoes. While some disasters, such as fire, can happen anywhere, the hazards you might encounter vary widely from place to place. Check with your local emergency management or civil defense office, Red Cross chapter, or the National Weather Service to get an idea of what emergencies you should prepare for.\n\n"},{"title":"Find out what you should do in case a disaster strikes.","content":"\n The organizations above will likely be able to advise you what to do in an emergency. They may be able to provide you with evacuation maps and information about local warning systems and emergency plans. If you can't get all the information you need from officials, research your local hazards on your own.\n<ul>\n<li>Figure out, for example, what preparations you should make for a tornado or hurricane and how to survive if you're caught in a disaster, and determine the best evacuation routes on your own if need be.</li>\n<li>Remember, when push comes to shove, it's <i>your</i> responsibility to ensure your family is well prepared.</li>\n</ul>\n"},{"title":"Pick a meeting spot and a way to get in contact with your family members.","content":"\n There's a good chance that all your family members won't be in the same place when disaster strikes, so it's important to have a predetermined rendezvous point. Choose a spot that will likely be safe and that is well away from your neighborhood, as you might not be able to make it back to your home.\n"},{"title":"Designate a contact person to connect your family.","content":"\n Designate a friend or relative as a contact person that you, your spouse, and your children can call if you can't meet up. In order to minimize the chance that the contact person will also be affected by the disaster, choose someone who lives in a distant town or in a different state. Make sure that all your family members have the contact person's phone number with them at all times.\n"},{"title":"Discuss disaster scenarios with your family and make sure everyone knows what to do in all the likely emergency scenarios.","content":"\n It's important to educate yourself on how to respond to likely hazards, but what happens to your family if they are away from you or if you're killed or injured? It's not enough for one person in the family to know what to do--everybody should know the plan.\n"},{"title":"Fix potential hazards in your home.","content":"\n Once you've identified potential disaster scenarios, thoroughly inspect your house and try to make it as safe as possible. Here are just a few examples:\n<ul>\n<li>Every home should have smoke detectors and fire extinguishers. Test smoke detectors at least once a month, and replace their <a href=\"/Recharge-Batteries\" title=\"Recharge Batteries\">batteries</a> yearly or as needed. Fire extinguishers should be recharged according to the manufacturer's instructions, and family members should learn how to use them. Everyone should also know how to escape the house in the event of a fire.</li>\n<li>If you live in an area prone to <a href=\"/React-During-an-Earthquake\" title=\"React During an Earthquake\">earthquakes</a>, you wouldn't want a tall, heavy bookcase sitting right next to the baby's crib, as it could be knocked over in a quake.</li>\n<li>If you live near woods with the possibility of forest fires, you should clear your property of brush and high grass to create a buffer zone between your home and the fire.</li>\n</ul>\n"},{"title":"Teach your family members basic life-saving techniques.","content":"\n Everyone who can learn <a href=\"/Do-CPR-on-an-Adult\" title=\"Do CPR on an Adult\">CPR</a> and <a href=\"/Create-a-Home-First-Aid-Kit\" title=\"Create a Home First Aid Kit\">first aid</a> should take a certification class and keep their certification current. Adults and older children should know how to turn off gas, electricity and water if the house is damaged, and everyone should know how to detect a gas leak. Emergency numbers should be posted near phones, and even small children should be taught how to <a href=\"/Call-911\" title=\"Call 911\">call 9-1-1</a> or the corresponding emergency number in your country.\n<ul><li>Practicing how to use a fire extinguisher and checking smoke detectors are great reminder exercises to do once a year.</li></ul>\n"},{"title":"Have enough water to last you 10 to 30 days.","content":"\n During an emergency situation, such as an earthquake, your house may lose access to water, and you may not be able to get to the store to get more water. During a flood, you may be surrounded by water, but that water will be unsanitary and unsafe to drink. You also may not have access to drinking water.\n<ul>\n<li>Plan on having one gallon (3.785 liters) per person per day. This includes drinking, food preparation, and sanitation water.<sup id=\"_ref-1\" class=\"reference\" aria-label=\"Link to Reference 1\"><a href=\"#_note-1\">[1]</a><span class=\"ts_popup \" hidden=\"\" id=\"ts_popup_1\" style=\"display: none;\">\n\t<span class=\"ts_close\">X</span>\n\t\t<span class=\"ts_name\">Research source</span>\n\t\t<span class=\"ts_description\"></span>\n\t\t\t\t<a href=\"#\" class=\"ts_source\" target=\"_blank\" rel=\"nofollow noreferrer noopener\"></a>\n\n</span>\n</sup>\n</li>\n<li>Store your emergency water in clean, non-corrosive, tightly sealed containers.</li>\n<li>Keep the containers in a cool, dark place. Don't store them in sunlight or near gasoline, kerosene, pesticides, and other similar substances.<sup id=\"_ref-2\" class=\"reference\" aria-label=\"Link to Reference 2\"><a href=\"#_note-2\">[2]</a><span class=\"ts_popup \" hidden=\"\" id=\"ts_popup_2\" style=\"display: none;\">\n\t<span class=\"ts_close\">X</span>\n\t\t<span class=\"ts_name\">Research source</span>\n\t\t<span class=\"ts_description\"></span>\n\t\t\t\t<a href=\"#\" class=\"ts_source\" target=\"_blank\" rel=\"nofollow noreferrer noopener\"></a>\n\n</span>\n</sup>\n</li>\n</ul>\n"},{"title":"Assemble a disaster kit","content":"\n<a href=\"/Pack-an-Emergency-Kit-for-the-House\" title=\"Pack an Emergency Kit for the House\"><b class=\"whb\">Assemble a disaster kit</b></a> Be prepared for emergencies with at least a three-day supply of non-perishable food and potable <a href=\"/Purify-Water\" title=\"Purify Water\">water</a>, and other things you might need if you have no utilities and no way to purchase supplies. Keep a smaller kit in the trunk of your car. Your kit should also include the following:\n<ul>\n<li>Medical consent and history forms for each family member</li>\n<li>A small, waterproof flashlight with extra batteries and waterproof matches</li>\n<li>A small notepad and waterproof writing instrument</li>\n<li>A pay-as-you-go phone or cell phone solar charger</li>\n<li>Sunscreen and insect repellant</li>\n<li>Whistle and a 12-hour light stick/glow stick</li>\n<li>A thermal blanket/space blanket</li>\n</ul>\n"},{"title":"Pack a first aid kit","content":"\n<a href=\"/Create-a-Home-First-Aid-Kit\" title=\"Create a Home First Aid Kit\"><b class=\"whb\">Pack a first aid kit</b></a> Place it in an easy to access place in your home, and make a second one to keep in your car. Medications and ointments do expire, and won't be as effective. Plan on checking your first aid kit once a year, along with the rest of your emergency supplies. If you come across anything that has expired, replace it. Your first aid kit should include an assortment of the following:\n<ul>\n<li>Absorbent compress dressings and an instant cold compress</li>\n<li>Adhesive bandages, triangular bandages, roller bandages, sterile gauze pads, and adhesive cloth tape</li>\n<li>Antibiotic ointment packets, hydrocortisone ointment packets, antiseptic wipe packets, and a few packets of aspirin</li>\n<li>A pair of non-latex gloves, scissors, tweezers, and a non-glass, non-mercury oral thermometer</li>\n<li>Personal and prescription <a href=\"/Remember-to-Take-Medication\" title=\"Remember to Take Medication\">medications</a>\n</li>\n<li>A first aid instruction booklet and a list of emergency phone numbers, including contact information for your doctor, local emergency services, emergency road service providers, and the poison help line.</li>\n</ul>\n"},{"title":"Practice your plan.","content":"\n Practice makes perfect, and in a life-or-death situation, you want to respond perfectly. Periodically go over your emergency plans with your family, and update them as needed. Quiz and drill your family on important safety concepts. Do a live test with your family; make it an outing and get everyone involved. That will help you identify what works and what doesn't. You should practice carrying out your family's disaster plan at least twice a year.\n"},{"title":"Have contingency plans.","content":"\n In the event your emergency site is unavailable or other things change, it's a good idea to have an alternate plan on hand. What will you do if your contact person is away? What will you do if one of the family members is out of town? Planning for as many scenarios as possible can help increase your chances of safety.\n"}]},{"title":"Making a Family Fire Escape Plan","tasks":[{"title":"Locate all of the possible escape routes in your home.","content":"\n Get everyone in your family together and walk around the house to find all of the possible exits. Don't just look for the obvious exits, such as the front and back doors, but other ones as well, such as: first-floor windows, garage doors, and any other safe methods of escape. Try to find at least two ways to get out of each room.\n<ul>\n<li>Drawing a floor plan of your house and marking the exits can help you remember exactly what to do in the event of a fire.</li>\n<li>You should find a way to escape from all of the second floor as well as the first floor rooms.</li>\n</ul>\n"},{"title":"Practice your escape plan at least twice a year.","content":"\n Each time that you practice, pretend that the fire is in a different part of the house. This way, you can run the drill several times and know which routes will minimize your exposure to the smoke and fire. You can also practice waking up the sleeping family members of the house, as though the alarm went off at night.\n<ul>\n<li>Write out and draw your escape plan so everyone in your family knows exactly what to do.</li>\n<li>Practicing the plan in the dark, or even with your eyes closed, can help you get comfortable with your surroundings in case your vision is clouded by smoke when you actually have to escape.</li>\n</ul>\n"},{"title":"Practice taking several safety precautions during your escape.","content":"\n There are several things you should know how to do as you carry out your escape plan to minimize your likelihood of being exposed to toxic smoke. Smoke and heat rise, so it will always be safer and easier to breathe as close to the ground as possible. Here are some measures that you should take:\n<ul>\n<li>Practice crawling to avoid getting smoke in your eyes and lungs.</li>\n<li>Practice stopping, dropping, and rolling to stomp out any fire on your clothes.</li>\n<li>Practice touching a door with the back of your hand to know if there's fire on the other side. Start from the bottom of the door and work your way to the top, as heat rises. If the door is hot during a real fire, stay away.</li>\n<li>Practice sealing yourself in your home if you cannot escape. If you have no way to get out, then you should close all doors that are between you and the fire. It will take 20 minutes for the door to burn. Never seal the doors with duct tape or towels.</li>\n<li>Practice waving a flashlight or light-colored cloth out the window to let the fire department know where you are.<sup id=\"_ref-7\" class=\"reference\" aria-label=\"Link to Reference 7\"><a href=\"#_note-7\">[7]</a><span class=\"ts_popup \" hidden=\"\" id=\"ts_popup_7\" style=\"display: none;\">\n\t<span class=\"ts_close\">X</span>\n\t\t<span class=\"ts_name\">Research source</span>\n\t\t<span class=\"ts_description\"></span>\n\t\t\t\t<a href=\"#\" class=\"ts_source\" target=\"_blank\" rel=\"nofollow noreferrer noopener\"></a>\n\n</span>\n</sup>\n</li>\n<li>Memorize the phone numbers to <a href=\"/Call-Emergency-Services\" title=\"Call Emergency Services\">the Emergency Services</a>. You will need to call them during a real fire.</li>\n</ul>\n"},{"title":"Have an escape ladder if you live in a multi-story house, and practice using it.","content":"\n You should be prepared with escape ladders that you can place in or near windows to give yourself another escape route. Learn how to work the ladders for your drill so you'll be prepared to use them in the event of an emergency. You should learn how to use them from the second story windows, if there is no other method of escape from those windows. The ladder should be kept near the windows, in a location that is easy to reach.\n"},{"title":"Have a fire extinguisher at home, and know how to use it.","content":"\n You should have one on each floor of your house, and inspect it yearly. Bigger is better when it comes to fire extinguishers, but make sure that you can easily carry and maneuver it. There are three types of fire extinguishers intended for home use: Class A, Class B, and Class C. It is also possible to buy a combination fire extinguisher as well, such as Class B-C or Class A-B-C. You can get them at most home improvement stores.\n<ul>\n<li>A Class A fire extinguisher is intended for ordinary materials like cloth, wood and paper.</li>\n<li>A Class B fire extinguisher is meant for combustible and flammable liquids like grease, gasoline, oil and oil-based paints.</li>\n<li>A Class C fire extinguisher will put out electrical fires, caused by appliances, tools, and other equipment.</li>\n</ul>\n"},{"title":"Pick a meeting place that is a safe distance away from your home.","content":"\n Once a family member escapes the house, he or she should run to a meeting place that is at a safe distance from your home while not being too far away. This can be your neighbor's front lawn, your mailbox, or a light post. Everyone should meet at this spot once they've escaped so you know that everyone has made it safely once you do a headcount.\n<ul><li>The meeting place should be marked on your escape plan.</li></ul>\n"},{"title":"Make your children comfortable with the escape plan.","content":"\n Your children should not be scared of the fire and should see the drill as a form of practice. Practicing the drill with your children may also help them see the dangers of fire, and make them less likely to play with it.\n<ul>\n<li>Children should practice the escape routes with an adult so that they don't attempt anything dangerous, like escaping from a second-story window.</li>\n<li>Children should always be paired with an adult during the escape plan so they aren't alone.</li>\n</ul>\n"},{"title":"Make sure your home is ready for fire safety.","content":"\n Check that you have a smoke alarm in every room, and that all of your doors and windows can be opened easily. This includes popping the screens out. You should also make sure that your street number is visible from the road, a minimum of 3 inches in height, and a contrasting color. This way, the firemen find your home easily, and get to it as quickly as possible.\n<ul>\n<li>It would be even better if you had a smoke detector outside each bedroom door in the hallway as well as in each stairway.</li>\n<li>Remember to replace batteries in the smoke detector every year. It would be a good idea to test the smoke detector during this time as well, to ensure that it is functioning properly.</li>\n<li>If your doors or windows have security bars, they should have emergency release levers so they can be opened right away.</li>\n<li>Make sure that every family member sleeps with their bedroom door closed. It takes 20 to 30 minutes for a door to burn, which can provide valuable escape time.</li>\n</ul>\n"}]},{"title":"Making a Family Flood Plan","tasks":[{"title":"Contact the county planning department to learn about your community's emergency plans for floods.","content":"\n The department will tell you if you are in an area that is prone to flash floods or landslides; it's important to know what to expect before you begin planning. You can also find out the warning signals, evacuation routes, and locations of emergency shelters that are used in your community. This will influence your family's flood plan.\n"},{"title":"Make an escape plan in the event of a flood.","content":"\n You and your family need to discuss what you will do to escape if there is a flood in your community. What will you do if everyone in your family is at home? What will you do if everyone in your family is spread out across the city? Having as many plans as possible can help you find the best methods of escape.\n<ul><li>Having an out-of-state relative or friend as your contact person in case your family is separated increases your chances of being reunited. Everyone in your household should know the name, address, and phone number of this person.</li></ul>\n"},{"title":"Ensure that your family knows what to do if you are under a flood watch or warning.","content":"\n If you are under flood watch or warning, then your family should be prepared to gather your emergency supplies and to listen to the local radio or TV station for updates on what to do. You should also gather your outdoor possessions, such as trash cans, grills, and lawn furniture, and tie them down securely. Lastly, you should turn off all of the utilities if it looks like you need to evacuate. Here are some other things you should do, in case you are forced to evacuate or stay:\n<ul>\n<li>Fill your water containers with enough drinking water to last you 10 to 30 days. Fresh water may become unavailable for long periods of time, and you may not be able to get to the store to buy some.</li>\n<li>Sanitize your sinks and tubs and then fill them with clean water so you have them on hand. This way, if you are stranded and the water is shut off, you will have fresh water on hand. Flood water is not sanitary.</li>\n<li>Fill your car's tank with gas and put your emergency kit in your car. If you don't have a car, then make arrangements for transportation.</li>\n<li>Put your important documents, such as medical records, your insurance cards, and your ID cards, in a waterproof bag.</li>\n<li>Find a shelter where you can put your pet, if you have one. Make sure that you have a leash/crate/carrier, extra food, medications (if needed) and shot records.</li>\n<li>Keep an ear out for disaster sirens and signals.</li>\n</ul>\n"},{"title":"Know what to do if you have to evacuate.","content":"\n If you are given an evacuation order, then you should listen and get out of your home as soon as you can. Trust that the authorities know what they're doing and that you'll be out of harm's way once you leave. Your family should know what to do if you have to evacuate because of a flood and should be prepared to act. Here are some tips to follow before and when you evacuate:\n<ul>\n<li>Take only the most important items with you.</li>\n<li>Turn off your gas, electricity, and water, if there's time.</li>\n<li>Disconnect your appliances.</li>\n<li>Follow the evacuation routes given to you by the authorities.</li>\n<li>Don't walk across highly flooded areas.</li>\n<li>Continue listening to the radio for updates.</li>\n<li>Head to a shelter or a friend's home. Make sure that this friend does not live in an area where evacuation is mandatory.</li>\n</ul>\n"},{"title":"Prepare your home for flood safety.","content":"\n Prepare to turn off any electrical power in your home before you leave. If there is standing water or fallen power lines nearby, then you should turn off your gas and water to avoid electrical shock when the power comes back on. You should also buy a Class A, B, or C fire extinguisher, and ensure that all of your family members know how to use it. You should also buy and install sump pumps with back-up power in case you need it. Here are some other things you should do to prepare your home:\n<ul>\n<li>Install backflow valves or plugs in your drains, toilets, and any other sewer connections to keep the flood waters out.</li>\n<li>Anchor the fuel tanks in your garage to the ground. If the tanks are torn free, they can be swept downstream and will cause damage to other houses. If they are in your basement, then you don't need to anchor them.</li>\n<li>Download your electrical panel by turning off one breaker at a time. Turn the main one off last, to avoid a large electrical arch.</li>\n</ul>\n"},{"title":"Stock your home with emergency supplies.","content":"\n If you really want to prepare your family for a flood, then you should be prepared with several key items that will increase your chances of safety and survival. Here are some of the items you will need to pack:\n<ul>\n<li>Enough containers to hold three to five days worth of water supply</li>\n<li>A three to five day supply of non-perishable food and a mechanical can opener</li>\n<li>A first aid kit</li>\n<li>A battery-powered radio</li>\n<li>Flashlights</li>\n<li>Sleeping bags and blankets</li>\n<li>Baby wipes for cleaning your hands</li>\n<li>Chlorine or iodine tablets for purifying water</li>\n<li>Soap, toothpaste, and other hygienic supplies</li>\n<li>An emergency kit for your car that includes maps, booster cables, and flares</li>\n<li>Rubber boots and waterproof gloves</li>\n</ul>\n"}]}],"questions":[]}