{"meta":{"description":"As a single parent, there are even more responsibilities than if you were to have a partner, but that doesn’t mean you aren’t capable of taking care of yourself and your kids. Educate your family about the different kinds of disasters and what the plan is if something bad were to happen. Make some plans, too, for everyday emergencies, like creating a saving account and arranging for a backup caregiver. Getting your kids involved so that they know what to do in any kind of situation will help all of you feel more prepared","title":"Prepare for an Emergency as a Single Parent"},"todo_list":[{"title":"Making a Family Emergency Plan","tasks":[{"title":"Educate your kids on disasters that are most likely to occur in your area.","content":"\n Depending on where you live, it may be more likely that you’ll experience <a href=\"/Prepare-for-a-Flood\" title=\"Prepare for a Flood\">flash floods</a>, <a href=\"/Prepare-For-a-Tornado\" title=\"Prepare For a Tornado\">tornadoes</a>, <a href=\"/Prepare-for-a-Hurricane\" title=\"Prepare for a Hurricane\">hurricanes</a>, <a href=\"/Prepare-for-an-Earthquake\" title=\"Prepare for an Earthquake\">earthquakes</a>, <a href=\"/Survive-a-Wildfire\" title=\"Survive a Wildfire\">forest fires</a>, or severe <a href=\"/Survive-a-Winter-Storm\" title=\"Survive a Winter Storm\">winter storms</a>. If you and your kids know what might happen and how to react in those specific situations, you’ll be more prepared if and when something does happen.\n<ul><li>When you talk with your kids, do your best to stay calm and matter-of-fact. Avoid using scary language or telling doomsday stories. You want your kids to feel empowered, capable, and knowledgeable if something were to happen, rather than fearful or anxious.</li></ul>\n\n"},{"title":"Create a list of emergency contacts.","content":"\n Keep this list in several different places so it’s always accessible. Have it on the fridge, keep it saved in your phone, have a hard copy in your bag or car, and put one in your child’s backpack. Contacts to include on your list:\n<ul>\n<li>Your contact information at work</li>\n<li>Your child’s school information</li>\n<li>Emergency contact</li>\n<li>Other family members, like siblings, aunts, uncles, and grandparents</li>\n<li>Trustworthy neighbors or friends in the area</li>\n<li>Doctor and pediatrician information</li>\n<li>Police station</li>\n<li>Poison control center</li>\n<li>Local hospital</li>\n</ul>\n"},{"title":"Agree on a safe word in case you aren’t able to pick up your kids.","content":"\n If there is an emergency situation, whether it’s personal or regional, you might not be able to make it to where your kids are. If this is the case, and if you’re going to send a family member or friend to get them, pick a word or phrase that they will have to give so your kid knows it’s safe to go with them.\n<ul>\n<li>Make sure your child understands that they can’t share this word with other people. It’s only for family and for close friends that you’ve approved. This way, if someone tries to take advantage of an emergency situation, your child will know not to go with them.</li>\n<li>For example, if you’re sending a friend to pick up your kid, they could have to say something like, “Your dad told me he is making apple pie tonight.”</li>\n</ul>\n"},{"title":"Pick 2 separate meeting places in case you and your child are separated.","content":"\n For the first location, agree to meet at home if you are not together when an emergency occurs. If, for some reason, you can’t reach your home, choose a secondary location in town where you will meet, like the library, the YMCA, or a school.\n<ul><li>If your child is older and out of town, like away at college, agree on a place where you will meet if there is a national emergency. For example, decide if you will travel to your child or if they will travel home, so that you don’t end up missing each other trying to find one another.</li></ul>\n"},{"title":"Choose a location in the home for your emergency kit and supplies.","content":"\n If your child is home alone when a disaster occurs, they need to know where the flashlights, food, medicine, and extra supplies are. Also, having a designated spot for your emergency kit will make it much easier to grab whenever it’s needed, whether you need to take it to the basement or get into the car to head out of town.\n<ul><li>Pick an easy to reach spot, like the floor of a closet on the main level of your home, or underneath a bed.</li></ul>\n"},{"title":"Review the escape routes from your home and neighborhood.","content":"\n For both at-home emergencies, like a fire, or local emergencies, like flooding, prepare multiple escape routes and walk through them with your kids. For example, there should be at least 2 escape routes from your home that you can take, if not more. Plot 2 to 3 routes to get from your house to the decided upon meet-up location in case you need to evacuate.\n<ul>\n<li>To be extra prepared, print out maps of your town and a layout of your house and highlight the different routes that can be taken. This way, if someone is panicking and can’t remember where to go, they can look at the map.</li>\n<li>It’s also a good idea to plan out the routes you can take to your child’s doctor’s office or to the hospital.</li>\n</ul>\n"},{"title":"Pick an out-of-town contact in case your family can’t reach each other.","content":"\n Sometimes, in an emergency, local phone lines and cellular towers get bogged down by first responders and other people trying to locate their family members. Pick someone who doesn’t live in the same area who you and your kids can check in with in case you can’t get through to each other.\n\n"},{"title":"Role-play with your kids for different scenarios so they feel empowered.","content":"\n Once you and your family have written down your emergency plan, go through some different scenarios, like getting out of the house in case there is a fire, grabbing the emergency kit and evacuating in case of a local disaster, and making sure everyone knows where to go and who to contact in case of an emergency.\n<ul><li>It can be really unpleasant to imagine something bad happening, but practicing for these situations will make you and your kids feel more prepared. You’ll be able to trust that your kids know what to do, and your kids won’t be wondering about how to get to you if you aren’t together.</li></ul>\n"}]},{"title":"Building an Emergency Kit","tasks":[{"title":"Pack away enough supplies to last for a minimum of 3 days.","content":"\n In case of an emergency, it’ll be really helpful to have your emergency kit prepared so that you can focus on getting to safety with your family. Whether you need to head to the basement during a bad storm or need to travel to a secondary location, having a kit ready to go will eliminate a little bit of stress for you and your child.\n<ul><li>If you live somewhere that gets really harsh winter storms, it is also a good idea to prepare a kit to keep in your car at all times in case you get stranded.\n</li></ul>\n"},{"title":"Gather non-perishable food items and store them in a plastic container.","content":"\n In case of rain or bad weather, keeping the food sealed will protect them from getting waterlogged. Let your kid pick a few items to pack away, too, so that there will definitely be something there they will like. Check your food items once per year to replace items or add to your pack. Non-perishable items to consider packing:\n<ul>\n<li>Dried fruit</li>\n<li>Canned tuna fish (don’t forget to pack a can opener!)</li>\n<li>Peanut butter</li>\n<li>Protein bars</li>\n<li>Canned juice</li>\n<li>Jerky</li>\n<li>Dry cereal</li>\n<li>Chocolate</li>\n<li>Nuts</li>\n</ul>\n"},{"title":"Accumulate bottled water to keep in reserve in case the water stops working.","content":"\n In general, you need about 1 gallon (3.8 L) of water per person for each day. Keep in mind that if you don’t have running water, you’ll also need the water for hygiene purposes, too.\n<ul>\n<li>A great way to stock up on water is to simply buy a gallon each time you go to the grocery store. After 2 to 3 months, you’ll have enough water to last you and your kids several days.</li>\n<li>Don’t forget to stock extra water if you have family pets.</li>\n</ul>\n"},{"title":"Stockpile toilet paper, moist towelettes, and other disposable goods.","content":"\n Ask your kids to pretend like they’re going camping or on a long road trip, and think through the normal activities you might have to do differently, like showering, washing up after dinner, or going to the bathroom. Gather the essentials, like paper plates, plastic forks and spoons, feminine hygiene products, paper towels, and similar items so you can eat and clean up as best as you can during an emergency.\n<ul><li>Add a few garbage bags to your kit, too, so you can keep things as clean as possible.</li></ul>\n"},{"title":"Keep a first aid kit with extra prescriptions of medications or inhalers.","content":"\n You can buy a stocked first aid kit from the store, or you can assemble your own. Use something water resistant to store your supplies. Check your kit every year to replace expired medicine or used-up bandages. Things to include in your first aid kit:\n<ul>\n<li>Multiple sizes of bandages</li>\n<li>Scissors</li>\n<li>Tweezers</li>\n<li>Latex gloves</li>\n<li>Thermometer</li>\n<li>Hand sanitizer</li>\n<li>Safety pins</li>\n<li>Sewing needle and thread</li>\n<li>Ointment</li>\n<li>Antacids</li>\n<li>Pain relievers</li>\n<li>If you wear contacts or glasses, keep an extra pair in your kit, too.</li>\n</ul>\n"},{"title":"Gather safety items, like a whistle, flashlights, and an extra cell battery.","content":"\n Matches, a fire extinguisher, dust masks, a battery-powered radio, and similar items can really come in handy in an emergency.  Assume you may not have electricity for a few days and have your kids come up with alternative ways to do things, like make a fire, get the news, and signal that you need help.\n<ul><li>If you live in a flood-prone area, you may also want to stock life jackets for you, your kids, and any pets.</li></ul>\n"},{"title":"Pack blankets, a change of clothes, and sturdy shoes for each person.","content":"\n A change of clothes for each person could be a pair of pants, a shirt, and undergarments. Make sure each person has a pair of good shoes that they can walk or run in easily, and set aside sleeping bags or blankets for some extra comfort if you need to sleep somewhere other than your beds.\n\n"},{"title":"Pick out books, puzzles, and games to help keep your child occupied.","content":"\n This might differ depending on the age of your kids, but in general, it’s a good idea to plan ahead for some long hours without the usual means of entertainment. Let your kid pick out 2 to 3 things to pack away so they feel involved in the situation.\n<ul><li>You may even want to throw in a book or some puzzles for yourself, too.</li></ul>\n"}]},{"title":"Planning for Everyday Emergencies","tasks":[{"title":"Have a savings plan or dedicated credit card for financial emergencies.","content":"\n Whether you’re out of work for a little while or have an expensive medical bill, it’ll really come in handy to have some money set aside to see you through those times. A good rule of thumb is to have 3 to 6 months of living expenses set aside in a “do not touch” fund.\n<ul><li>It may be daunting to think of trying to save that much money, but it’s okay if you need to start small! Consistently put away what you can, even if it’s just $10 or $20 from each paycheck.\n</li></ul>\n"},{"title":"Teach your child what to do if you become incapacitated.","content":"\n Whether you’re at home, in the car, on vacation, or out running errands, your child needs to know who to call if there is an emergency and you’re unresponsive. Make sure your child knows to call “911” for an emergency, and have them memorize the number for another family member or friend who they can also call to come and be with them.\n<ul><li>If your child doesn’t have a cellphone, make sure they know your passcode or how to make an emergency call from your phone while it’s locked.</li></ul>\n"},{"title":"Ask someone to be a backup caregiver in case of an emergency.","content":"\n If something happens and your normal caregiver isn’t available, it’s a smart idea to have a backup (or a whole network of people) who you can call to help watch your kid, whether it’s because you need to go to the doctor yourself or because you need to help out another child with a problem.\n<ul><li>It may even be something as simple as needing someone to drop your kid off at school in the morning if you have a work emergency or need to take a second child to the doctor’s early in the morning.</li></ul>\n"},{"title":"Give your kid’s school the name of a secondary emergency contact.","content":"\n If there is an emergency at school and you’re not available, it’ll be helpful to know that someone will still be able to be there for your child. It can be a close family friend, a relative, or anyone who you and your child trust and can commit to being available when needed.\n<ul><li>Let your child know who they can expect to see if you aren’t able to get to the school right away.</li></ul>\n"},{"title":"Get professional help when you need it.","content":"\n Sometimes, an emergency might be more emotional or mental rather than physical in nature. If you or your child needs someone to talk to about anxiety, depression, or anything else, don’t hesitate to reach out to a therapist or counselor.\n<ul><li>Being a single parent can be hard! There is a lot of pressure as the sole caregiver. Don’t be afraid to <a href=\"/Ask-for-Help\" title=\"Ask for Help\">ask for help</a> when you need it, whether that’s from a mental health professional, from friends, or even from your neighbors.</li></ul>\n"}]}],"questions":[]}