{"meta":{"description":"Due to climate change, the severity of hurricanes is worsening in many parts of the world.[1] If you live along a coastline, it is reasonable for you to be concerned about your windows. Consider a cheap DIY fix like hurricane film or plywood covers. Installing metal, plastic, or fabric over your windows, or replacing them with high-impact glass, will protect your windows and qualify you for lower homeowner's insurance premiums at the same time.","title":"Protect Windows from a Hurricane"},"todo_list":[{"title":"Protecting Your Windows on the Cheap","tasks":[{"title":"Build plywood covers for your windows.","content":"\n Plywood is a cheap and popular option for covering windows. Pick plywood sheets that are at least <span class=\"frac nowrap\"><sup>5</sup>⁄<sub>8</sub></span> inch (1.6 cm) thick. Measure the perimeter of all your windows. Cut the plywood so that it extends 8 inches (20 cm) past the window in every direction. Install the plywood covers before a storm with bolts, screws, <a href=\"/Install-Hurricane-Clips\" title=\"Install Hurricane Clips\">window clips</a>, or barrel bolts every 12 inches (30 cm).\n<ul>\n<li>Attaching plywood to the window frame will help prevent flying debris or pressure changes from breaking the glass.<sup id=\"_ref-3\" class=\"reference trusted\" aria-label=\"Link to Reference 3\"><a href=\"#_note-3\">[3]</a><span class=\"ts_popup trustedsource\" hidden=\"\" id=\"ts_popup_3\" style=\"display: none;\">\n\t<span class=\"ts_close\">X</span>\n\t\t<a class=\"ts_trustworthy\" href=\"/wikiHow:Delivering-a-Trustworthy-Experience\">Expert Source</a>\n\n\t\t<span class=\"ts_name\"></span>\n\t\t\t<a class=\"ts_expert_link\" href=\"/Experts?name=stevelinton#stevelinton\"><span class=\"ts_expert_image\"><picture><source type=\"image/webp\" srcset=\"/images/thumb/7/73/Steve_Linton.png/-crop-100-100-100px-Steve_Linton.png.webp\"><img src=\"/images/thumb/7/73/Steve_Linton.png/-crop-100-100-100px-Steve_Linton.png\" alt=\"Steve Linton\" loading=\"lazy\" width=\"30\" height=\"30\" style=\"max-width: 30px\"></picture></span>Steve Linton<br><span class=\"ts_blurb\">Custom Home Builder</span></a>\n\n\t\t<span class=\"ts_description\">Expert Interview.  16 September 2020.</span>\n\n</span>\n</sup>\n</li>\n<li>When installing plywood, get someone else to help you lift the heavy panels.</li>\n<li>Plywood is not up to code in many areas, and is unlikely to lower your insurance premiums.</li>\n</ul>\n\n"},{"title":"Cover your window glass with hurricane film.","content":"\n Hurricane film is an affordable transparent plastic that you can leave in place year-round. Measure the perimeter of your windowpanes and buy enough film to cover each windowpane entirely. Peel the film off its backing and stick it slowly to your windowpanes.\n<ul>\n<li>Hurricane film does not prevent your window frame from blowing off, and might not even protect your window from breaking. However, it will protect you from glass shards, and will keep the wind out of your house.</li>\n<li>Homeowner's insurance premiums are not usually lowered for hurricane film.</li>\n</ul>\n"},{"title":"Keep your windows closed during a storm.","content":"\n Do not open your windows during a storm. Some people say this will lower the pressure in your house, but you actually want to keep the pressure from the hurricane out of your home.\n"},{"title":"Do not put duct tape over your windows.","content":"\n There is lots of misinformation about hurricane safety, and one persistent myth is that putting tape in an X or a grid over a window provides reinforcement. This is untrue! Duct tape will not provide protection from a hurricane.\n"}]},{"title":"Installing Permanent Storm Protections","tasks":[{"title":"Order metal or plastic storm shutters.","content":"\n Storm shutters, or panels, come in aluminum, steel, or reinforced plastic. Plastic is more expensive, but will also let in light, so you won't be left in darkness if a hurricane blows out the lights. Depending on the kind of shutters you buy, you may need panels the same size as your window, or panels that are several inches larger on every side.\n<ul>\n<li>All hurricane shutters have a width of 15.25 inches (38.7&nbsp;cm).</li>\n<li>Order shutters, H tracks, and F tracks from your local home construction store or from a metals or plastics distributor.</li>\n<li>If you are bolting your windows instead of installing tracks, you will not need to buy H or F tracks.</li>\n<li>Purchasing shutters will usually lower your homeowner's insurance premium.</li>\n<li>Plastic will run you about $18 sq. ft, while metal will fall around $11 sq. ft.</li>\n</ul>\n"},{"title":"Install your storm shutters or hire a professional to install them.","content":"\n If you're doing it yourself, measure the window height and the shutter height. Subtract the window height from the panel height, then divide the result by 2. Bolt the H track that number of inches or centimeters above the window opening. Then install the F track the full length of the panel below the H track.\n<ul>\n<li>For instance, if your panels are 6 inches (15&nbsp;cm) taller than your windows, install the H track 3 inches (7.6&nbsp;cm) above the window.</li>\n<li>Slide the shutters into the H track. Attach the bottom section of the shutters to the F track with bolts.</li>\n<li>Besides the instructions, the bolts, and the wing nuts included with your purchase, you will need a screwdriver.</li>\n</ul>\n"},{"title":"Consider investing in fabric storm panels.","content":"\n Fabric storm panels are more expensive than metal and plastic panels, but they come with some advantages. Once they are mounted, they are very easy and quick to put up, meaning it won't take you long after a storm warning to protect your windows. They're also lightweight, so you can put them up yourself, and they fold up for storage.\n<ul>\n<li>Find a dealer online or at a home improvement retailer near you.</li>\n<li>In most cases, your dealer will install the fabric panels for you. If not, follow the included instructions for installation.</li>\n<li>Fabric panels are just as effective as metal or plastic shutters, and will also qualify you for savings on insurance.</li>\n<li>PVC fabric runs around $12 sq. ft, whereas Kevlar will cost you nearly double that.</li>\n</ul>\n"},{"title":"Replace your windows with high-impact glass.","content":"\n Impact-resistant glass is two-paned glass with a protective layer in between them. They cost more than regular windows, but it will protect your home during a hurricane. It may also help lower your heating and air-conditioning bills.\n<ul>\n<li>Purchasing high-impact glass will likely lower your insurance premium.</li>\n<li>Hire a professional to give you all-new windows.</li>\n</ul>\n"}]}],"questions":[{"title":"How do you protect windows during a hurricane?","content":"Support wikiHow by unlocking this expert answer.\nThere are really 3 approaches you can take. The first is to attach plywood to the window frame. That will help keep debris from breaking the glass and changing the pressure in your home. You can also have impact-resistant windows installed—these are made from 2 sheets of glass with a protective layer between them. The third is to install a storm shutter that you can put on the window before a hurricane comes."}]}