{"meta":{"description":"In the event of a large-scale emergency, public agencies can call people's home phones using \"reverse 911\" phone calls that link to residents' landline phones and physical locations. But if you only have a cell phone, and not a land line, how will public agencies know that you live in a neighborhood that is potentially in danger?\n\nA growing number of public safety agencies use the Nixle text and phone alert system to notify people of emergency situations, but users need to link their cell phones or email addresses to a physical location (such as a home or business). The time to sign up for public safety alerts is before a life-threatening emergency occurs in your area. Here's how to sign up for free to receive potentially lifesaving alerts, modify your account to add or delete locations, and control the types of notices you receive. Additionally, if you have a smartphone, you can configure its settings to receive automatic alerts from your local government in the event of an emergency.","title":"Receive Public Safety Alerts"},"todo_list":[{"title":"Using Nixle","tasks":[{"title":"Text your Zip Code to the Nixle text address 888777.","content":"\n For example, if your Zip Code is \"95403,\" send a text to the address \"888777\" with the message \"95403\". If you want to receive notices for more areas, text those Zip Codes to Nixle as well.\n\n"},{"title":"Go to the Nixle website.","content":"\n If you previously signed up via text, you may need to request a new password in order to make changes to your account. Request a password by texting the word \"PASSWORD\" to text address 888777 (from the same cell phone with which you previously signed up).\n"},{"title":"Note that the Home tab lists all of the alerts you have been sent.","content":"\n It also includes a box to browse for alerts by Zip Code, and a link to search for agencies, businesses and associations. If you initially signed up by sending a text message (rather than through the website), you'll have the default set of agencies and options.\n"},{"title":"Understand the Locations tab.","content":"\n IT allows you to enter more Zip Codes for alerts for those areas. You can also delete a Zip Code by highlighting that Zip Code under your list of Locations, then pressing \"Delete This Location\". Under this tab, you can choose to receive email alerts or SMS (text) alerts. Some agencies also offer Voice Alerts by phone. When you have finished selecting agencies and types of notifications, click \"Save.\"\n"},{"title":"Choose the Settings tab.","content":"\n This allows you to customize which type of notices you want to receive. Agencies you select will have a check in the box next to the agency name. Adjacent to the agency name, select which types of messages you want from that agency. When you are finished selecting agencies and the types of notifications you want to receive from each agency, click \"Save.\"\n<ul>\n<li>Alerts are the most urgent emergency notifications (such as mandatory evacuations for that Zip Code).</li>\n<li>Advisories give suggested actions (such as advisory evacuations).</li>\n<li>Community notices are more broad notices of interest.</li>\n</ul>\n"},{"title":"Personalize the Accounts tab.","content":"\n It allows you to enter your email address, name, choice of language (English or Spanish), and your cell phone and home phone numbers. You can opt in or out of email and voice messages, and it has a \"turn off\" (do not disturb) option that can be set to disable notices during specified times of day; however, if you enable \"do not disturb,\" you will not get messages about emergencies or evacuations in your area that occur during that time period. \n"}]},{"title":"Using an iPhone","tasks":[{"title":"Open the Settings application.","content":"\n It's the gray icon containing gears.\n"},{"title":"Tap Notifications.","content":"\n\n"},{"title":"Scroll to the bottom of the page.","content":"\n\n"},{"title":"Tap the slider next to \"Emergency Alerts.\"","content":"\n It's under the \"Government Alerts\" section at the very bottom of the menu. Once the slider shows green, your iPhone will be able to receive alerts from the government regarding natural disasters and other emergencies.\n"}]},{"title":"Using an Android","tasks":[{"title":"Open your Settings app.","content":"\n Because of the slight variations in the interface of different phones running on Android, the location of the setting used to turn on emergency alerts will be different. This method works on phones running on a \"stock\" version of Android, and should work for most others.\n"},{"title":"Tap \"More.","content":"\n\" You're looking for the Cell Broadcasts menu which, on most phones, won't be readily visible from your primary settings page. Look for it among your main settings page first, though, just in case.\n"},{"title":"Tap \"Cell Broadcasts.","content":"\n\" This is the page that manages all of the alerts you receive from sources that are unrelated to personal communication.\n"},{"title":"Tap the box next to \"Show Emergency Alerts.","content":"\n\" Once the box appears as ticked, you'll receive emergency alerts on your phone when they are sent out to the public.\n"}]}],"questions":[]}