{"meta":{"description":"Law enforcement can request an AMBER alert when a child is abducted and faces imminent harm of serious bodily injury or death. Members of the public cannot request an AMBER alert. Instead, they can contact law enforcement and report that the child is missing. Law enforcement will gather the necessary information and decide if an AMBER alert is appropriate. Although the process will vary slightly depending on your state, there is a general process for law enforcement to request AMBER alerts.","title":"Request an Amber Alert"},"todo_list":[{"title":"Gathering Information about the Abduction","tasks":[{"title":"Ask for details of the abduction.","content":"\n You will want to know where and when the abduction took place. Also try to get other relevant information about the abduction which could aid in finding the child:\n<ul>\n<li>the identification of any witnesses</li>\n<li>whether the person reporting the abduction suspects the child is in serious danger</li>\n<li>why the child is in serious danger</li>\n</ul>\n\n"},{"title":"Take down the child’s information.","content":"\n You will need detailed information about the child before you can issue an alert. Accordingly, you should request from the child’s parents the following information:\n<ul>\n<li>name</li>\n<li>age and date of birth</li>\n<li>height</li>\n<li>weight</li>\n<li>sex</li>\n<li>race</li>\n<li>eye color</li>\n<li>hair color</li>\n<li>what the child was wearing</li>\n<li>any other unique physical characteristics</li>\n<li>a photograph of the child</li>\n</ul>\n"},{"title":"Ask for information about the suspected abductor.","content":"\n You also need detailed information about the suspected abductor. Gather the following information:\n<ul>\n<li>name</li>\n<li>age and date of birth</li>\n<li>sex</li>\n<li>race</li>\n<li>height</li>\n<li>weight</li>\n<li>eye color</li>\n<li>hair color</li>\n<li>what the suspected abductor was wearing</li>\n<li>any unique physical characteristics</li>\n<li>a photograph of the abductor, if one is available</li>\n</ul>\n"},{"title":"Request information about the abductor’s vehicle.","content":"\n The abductor might be identified by the vehicle he or she drives. Accordingly, you should gather this information as well:\n<ul>\n<li>make</li>\n<li>model</li>\n<li>year</li>\n<li>color</li>\n<li>license plate number and state</li>\n<li>any other descriptors for the car</li>\n</ul>\n"}]},{"title":"Deciding Whether the Alert is Appropriate","tasks":[{"title":"Determine that the child has been abducted.","content":"\n Before submitting the AMBER alert, law enforcement should reasonably believe that the child has been abducted. This is a judgment call you have to make. However, your state might have specific guidelines. For example, in Texas, an abduction occurs in the following situations:\n<ul>\n<li>if the child is abducted by a parent or legal guardian, the abduction was in the course of an attempted murder, or</li>\n<li>if the child is 13 or younger, he or she was taken without permission by someone unrelated and more than three years older or by another parent or legal guardian who attempted to commit murder at the time of the abduction</li>\n</ul>\n"},{"title":"Identify the child’s risk of bodily injury or death.","content":"\n You can only issue the alert if you believe the child faces serious risk of bodily injury or death. The danger must also be “imminent.” This means that it will happen very soon.\n<ul>\n<li>Accordingly, you should look at all of the information that you have and decide the child’s level of harm.</li>\n<li>The purpose of this requirement is not to overburden the AMBER alert system with regular abduction cases where the child does not face substantial bodily injury or worse.</li>\n</ul>\n"},{"title":"Check that you have enough descriptive information.","content":"\n An alert will only be effective if the descriptions of the child, the abductor, and the abductor’s vehicle are sufficiently detailed that law enforcement will be able to find the child.\n<ul><li>Remember that AMBER alerts can be sent out over the radio, Department of Transportation signs, digital billboards, and other mediums.<sup id=\"_ref-13\" class=\"reference\" aria-label=\"Link to Reference 13\"><a href=\"#_note-13\">[13]</a><span class=\"ts_popup \" hidden=\"\" id=\"ts_popup_13\" style=\"display: none;\">\n\t<span class=\"ts_close\">X</span>\n\t\t<span class=\"ts_name\">Research source</span>\n\t\t<span class=\"ts_description\"></span>\n\t\t\t\t<a href=\"#\" class=\"ts_source\" target=\"_blank\" rel=\"nofollow noreferrer noopener\"></a>\n\n</span>\n</sup> Law enforcement and public citizens who see the alert need to be able to identify the child or abductor without a photograph. For this reason, you need sufficiently detailed information.</li></ul>\n"},{"title":"Confirm the child’s age.","content":"\n You can only send an alert if the child meets your state’s age criteria. The age will vary depending on your state. However, the federal government has required that states honor each other’s requests if the child is under 18. For this reason, most states have an age limit of 17 or younger.\n"}]},{"title":"Completing a Request Form","tasks":[{"title":"Get the form.","content":"\n There should be a form for you to fill out and send to your state agency. You should ask someone in your department for the form. Alternately, you could look online to see if your state’s form has been published.\n"},{"title":"Complete the Reporting Agency Information.","content":"\n Each state’s form will be different. However, you will probably need to enter information about your department. Enter the following information legibly:\n<ul>\n<li>whether this is an initial request or an update</li>\n<li>the agency’s name and contact information</li>\n<li>the name and title of the investigating officer</li>\n<li>the investigating officer’s cell phone number</li>\n<li>a phone number for media inquiries</li>\n</ul>\n"},{"title":"Submit the form.","content":"\n The form should tell you how to submit the AMBER alert request to your state’s centralized office. Typically, you can email the form or fax it. Look at the form to find the email address and fax number.\n<ul><li>If you email the form, then make sure to keep a copy saved to your desktop so that you can refer back to it if you need to.</li></ul>\n"},{"title":"Enter data into the National Crime Information Center system.","content":"\n Not every jurisdiction requires this step. However, entering the information into the FBI’s database will allow the alert to be broadcast across state lines.\n<ul><li>Be sure to flag the case as “child abduction” after entering the necessary information.<sup id=\"_ref-17\" class=\"reference\" aria-label=\"Link to Reference 17\"><a href=\"#_note-17\">[17]</a><span class=\"ts_popup \" hidden=\"\" id=\"ts_popup_17\" style=\"display: none;\">\n\t<span class=\"ts_close\">X</span>\n\t\t<span class=\"ts_name\">Research source</span>\n\t\t<span class=\"ts_description\"></span>\n\t\t\t\t<a href=\"#\" class=\"ts_source\" target=\"_blank\" rel=\"nofollow noreferrer noopener\"></a>\n\n</span>\n</sup>\n</li></ul>\n"}]}],"questions":[]}