{"meta":{"description":"Many past civilizations from the Romans to the Mayans and Mesopotamians have all met their end. This could be due to varying reasons like failed administration, financial turmoil, rebellion against the authorities, etc. This wikiHow guide will help you and your loved ones survive a breakdown of the social order. You will have to prepare for your survival and security until help can arrive. If help does not come, this article will help you learn how to prepare yourself to face the challenges of this social hazard and work towards the long-term goal of rebuilding the society in the aftermath.","title":"Survive a Breakdown of the Social Order"},"todo_list":[{"title":"Watching for Signs of Deteriorating Social Order","tasks":[{"title":"Monitor local and political news.","content":"\n Breakdowns of social order usually don’t come out of the blue.\n<ul><li>Ask yourself these questions about the local and political climate:\n<ul>\n<li>“Could this be a temporary or long-term event?”</li>\n<li>“Does this affect me and the safety of my family? If so, how?”</li>\n<li>“Could this turn out to be so dangerous that there’s a chance of me or my family being injured or killed?”</li>\n<li>“How are the people around me reacting to this? Could they behave irrationally towards me?”</li>\n</ul>\n</li></ul>\n\n"},{"title":"Make sure that the social order really has broken down, rather than some local disturbance, such as a riot, uprising, or strike.","content":"\n\n<ul><li>If you have access to media, check local radio and television news stations, or dial to an emergency station. The government, if communications systems are still functional, should be broadcasting emergency information alerting its citizens of the danger.</li></ul>\n"},{"title":"Remain calm at all times.","content":"\n There may be lots of frightened, desperate people wandering in the aftermath of a breakdown of the social order: this is the greatest danger of all. Do not give in to panic or hysteria -- it impairs rational thinking and adds to the overall chaos.\n"}]},{"title":"Staying Safe","tasks":[{"title":"Take measure of your overall surroundings and behaviors of nearby people if it is safe to do so.","content":"\n\n<ul>\n<li>Ask yourself: “What resources do I have access to?”, “What do I need?”, “Where do I go to get what I need?”, “What don't I need?” A clear list of essentials is vital to making a solid survival plan.</li>\n<li>A basic list would include<sup id=\"_ref-1\" class=\"reference\" aria-label=\"Link to Reference 1\"><a href=\"#_note-1\">[1]</a><span class=\"ts_popup \" hidden=\"\" id=\"ts_popup_1\" style=\"display: none;\">\n\t<span class=\"ts_close\">X</span>\n\t\t<span class=\"ts_name\">Research source</span>\n\t\t<span class=\"ts_description\"></span>\n\t\t\t\t<a href=\"#\" class=\"ts_source\" target=\"_blank\" rel=\"nofollow noreferrer noopener\"></a>\n\n</span>\n</sup>:\n<ul>\n<li>Water</li>\n<li>Bar soap</li>\n<li>AM/FM radio (HAM radios work well for communicating with others as well.)</li>\n<li>Canned food (including a manual can opener)</li>\n<li>Space blanket</li>\n<li>First aid kit (with waterproof bandages, rubbing alcohol or hydrogen peroxide, sutures, etc.)</li>\n</ul>\n</li>\n</ul>\n"},{"title":"Consider storing 2 weeks to 3 months supply of items that will make your life easier during a period of social breakdown.","content":"\n If you are stockpiling supplies or hoarding food, you may not want to make it publicly known. You don't want everyone converting your house into the new local grocery store.\n<ul>\n<li>Warm and moisture-wicking clothing is essential even if you live in the warmest climate where the temperature and weather changes erratically. You can still get sick from getting wet and not changing into dry clothing as soon as possible.<sup id=\"_ref-3\" class=\"reference\" aria-label=\"Link to Reference 3\"><a href=\"#_note-3\">[3]</a><span class=\"ts_popup \" hidden=\"\" id=\"ts_popup_3\" style=\"display: none;\">\n\t<span class=\"ts_close\">X</span>\n\t\t<span class=\"ts_name\">Research source</span>\n\t\t<span class=\"ts_description\"></span>\n\t\t\t\t<a href=\"#\" class=\"ts_source\" target=\"_blank\" rel=\"nofollow noreferrer noopener\"></a>\n\n</span>\n</sup><ul><li>Relying on electricity or natural gas to stay warm and dry is not recommended as it may become unavailable for weeks.<div class=\"mwimg  largeimage  floatcenter \" style=\"max-width:728px\"><a href=\"#/Image:Survive-a-Breakdown-of-the-Social-Order-Step-4Bullet1.jpg\" class=\"image\"><div class=\"content-spacer\" style=\"padding-top:75%\"><div class=\"loading-container\"><div class=\"loader\"><div class=\"loader-dot\"></div><div class=\"loader-dot\"></div><div class=\"loader-dot\"></div></div></div>\n<img alt=\"\" decoding=\"async\" class=\"whcdn content-fill img-loading-alt\" data-srclarge=\"/images/thumb/d/d9/Survive-a-Breakdown-of-the-Social-Order-Step-4Bullet1.jpg/aid167707-v4-728px-Survive-a-Breakdown-of-the-Social-Order-Step-4Bullet1.jpg\" data-width=\"460\" data-height=\"345\" id=\"56cdd10f207f34c39222554fed6cc0ba\" data-src=\"https://www.wikihow.com/images/thumb/d/d9/Survive-a-Breakdown-of-the-Social-Order-Step-4Bullet1.jpg/v4-460px-Survive-a-Breakdown-of-the-Social-Order-Step-4Bullet1.jpg\" loading=\"lazy\" src=\"/images/thumb/d/d9/Survive-a-Breakdown-of-the-Social-Order-Step-4Bullet1.jpg/aid167707-v4-728px-Survive-a-Breakdown-of-the-Social-Order-Step-4Bullet1.jpg.webp\"><script>WH.shared.addScrollLoadItem('56cdd10f207f34c39222554fed6cc0ba')</script>\n</div>\n<noscript><img alt=\"Image titled Survive a Breakdown of the Social Order Step 4Bullet1\" src=\"https://www.wikihow.com/images/thumb/d/d9/Survive-a-Breakdown-of-the-Social-Order-Step-4Bullet1.jpg/v4-460px-Survive-a-Breakdown-of-the-Social-Order-Step-4Bullet1.jpg\" decoding=\"async\" class=\"whcdn content-fill\" data-srclarge=\"/images/thumb/d/d9/Survive-a-Breakdown-of-the-Social-Order-Step-4Bullet1.jpg/aid167707-v4-728px-Survive-a-Breakdown-of-the-Social-Order-Step-4Bullet1.jpg\" data-width=\"460\" data-height=\"345\" id=\"56cdd10f207f34c39222554fed6cc0ba\"></noscript>\n<div class=\"image_details\" style=\"display:none;\"><span style=\"display:none;\">{\"smallUrl\":\"https:\\/\\/www.wikihow.com\\/images\\/thumb\\/d\\/d9\\/Survive-a-Breakdown-of-the-Social-Order-Step-4Bullet1.jpg\\/v4-460px-Survive-a-Breakdown-of-the-Social-Order-Step-4Bullet1.jpg\",\"bigUrl\":\"\\/images\\/thumb\\/d\\/d9\\/Survive-a-Breakdown-of-the-Social-Order-Step-4Bullet1.jpg\\/aid167707-v4-728px-Survive-a-Breakdown-of-the-Social-Order-Step-4Bullet1.jpg\",\"smallWidth\":460,\"smallHeight\":345,\"bigWidth\":728,\"bigHeight\":546,\"licensing\":\"&lt;div class=\\\"mw-parser-output\\\"&gt;&lt;p&gt;License: &lt;a target=\\\"_blank\\\" rel=\\\"nofollow noreferrer noopener\\\" class=\\\"external text\\\" href=\\\"https:\\/\\/creativecommons.org\\/licenses\\/by-nc-sa\\/3.0\\/\\\"&gt;Creative Commons&lt;\\/a&gt;&lt;br&gt;\\n&lt;\\/p&gt;&lt;p&gt;&lt;br \\/&gt;\\n&lt;\\/p&gt;&lt;\\/div&gt;\"}</span></div></a></div>\n</li></ul>\n</li>\n<li>Safe sources of water may fail for any number of reasons. Of course, your hot water heater is one source of drinking water but it may be filled with sediment. Consider storing water in food grade containers in case of an emergency.  5 gallon (18.9&nbsp;L) containers can be moved if needed.  55 gallon (208.2&nbsp;L) barrels are great but impossible to move during an emergency.  Store 1 gallon (3.8&nbsp;L) of water per person per day.  A family of 4 will need at least 120 gallons (454.2&nbsp;L) to survive 30 days.<sup id=\"_ref-4\" class=\"reference trusted\" aria-label=\"Link to Reference 4\"><a href=\"#_note-4\">[4]</a><span class=\"ts_popup trustedsource\" hidden=\"\" id=\"ts_popup_4\" style=\"display: none;\">\n\t<span class=\"ts_close\">X</span>\n\t\t<a class=\"ts_trustworthy\" href=\"/wikiHow:Delivering-a-Trustworthy-Experience\">Trustworthy Source</a>\n\n\t\t<span class=\"ts_name\">Centers for Disease Control and Prevention</span>\n\t\t<span class=\"ts_description\">Main public health institute for the US, run by the Dept. of Health and Human Services</span>\n\n\t\t\t\t<a href=\"#\" class=\"ts_source\" target=\"_blank\" rel=\"nofollow noreferrer noopener\">Go to source</a>\n</span>\n</sup>\n</li>\n<li>Avoid storing water or other materials in dairy jugs as the dairy residue can be hard to wash out and break down faster than non-dairy jugs. Try using an empty water jug or a well-washed plastic container instead.<sup id=\"_ref-5\" class=\"reference\" aria-label=\"Link to Reference 5\"><a href=\"#_note-5\">[5]</a><span class=\"ts_popup \" hidden=\"\" id=\"ts_popup_5\" style=\"display: none;\">\n\t<span class=\"ts_close\">X</span>\n\t\t<span class=\"ts_name\">Research source</span>\n\t\t<span class=\"ts_description\"></span>\n\t\t\t\t<a href=\"#\" class=\"ts_source\" target=\"_blank\" rel=\"nofollow noreferrer noopener\"></a>\n\n</span>\n</sup><div class=\"mwimg  largeimage  floatcenter \" style=\"max-width:728px\"><a href=\"#/Image:Survive-a-Breakdown-of-the-Social-Order-Step-4Bullet2.jpg\" class=\"image\"><div class=\"content-spacer\" style=\"padding-top:75%\"><div class=\"loading-container\"><div class=\"loader\"><div class=\"loader-dot\"></div><div class=\"loader-dot\"></div><div class=\"loader-dot\"></div></div></div>\n<img alt=\"\" decoding=\"async\" class=\"whcdn content-fill img-loading-alt\" data-srclarge=\"/images/thumb/a/ab/Survive-a-Breakdown-of-the-Social-Order-Step-4Bullet2.jpg/aid167707-v4-728px-Survive-a-Breakdown-of-the-Social-Order-Step-4Bullet2.jpg\" data-width=\"460\" data-height=\"345\" id=\"d11c2fe8ca61a3741bf2509576e0e898\" data-src=\"https://www.wikihow.com/images/thumb/a/ab/Survive-a-Breakdown-of-the-Social-Order-Step-4Bullet2.jpg/v4-460px-Survive-a-Breakdown-of-the-Social-Order-Step-4Bullet2.jpg\" loading=\"lazy\" src=\"/images/thumb/a/ab/Survive-a-Breakdown-of-the-Social-Order-Step-4Bullet2.jpg/aid167707-v4-728px-Survive-a-Breakdown-of-the-Social-Order-Step-4Bullet2.jpg.webp\"><script>WH.shared.addScrollLoadItem('d11c2fe8ca61a3741bf2509576e0e898')</script>\n</div>\n<noscript><img alt=\"Image titled Survive a Breakdown of the Social Order Step 4Bullet2\" src=\"https://www.wikihow.com/images/thumb/a/ab/Survive-a-Breakdown-of-the-Social-Order-Step-4Bullet2.jpg/v4-460px-Survive-a-Breakdown-of-the-Social-Order-Step-4Bullet2.jpg\" decoding=\"async\" class=\"whcdn content-fill\" data-srclarge=\"/images/thumb/a/ab/Survive-a-Breakdown-of-the-Social-Order-Step-4Bullet2.jpg/aid167707-v4-728px-Survive-a-Breakdown-of-the-Social-Order-Step-4Bullet2.jpg\" data-width=\"460\" data-height=\"345\" id=\"d11c2fe8ca61a3741bf2509576e0e898\"></noscript>\n<div class=\"image_details\" style=\"display:none;\"><span style=\"display:none;\">{\"smallUrl\":\"https:\\/\\/www.wikihow.com\\/images\\/thumb\\/a\\/ab\\/Survive-a-Breakdown-of-the-Social-Order-Step-4Bullet2.jpg\\/v4-460px-Survive-a-Breakdown-of-the-Social-Order-Step-4Bullet2.jpg\",\"bigUrl\":\"\\/images\\/thumb\\/a\\/ab\\/Survive-a-Breakdown-of-the-Social-Order-Step-4Bullet2.jpg\\/aid167707-v4-728px-Survive-a-Breakdown-of-the-Social-Order-Step-4Bullet2.jpg\",\"smallWidth\":460,\"smallHeight\":345,\"bigWidth\":728,\"bigHeight\":546,\"licensing\":\"&lt;div class=\\\"mw-parser-output\\\"&gt;&lt;p&gt;License: &lt;a target=\\\"_blank\\\" rel=\\\"nofollow noreferrer noopener\\\" class=\\\"external text\\\" href=\\\"https:\\/\\/creativecommons.org\\/licenses\\/by-nc-sa\\/3.0\\/\\\"&gt;Creative Commons&lt;\\/a&gt;&lt;br&gt;\\n&lt;\\/p&gt;&lt;p&gt;&lt;br \\/&gt;\\n&lt;\\/p&gt;&lt;\\/div&gt;\"}</span></div></a></div>\n</li>\n<li>Sanitation: You're warm and have plenty to drink. The next essential is staying clean or sickness can and will spread rapidly.  If there is no water pressure, the toilet can be flushed by dumping a gallon of water into the bowl after use. Try to use old dish washing or bathing water. Don't waste your drinking water. If there is no water or functioning sewage systems nearby, establish a latrine or a waste bucket far from sleeping, eating, and common areas without plenty of ventilation. Use a bit of that drinking water to wash hands. It is worth it to stay healthy.<div class=\"mwimg  largeimage  floatcenter \" style=\"max-width:728px\"><a href=\"#/Image:Survive-a-Breakdown-of-the-Social-Order-Step-4Bullet3.jpg\" class=\"image\"><div class=\"content-spacer\" style=\"padding-top:75%\"><div class=\"loading-container\"><div class=\"loader\"><div class=\"loader-dot\"></div><div class=\"loader-dot\"></div><div class=\"loader-dot\"></div></div></div>\n<img alt=\"\" decoding=\"async\" class=\"whcdn content-fill img-loading-alt\" data-srclarge=\"/images/thumb/a/af/Survive-a-Breakdown-of-the-Social-Order-Step-4Bullet3.jpg/aid167707-v4-728px-Survive-a-Breakdown-of-the-Social-Order-Step-4Bullet3.jpg\" data-width=\"460\" data-height=\"345\" id=\"7a1bd76cf4845182fa6ba32648115cb3\" data-src=\"https://www.wikihow.com/images/thumb/a/af/Survive-a-Breakdown-of-the-Social-Order-Step-4Bullet3.jpg/v4-460px-Survive-a-Breakdown-of-the-Social-Order-Step-4Bullet3.jpg\" loading=\"lazy\" src=\"/images/thumb/a/af/Survive-a-Breakdown-of-the-Social-Order-Step-4Bullet3.jpg/aid167707-v4-728px-Survive-a-Breakdown-of-the-Social-Order-Step-4Bullet3.jpg.webp\"><script>WH.shared.addScrollLoadItem('7a1bd76cf4845182fa6ba32648115cb3')</script>\n</div>\n<noscript><img alt=\"Image titled Survive a Breakdown of the Social Order Step 4Bullet3\" src=\"https://www.wikihow.com/images/thumb/a/af/Survive-a-Breakdown-of-the-Social-Order-Step-4Bullet3.jpg/v4-460px-Survive-a-Breakdown-of-the-Social-Order-Step-4Bullet3.jpg\" decoding=\"async\" class=\"whcdn content-fill\" data-srclarge=\"/images/thumb/a/af/Survive-a-Breakdown-of-the-Social-Order-Step-4Bullet3.jpg/aid167707-v4-728px-Survive-a-Breakdown-of-the-Social-Order-Step-4Bullet3.jpg\" data-width=\"460\" data-height=\"345\" id=\"7a1bd76cf4845182fa6ba32648115cb3\"></noscript>\n<div class=\"image_details\" style=\"display:none;\"><span style=\"display:none;\">{\"smallUrl\":\"https:\\/\\/www.wikihow.com\\/images\\/thumb\\/a\\/af\\/Survive-a-Breakdown-of-the-Social-Order-Step-4Bullet3.jpg\\/v4-460px-Survive-a-Breakdown-of-the-Social-Order-Step-4Bullet3.jpg\",\"bigUrl\":\"\\/images\\/thumb\\/a\\/af\\/Survive-a-Breakdown-of-the-Social-Order-Step-4Bullet3.jpg\\/aid167707-v4-728px-Survive-a-Breakdown-of-the-Social-Order-Step-4Bullet3.jpg\",\"smallWidth\":460,\"smallHeight\":345,\"bigWidth\":728,\"bigHeight\":546,\"licensing\":\"&lt;div class=\\\"mw-parser-output\\\"&gt;&lt;p&gt;License: &lt;a target=\\\"_blank\\\" rel=\\\"nofollow noreferrer noopener\\\" class=\\\"external text\\\" href=\\\"https:\\/\\/creativecommons.org\\/licenses\\/by-nc-sa\\/3.0\\/\\\"&gt;Creative Commons&lt;\\/a&gt;&lt;br&gt;\\n&lt;\\/p&gt;&lt;p&gt;&lt;br \\/&gt;\\n&lt;\\/p&gt;&lt;\\/div&gt;\"}</span></div></a></div>\n</li>\n<li>Defense: Often, in social breakdowns, there are people who may be very dangerous and violent due to the lack of law enforcement. One must defend what resources they have from theft. During the 1992 Los Angeles riots, Korean business owners were able to defend their businesses with firearms from being looted and burned by rioters. Owning a weapon and sufficient ammunition may be critical for survival. Also, one must know how to maintain and use the weapon in case a situation might arise. Just make sure that the weapon is legal and if applicable, registered.<div class=\"mwimg  largeimage  floatcenter \" style=\"max-width:728px\"><a href=\"#/Image:Survive-a-Breakdown-of-the-Social-Order-Step-4Bullet4.jpg\" class=\"image\"><div class=\"content-spacer\" style=\"padding-top:75%\"><div class=\"loading-container\"><div class=\"loader\"><div class=\"loader-dot\"></div><div class=\"loader-dot\"></div><div class=\"loader-dot\"></div></div></div>\n<img alt=\"\" decoding=\"async\" class=\"whcdn content-fill img-loading-alt\" data-srclarge=\"/images/thumb/c/c9/Survive-a-Breakdown-of-the-Social-Order-Step-4Bullet4.jpg/aid167707-v4-728px-Survive-a-Breakdown-of-the-Social-Order-Step-4Bullet4.jpg\" data-width=\"460\" data-height=\"345\" id=\"72943e1aa497d1e97c13bfe2f8518992\" data-src=\"https://www.wikihow.com/images/thumb/c/c9/Survive-a-Breakdown-of-the-Social-Order-Step-4Bullet4.jpg/v4-460px-Survive-a-Breakdown-of-the-Social-Order-Step-4Bullet4.jpg\" loading=\"lazy\" src=\"/images/thumb/c/c9/Survive-a-Breakdown-of-the-Social-Order-Step-4Bullet4.jpg/aid167707-v4-728px-Survive-a-Breakdown-of-the-Social-Order-Step-4Bullet4.jpg.webp\"><script>WH.shared.addScrollLoadItem('72943e1aa497d1e97c13bfe2f8518992')</script>\n</div>\n<noscript><img alt=\"Image titled Survive a Breakdown of the Social Order Step 4Bullet4\" src=\"https://www.wikihow.com/images/thumb/c/c9/Survive-a-Breakdown-of-the-Social-Order-Step-4Bullet4.jpg/v4-460px-Survive-a-Breakdown-of-the-Social-Order-Step-4Bullet4.jpg\" decoding=\"async\" class=\"whcdn content-fill\" data-srclarge=\"/images/thumb/c/c9/Survive-a-Breakdown-of-the-Social-Order-Step-4Bullet4.jpg/aid167707-v4-728px-Survive-a-Breakdown-of-the-Social-Order-Step-4Bullet4.jpg\" data-width=\"460\" data-height=\"345\" id=\"72943e1aa497d1e97c13bfe2f8518992\"></noscript>\n<div class=\"image_details\" style=\"display:none;\"><span style=\"display:none;\">{\"smallUrl\":\"https:\\/\\/www.wikihow.com\\/images\\/thumb\\/c\\/c9\\/Survive-a-Breakdown-of-the-Social-Order-Step-4Bullet4.jpg\\/v4-460px-Survive-a-Breakdown-of-the-Social-Order-Step-4Bullet4.jpg\",\"bigUrl\":\"\\/images\\/thumb\\/c\\/c9\\/Survive-a-Breakdown-of-the-Social-Order-Step-4Bullet4.jpg\\/aid167707-v4-728px-Survive-a-Breakdown-of-the-Social-Order-Step-4Bullet4.jpg\",\"smallWidth\":460,\"smallHeight\":345,\"bigWidth\":728,\"bigHeight\":546,\"licensing\":\"&lt;div class=\\\"mw-parser-output\\\"&gt;&lt;p&gt;License: &lt;a target=\\\"_blank\\\" rel=\\\"nofollow noreferrer noopener\\\" class=\\\"external text\\\" href=\\\"https:\\/\\/creativecommons.org\\/licenses\\/by-nc-sa\\/3.0\\/\\\"&gt;Creative Commons&lt;\\/a&gt;&lt;br&gt;\\n&lt;\\/p&gt;&lt;p&gt;&lt;br \\/&gt;\\n&lt;\\/p&gt;&lt;\\/div&gt;\"}</span></div></a></div>\n</li>\n</ul>\n"}]},{"title":"Living Afterwards","tasks":[{"title":"Consolidate your immediate support networks:","content":"\n friends, close coworkers, family, and neighbors.\n<ul><li>No man is an island; it is crucial to remain connected to a community if one is to survive a breakdown of government. Make sure that your loved ones are safe by keeping them close by and in contact.</li></ul>\n"},{"title":"Venture out to procure your needed supplies.","content":"\n\n<ul>\n<li>Be aware: in the immediate aftermath of a disastrous breakdown of the social order, if you are in an urban area, there will likely be many, many people looking for the same thing. Looting will be rampant and widespread, and in the chaos, you may not be able to reach your ideal supply centers.<div class=\"mwimg  largeimage  floatcenter \" style=\"max-width:728px\"><a href=\"#/Image:Survive-a-Breakdown-of-the-Social-Order-Step-6Bullet1.jpg\" class=\"image\"><div class=\"content-spacer\" style=\"padding-top:75%\"><div class=\"loading-container\"><div class=\"loader\"><div class=\"loader-dot\"></div><div class=\"loader-dot\"></div><div class=\"loader-dot\"></div></div></div>\n<img alt=\"\" decoding=\"async\" class=\"whcdn content-fill img-loading-alt\" data-srclarge=\"/images/thumb/4/4b/Survive-a-Breakdown-of-the-Social-Order-Step-6Bullet1.jpg/aid167707-v4-728px-Survive-a-Breakdown-of-the-Social-Order-Step-6Bullet1.jpg\" data-width=\"460\" data-height=\"345\" id=\"49eaff5b6fa61db2c7d88e0f2a62f7b9\" data-src=\"https://www.wikihow.com/images/thumb/4/4b/Survive-a-Breakdown-of-the-Social-Order-Step-6Bullet1.jpg/v4-460px-Survive-a-Breakdown-of-the-Social-Order-Step-6Bullet1.jpg\" loading=\"lazy\" src=\"/images/thumb/4/4b/Survive-a-Breakdown-of-the-Social-Order-Step-6Bullet1.jpg/aid167707-v4-728px-Survive-a-Breakdown-of-the-Social-Order-Step-6Bullet1.jpg.webp\"><script>WH.shared.addScrollLoadItem('49eaff5b6fa61db2c7d88e0f2a62f7b9')</script>\n</div>\n<noscript><img alt=\"Image titled Survive a Breakdown of the Social Order Step 6Bullet1\" src=\"https://www.wikihow.com/images/thumb/4/4b/Survive-a-Breakdown-of-the-Social-Order-Step-6Bullet1.jpg/v4-460px-Survive-a-Breakdown-of-the-Social-Order-Step-6Bullet1.jpg\" decoding=\"async\" class=\"whcdn content-fill\" data-srclarge=\"/images/thumb/4/4b/Survive-a-Breakdown-of-the-Social-Order-Step-6Bullet1.jpg/aid167707-v4-728px-Survive-a-Breakdown-of-the-Social-Order-Step-6Bullet1.jpg\" data-width=\"460\" data-height=\"345\" id=\"49eaff5b6fa61db2c7d88e0f2a62f7b9\"></noscript>\n<div class=\"image_details\" style=\"display:none;\"><span style=\"display:none;\">{\"smallUrl\":\"https:\\/\\/www.wikihow.com\\/images\\/thumb\\/4\\/4b\\/Survive-a-Breakdown-of-the-Social-Order-Step-6Bullet1.jpg\\/v4-460px-Survive-a-Breakdown-of-the-Social-Order-Step-6Bullet1.jpg\",\"bigUrl\":\"\\/images\\/thumb\\/4\\/4b\\/Survive-a-Breakdown-of-the-Social-Order-Step-6Bullet1.jpg\\/aid167707-v4-728px-Survive-a-Breakdown-of-the-Social-Order-Step-6Bullet1.jpg\",\"smallWidth\":460,\"smallHeight\":345,\"bigWidth\":728,\"bigHeight\":546,\"licensing\":\"&lt;div class=\\\"mw-parser-output\\\"&gt;&lt;p&gt;License: &lt;a target=\\\"_blank\\\" rel=\\\"nofollow noreferrer noopener\\\" class=\\\"external text\\\" href=\\\"https:\\/\\/creativecommons.org\\/licenses\\/by-nc-sa\\/3.0\\/\\\"&gt;Creative Commons&lt;\\/a&gt;&lt;br&gt;\\n&lt;\\/p&gt;&lt;p&gt;&lt;br \\/&gt;\\n&lt;\\/p&gt;&lt;\\/div&gt;\"}</span></div></a></div>\n</li>\n<li>Have contingencies in mind: cast your net wide, but locally. Do not venture too far from your base of operations in search of needed supplies, and if other people are willing to fight or kill you for it, back away. The key is to be adaptable and to survive.<div class=\"mwimg  largeimage  floatcenter \" style=\"max-width:728px\"><a href=\"#/Image:Survive-a-Breakdown-of-the-Social-Order-Step-6Bullet2.jpg\" class=\"image\"><div class=\"content-spacer\" style=\"padding-top:75%\"><div class=\"loading-container\"><div class=\"loader\"><div class=\"loader-dot\"></div><div class=\"loader-dot\"></div><div class=\"loader-dot\"></div></div></div>\n<img alt=\"\" decoding=\"async\" class=\"whcdn content-fill img-loading-alt\" data-srclarge=\"/images/thumb/2/2d/Survive-a-Breakdown-of-the-Social-Order-Step-6Bullet2.jpg/aid167707-v4-728px-Survive-a-Breakdown-of-the-Social-Order-Step-6Bullet2.jpg\" data-width=\"460\" data-height=\"345\" id=\"2bb7f6ecba82a2b0641ee08c2543f91d\" data-src=\"https://www.wikihow.com/images/thumb/2/2d/Survive-a-Breakdown-of-the-Social-Order-Step-6Bullet2.jpg/v4-460px-Survive-a-Breakdown-of-the-Social-Order-Step-6Bullet2.jpg\" loading=\"lazy\" src=\"/images/thumb/2/2d/Survive-a-Breakdown-of-the-Social-Order-Step-6Bullet2.jpg/aid167707-v4-728px-Survive-a-Breakdown-of-the-Social-Order-Step-6Bullet2.jpg.webp\"><script>WH.shared.addScrollLoadItem('2bb7f6ecba82a2b0641ee08c2543f91d')</script>\n</div>\n<noscript><img alt=\"Image titled Survive a Breakdown of the Social Order Step 6Bullet2\" src=\"https://www.wikihow.com/images/thumb/2/2d/Survive-a-Breakdown-of-the-Social-Order-Step-6Bullet2.jpg/v4-460px-Survive-a-Breakdown-of-the-Social-Order-Step-6Bullet2.jpg\" decoding=\"async\" class=\"whcdn content-fill\" data-srclarge=\"/images/thumb/2/2d/Survive-a-Breakdown-of-the-Social-Order-Step-6Bullet2.jpg/aid167707-v4-728px-Survive-a-Breakdown-of-the-Social-Order-Step-6Bullet2.jpg\" data-width=\"460\" data-height=\"345\" id=\"2bb7f6ecba82a2b0641ee08c2543f91d\"></noscript>\n<div class=\"image_details\" style=\"display:none;\"><span style=\"display:none;\">{\"smallUrl\":\"https:\\/\\/www.wikihow.com\\/images\\/thumb\\/2\\/2d\\/Survive-a-Breakdown-of-the-Social-Order-Step-6Bullet2.jpg\\/v4-460px-Survive-a-Breakdown-of-the-Social-Order-Step-6Bullet2.jpg\",\"bigUrl\":\"\\/images\\/thumb\\/2\\/2d\\/Survive-a-Breakdown-of-the-Social-Order-Step-6Bullet2.jpg\\/aid167707-v4-728px-Survive-a-Breakdown-of-the-Social-Order-Step-6Bullet2.jpg\",\"smallWidth\":460,\"smallHeight\":345,\"bigWidth\":728,\"bigHeight\":546,\"licensing\":\"&lt;div class=\\\"mw-parser-output\\\"&gt;&lt;p&gt;License: &lt;a target=\\\"_blank\\\" rel=\\\"nofollow noreferrer noopener\\\" class=\\\"external text\\\" href=\\\"https:\\/\\/creativecommons.org\\/licenses\\/by-nc-sa\\/3.0\\/\\\"&gt;Creative Commons&lt;\\/a&gt;&lt;br&gt;\\n&lt;\\/p&gt;&lt;p&gt;&lt;br \\/&gt;\\n&lt;\\/p&gt;&lt;\\/div&gt;\"}</span></div></a></div>\n</li>\n</ul>\n"},{"title":"Having secured your supplies, it will be time to consolidate things back at home.","content":"\n This will call for you to become an effective leader: oftentimes even a well-prepared group can break down due to internal tensions.\n<ul>\n<li>Keep a level head and try to be fair and impartial in dealing with difficult or stressful situations between people.<div class=\"mwimg  largeimage  floatcenter \" style=\"max-width:728px\"><a href=\"#/Image:Survive-a-Breakdown-of-the-Social-Order-Step-7Bullet1.jpg\" class=\"image\"><div class=\"content-spacer\" style=\"padding-top:75%\"><div class=\"loading-container\"><div class=\"loader\"><div class=\"loader-dot\"></div><div class=\"loader-dot\"></div><div class=\"loader-dot\"></div></div></div>\n<img alt=\"\" decoding=\"async\" class=\"whcdn content-fill img-loading-alt\" data-srclarge=\"/images/thumb/2/2e/Survive-a-Breakdown-of-the-Social-Order-Step-7Bullet1.jpg/aid167707-v4-728px-Survive-a-Breakdown-of-the-Social-Order-Step-7Bullet1.jpg\" data-width=\"460\" data-height=\"345\" id=\"9e2bebfd29db68546304e237dc8807f4\" data-src=\"https://www.wikihow.com/images/thumb/2/2e/Survive-a-Breakdown-of-the-Social-Order-Step-7Bullet1.jpg/v4-460px-Survive-a-Breakdown-of-the-Social-Order-Step-7Bullet1.jpg\" loading=\"lazy\" src=\"/images/thumb/2/2e/Survive-a-Breakdown-of-the-Social-Order-Step-7Bullet1.jpg/aid167707-v4-728px-Survive-a-Breakdown-of-the-Social-Order-Step-7Bullet1.jpg.webp\"><script>WH.shared.addScrollLoadItem('9e2bebfd29db68546304e237dc8807f4')</script>\n</div>\n<noscript><img alt=\"Image titled Survive a Breakdown of the Social Order Step 7Bullet1\" src=\"https://www.wikihow.com/images/thumb/2/2e/Survive-a-Breakdown-of-the-Social-Order-Step-7Bullet1.jpg/v4-460px-Survive-a-Breakdown-of-the-Social-Order-Step-7Bullet1.jpg\" decoding=\"async\" class=\"whcdn content-fill\" data-srclarge=\"/images/thumb/2/2e/Survive-a-Breakdown-of-the-Social-Order-Step-7Bullet1.jpg/aid167707-v4-728px-Survive-a-Breakdown-of-the-Social-Order-Step-7Bullet1.jpg\" data-width=\"460\" data-height=\"345\" id=\"9e2bebfd29db68546304e237dc8807f4\"></noscript>\n<div class=\"image_details\" style=\"display:none;\"><span style=\"display:none;\">{\"smallUrl\":\"https:\\/\\/www.wikihow.com\\/images\\/thumb\\/2\\/2e\\/Survive-a-Breakdown-of-the-Social-Order-Step-7Bullet1.jpg\\/v4-460px-Survive-a-Breakdown-of-the-Social-Order-Step-7Bullet1.jpg\",\"bigUrl\":\"\\/images\\/thumb\\/2\\/2e\\/Survive-a-Breakdown-of-the-Social-Order-Step-7Bullet1.jpg\\/aid167707-v4-728px-Survive-a-Breakdown-of-the-Social-Order-Step-7Bullet1.jpg\",\"smallWidth\":460,\"smallHeight\":345,\"bigWidth\":728,\"bigHeight\":546,\"licensing\":\"&lt;div class=\\\"mw-parser-output\\\"&gt;&lt;p&gt;License: &lt;a target=\\\"_blank\\\" rel=\\\"nofollow noreferrer noopener\\\" class=\\\"external text\\\" href=\\\"https:\\/\\/creativecommons.org\\/licenses\\/by-nc-sa\\/3.0\\/\\\"&gt;Creative Commons&lt;\\/a&gt;&lt;br&gt;\\n&lt;\\/p&gt;&lt;p&gt;&lt;br \\/&gt;\\n&lt;\\/p&gt;&lt;\\/div&gt;\"}</span></div></a></div>\n</li>\n<li>You will all be under a great deal of stress: try to encourage stress-relieving activities, such as plenty of exercise, board games and puzzles, reading, and investing time in learning useful practical skills.<div class=\"mwimg  largeimage  floatcenter \" style=\"max-width:728px\"><a href=\"#/Image:Survive-a-Breakdown-of-the-Social-Order-Step-7Bullet2.jpg\" class=\"image\"><div class=\"content-spacer\" style=\"padding-top:75%\"><div class=\"loading-container\"><div class=\"loader\"><div class=\"loader-dot\"></div><div class=\"loader-dot\"></div><div class=\"loader-dot\"></div></div></div>\n<img alt=\"\" decoding=\"async\" class=\"whcdn content-fill img-loading-alt\" data-srclarge=\"/images/thumb/0/08/Survive-a-Breakdown-of-the-Social-Order-Step-7Bullet2.jpg/aid167707-v4-728px-Survive-a-Breakdown-of-the-Social-Order-Step-7Bullet2.jpg\" data-width=\"460\" data-height=\"345\" id=\"7dd36aab318121f4e9efd2582c2a01aa\" data-src=\"https://www.wikihow.com/images/thumb/0/08/Survive-a-Breakdown-of-the-Social-Order-Step-7Bullet2.jpg/v4-460px-Survive-a-Breakdown-of-the-Social-Order-Step-7Bullet2.jpg\" loading=\"lazy\" src=\"/images/thumb/0/08/Survive-a-Breakdown-of-the-Social-Order-Step-7Bullet2.jpg/aid167707-v4-728px-Survive-a-Breakdown-of-the-Social-Order-Step-7Bullet2.jpg.webp\"><script>WH.shared.addScrollLoadItem('7dd36aab318121f4e9efd2582c2a01aa')</script>\n</div>\n<noscript><img alt=\"Image titled Survive a Breakdown of the Social Order Step 7Bullet2\" src=\"https://www.wikihow.com/images/thumb/0/08/Survive-a-Breakdown-of-the-Social-Order-Step-7Bullet2.jpg/v4-460px-Survive-a-Breakdown-of-the-Social-Order-Step-7Bullet2.jpg\" decoding=\"async\" class=\"whcdn content-fill\" data-srclarge=\"/images/thumb/0/08/Survive-a-Breakdown-of-the-Social-Order-Step-7Bullet2.jpg/aid167707-v4-728px-Survive-a-Breakdown-of-the-Social-Order-Step-7Bullet2.jpg\" data-width=\"460\" data-height=\"345\" id=\"7dd36aab318121f4e9efd2582c2a01aa\"></noscript>\n<div class=\"image_details\" style=\"display:none;\"><span style=\"display:none;\">{\"smallUrl\":\"https:\\/\\/www.wikihow.com\\/images\\/thumb\\/0\\/08\\/Survive-a-Breakdown-of-the-Social-Order-Step-7Bullet2.jpg\\/v4-460px-Survive-a-Breakdown-of-the-Social-Order-Step-7Bullet2.jpg\",\"bigUrl\":\"\\/images\\/thumb\\/0\\/08\\/Survive-a-Breakdown-of-the-Social-Order-Step-7Bullet2.jpg\\/aid167707-v4-728px-Survive-a-Breakdown-of-the-Social-Order-Step-7Bullet2.jpg\",\"smallWidth\":460,\"smallHeight\":345,\"bigWidth\":728,\"bigHeight\":546,\"licensing\":\"&lt;div class=\\\"mw-parser-output\\\"&gt;&lt;p&gt;License: &lt;a target=\\\"_blank\\\" rel=\\\"nofollow noreferrer noopener\\\" class=\\\"external text\\\" href=\\\"https:\\/\\/creativecommons.org\\/licenses\\/by-nc-sa\\/3.0\\/\\\"&gt;Creative Commons&lt;\\/a&gt;&lt;br&gt;\\n&lt;\\/p&gt;&lt;p&gt;&lt;br \\/&gt;\\n&lt;\\/p&gt;&lt;\\/div&gt;\"}</span></div></a></div>\n</li>\n<li>Delegate resources efficiently and according to need. Although some will obviously want special treatment, remember to keep in mind that your resources are limited. If necessary, use triage.<div class=\"mwimg  largeimage  floatcenter \" style=\"max-width:728px\"><a href=\"#/Image:Survive-a-Breakdown-of-the-Social-Order-Step-7Bullet3.jpg\" class=\"image\"><div class=\"content-spacer\" style=\"padding-top:75%\"><div class=\"loading-container\"><div class=\"loader\"><div class=\"loader-dot\"></div><div class=\"loader-dot\"></div><div class=\"loader-dot\"></div></div></div>\n<img alt=\"\" decoding=\"async\" class=\"whcdn content-fill img-loading-alt\" data-srclarge=\"/images/thumb/4/49/Survive-a-Breakdown-of-the-Social-Order-Step-7Bullet3.jpg/aid167707-v4-728px-Survive-a-Breakdown-of-the-Social-Order-Step-7Bullet3.jpg\" data-width=\"460\" data-height=\"345\" id=\"1bf3f2df54b722808b1524d55e8da2a2\" data-src=\"https://www.wikihow.com/images/thumb/4/49/Survive-a-Breakdown-of-the-Social-Order-Step-7Bullet3.jpg/v4-460px-Survive-a-Breakdown-of-the-Social-Order-Step-7Bullet3.jpg\" loading=\"lazy\" src=\"/images/thumb/4/49/Survive-a-Breakdown-of-the-Social-Order-Step-7Bullet3.jpg/aid167707-v4-728px-Survive-a-Breakdown-of-the-Social-Order-Step-7Bullet3.jpg.webp\"><script>WH.shared.addScrollLoadItem('1bf3f2df54b722808b1524d55e8da2a2')</script>\n</div>\n<noscript><img alt=\"Image titled Survive a Breakdown of the Social Order Step 7Bullet3\" src=\"https://www.wikihow.com/images/thumb/4/49/Survive-a-Breakdown-of-the-Social-Order-Step-7Bullet3.jpg/v4-460px-Survive-a-Breakdown-of-the-Social-Order-Step-7Bullet3.jpg\" decoding=\"async\" class=\"whcdn content-fill\" data-srclarge=\"/images/thumb/4/49/Survive-a-Breakdown-of-the-Social-Order-Step-7Bullet3.jpg/aid167707-v4-728px-Survive-a-Breakdown-of-the-Social-Order-Step-7Bullet3.jpg\" data-width=\"460\" data-height=\"345\" id=\"1bf3f2df54b722808b1524d55e8da2a2\"></noscript>\n<div class=\"image_details\" style=\"display:none;\"><span style=\"display:none;\">{\"smallUrl\":\"https:\\/\\/www.wikihow.com\\/images\\/thumb\\/4\\/49\\/Survive-a-Breakdown-of-the-Social-Order-Step-7Bullet3.jpg\\/v4-460px-Survive-a-Breakdown-of-the-Social-Order-Step-7Bullet3.jpg\",\"bigUrl\":\"\\/images\\/thumb\\/4\\/49\\/Survive-a-Breakdown-of-the-Social-Order-Step-7Bullet3.jpg\\/aid167707-v4-728px-Survive-a-Breakdown-of-the-Social-Order-Step-7Bullet3.jpg\",\"smallWidth\":460,\"smallHeight\":345,\"bigWidth\":728,\"bigHeight\":546,\"licensing\":\"&lt;div class=\\\"mw-parser-output\\\"&gt;&lt;p&gt;License: &lt;a target=\\\"_blank\\\" rel=\\\"nofollow noreferrer noopener\\\" class=\\\"external text\\\" href=\\\"https:\\/\\/creativecommons.org\\/licenses\\/by-nc-sa\\/3.0\\/\\\"&gt;Creative Commons&lt;\\/a&gt;&lt;br&gt;\\n&lt;\\/p&gt;&lt;p&gt;&lt;br \\/&gt;\\n&lt;\\/p&gt;&lt;\\/div&gt;\"}</span></div></a></div>\n</li>\n<li>Give everyone a useful task. Idle hands are the devil's plaything.<div class=\"mwimg  largeimage  floatcenter \" style=\"max-width:728px\"><a href=\"#/Image:Survive-a-Breakdown-of-the-Social-Order-Step-7Bullet4.jpg\" class=\"image\"><div class=\"content-spacer\" style=\"padding-top:75%\"><div class=\"loading-container\"><div class=\"loader\"><div class=\"loader-dot\"></div><div class=\"loader-dot\"></div><div class=\"loader-dot\"></div></div></div>\n<img alt=\"\" decoding=\"async\" class=\"whcdn content-fill img-loading-alt\" data-srclarge=\"/images/thumb/7/74/Survive-a-Breakdown-of-the-Social-Order-Step-7Bullet4.jpg/aid167707-v4-728px-Survive-a-Breakdown-of-the-Social-Order-Step-7Bullet4.jpg\" data-width=\"460\" data-height=\"345\" id=\"71f57354adaa4200f674e4b661f2fd98\" data-src=\"https://www.wikihow.com/images/thumb/7/74/Survive-a-Breakdown-of-the-Social-Order-Step-7Bullet4.jpg/v4-460px-Survive-a-Breakdown-of-the-Social-Order-Step-7Bullet4.jpg\" loading=\"lazy\" src=\"/images/thumb/7/74/Survive-a-Breakdown-of-the-Social-Order-Step-7Bullet4.jpg/aid167707-v4-728px-Survive-a-Breakdown-of-the-Social-Order-Step-7Bullet4.jpg.webp\"><script>WH.shared.addScrollLoadItem('71f57354adaa4200f674e4b661f2fd98')</script>\n</div>\n<noscript><img alt=\"Image titled Survive a Breakdown of the Social Order Step 7Bullet4\" src=\"https://www.wikihow.com/images/thumb/7/74/Survive-a-Breakdown-of-the-Social-Order-Step-7Bullet4.jpg/v4-460px-Survive-a-Breakdown-of-the-Social-Order-Step-7Bullet4.jpg\" decoding=\"async\" class=\"whcdn content-fill\" data-srclarge=\"/images/thumb/7/74/Survive-a-Breakdown-of-the-Social-Order-Step-7Bullet4.jpg/aid167707-v4-728px-Survive-a-Breakdown-of-the-Social-Order-Step-7Bullet4.jpg\" data-width=\"460\" data-height=\"345\" id=\"71f57354adaa4200f674e4b661f2fd98\"></noscript>\n<div class=\"image_details\" style=\"display:none;\"><span style=\"display:none;\">{\"smallUrl\":\"https:\\/\\/www.wikihow.com\\/images\\/thumb\\/7\\/74\\/Survive-a-Breakdown-of-the-Social-Order-Step-7Bullet4.jpg\\/v4-460px-Survive-a-Breakdown-of-the-Social-Order-Step-7Bullet4.jpg\",\"bigUrl\":\"\\/images\\/thumb\\/7\\/74\\/Survive-a-Breakdown-of-the-Social-Order-Step-7Bullet4.jpg\\/aid167707-v4-728px-Survive-a-Breakdown-of-the-Social-Order-Step-7Bullet4.jpg\",\"smallWidth\":460,\"smallHeight\":345,\"bigWidth\":728,\"bigHeight\":546,\"licensing\":\"&lt;div class=\\\"mw-parser-output\\\"&gt;&lt;p&gt;License: &lt;a target=\\\"_blank\\\" rel=\\\"nofollow noreferrer noopener\\\" class=\\\"external text\\\" href=\\\"https:\\/\\/creativecommons.org\\/licenses\\/by-nc-sa\\/3.0\\/\\\"&gt;Creative Commons&lt;\\/a&gt;&lt;br&gt;\\n&lt;\\/p&gt;&lt;p&gt;&lt;br \\/&gt;\\n&lt;\\/p&gt;&lt;\\/div&gt;\"}</span></div></a></div>\n</li>\n<li>Resolve arguments before they can occur. If you sense tension or anxiety growing between two people, try to get the issue out into the open before it can turn into a potentially deadly confrontation.<div class=\"mwimg  largeimage  floatcenter \" style=\"max-width:728px\"><a href=\"#/Image:Survive-a-Breakdown-of-the-Social-Order-Step-7Bullet5.jpg\" class=\"image\"><div class=\"content-spacer\" style=\"padding-top:75%\"><div class=\"loading-container\"><div class=\"loader\"><div class=\"loader-dot\"></div><div class=\"loader-dot\"></div><div class=\"loader-dot\"></div></div></div>\n<img alt=\"\" decoding=\"async\" class=\"whcdn content-fill img-loading-alt\" data-srclarge=\"/images/thumb/1/1a/Survive-a-Breakdown-of-the-Social-Order-Step-7Bullet5.jpg/aid167707-v4-728px-Survive-a-Breakdown-of-the-Social-Order-Step-7Bullet5.jpg\" data-width=\"460\" data-height=\"345\" id=\"902b6460f4248c61c2f8db60bb83eecf\" data-src=\"https://www.wikihow.com/images/thumb/1/1a/Survive-a-Breakdown-of-the-Social-Order-Step-7Bullet5.jpg/v4-460px-Survive-a-Breakdown-of-the-Social-Order-Step-7Bullet5.jpg\" loading=\"lazy\" src=\"/images/thumb/1/1a/Survive-a-Breakdown-of-the-Social-Order-Step-7Bullet5.jpg/aid167707-v4-728px-Survive-a-Breakdown-of-the-Social-Order-Step-7Bullet5.jpg.webp\"><script>WH.shared.addScrollLoadItem('902b6460f4248c61c2f8db60bb83eecf')</script>\n</div>\n<noscript><img alt=\"Image titled Survive a Breakdown of the Social Order Step 7Bullet5\" src=\"https://www.wikihow.com/images/thumb/1/1a/Survive-a-Breakdown-of-the-Social-Order-Step-7Bullet5.jpg/v4-460px-Survive-a-Breakdown-of-the-Social-Order-Step-7Bullet5.jpg\" decoding=\"async\" class=\"whcdn content-fill\" data-srclarge=\"/images/thumb/1/1a/Survive-a-Breakdown-of-the-Social-Order-Step-7Bullet5.jpg/aid167707-v4-728px-Survive-a-Breakdown-of-the-Social-Order-Step-7Bullet5.jpg\" data-width=\"460\" data-height=\"345\" id=\"902b6460f4248c61c2f8db60bb83eecf\"></noscript>\n<div class=\"image_details\" style=\"display:none;\"><span style=\"display:none;\">{\"smallUrl\":\"https:\\/\\/www.wikihow.com\\/images\\/thumb\\/1\\/1a\\/Survive-a-Breakdown-of-the-Social-Order-Step-7Bullet5.jpg\\/v4-460px-Survive-a-Breakdown-of-the-Social-Order-Step-7Bullet5.jpg\",\"bigUrl\":\"\\/images\\/thumb\\/1\\/1a\\/Survive-a-Breakdown-of-the-Social-Order-Step-7Bullet5.jpg\\/aid167707-v4-728px-Survive-a-Breakdown-of-the-Social-Order-Step-7Bullet5.jpg\",\"smallWidth\":460,\"smallHeight\":345,\"bigWidth\":728,\"bigHeight\":546,\"licensing\":\"&lt;div class=\\\"mw-parser-output\\\"&gt;&lt;p&gt;License: &lt;a target=\\\"_blank\\\" rel=\\\"nofollow noreferrer noopener\\\" class=\\\"external text\\\" href=\\\"https:\\/\\/creativecommons.org\\/licenses\\/by-nc-sa\\/3.0\\/\\\"&gt;Creative Commons&lt;\\/a&gt;&lt;br&gt;\\n&lt;\\/p&gt;&lt;p&gt;&lt;br \\/&gt;\\n&lt;\\/p&gt;&lt;\\/div&gt;\"}</span></div></a></div>\n</li>\n<li>If conflicts are unavoidable, try first negotiating a compromise: speak to each person involved on a personal basis -- don't try to be a dictator. Calm spirits by speaking in a firm, but soothing tone. If the situation continues to degenerate, get friendly, neutral parties to restrain the combatants.</li>\n</ul>\n"},{"title":"Having created your small community, secured a supply of resources, and taken charge of its leadership, you will be well prepared to wait out the social breakdown until the rule of law is restored.","content":"\n\n"},{"title":"If it is truly catastrophic, resulting in national destruction and a regression of civilization, you will need to take further steps to ensure that your community becomes the nucleus for the rebirth of society.","content":"\n\n"}]}],"questions":[{"title":"What about foods that last a long time, such as dry beans?","content":"There are many non-perishable foods you can stock up on, such as canned items, dried foods, emergency food rations or MREs (available online or at many Army surplus stores)."},{"title":"How do I survive the zombie apocalypse?","content":"By being fast, strong, and intelligent. Work out, run regularly to improve your stamina, and research how to survive in the wild on your own. Zombies are slow and very stupid - this should keep you safe. Or, you could become a scientist and invent a formula that vaccinates people against becoming zombies in the first place."},{"title":"If this happens, how will we keep our pets? I dont want to eat my dog.","content":"You wouldn't want to, dogs are great allies. They can bring you food, warn you of intruders, fend off attackers, provide companionship and boost morale."},{"title":"What is a breakdown of social order and how does it arise?","content":"A \"breakdown of social order\" can be defined as the collapse of the government, its units, and the general way of life of a group of people. There are many reasons why it would arise. Maybe a group of important political officials were killed. Maybe a rebel group took over the government. Maybe even zombies!"}]}