{"meta":{"description":"Mudslides, also called debris flows, can be destructive and deadly natural disasters. If your area is at risk, reviewing safety procedures and coming up with a survival plan can help you feel more secure and even save your life.","title":"Survive a Mudslide"},"todo_list":[{"title":"Evacuating Safely","tasks":[{"title":"Monitor the news and evacuate when recommended.","content":"\n If your area has been recently hit by a fire and heavy rain is predicted, start watching the news a day or 2 before the storm is predicted. Listen for evacuation orders, which should be broadcast as soon as they’re put in place. You should plan to leave even when evacuation is voluntary. Voluntary evacuation can quickly become mandatory, and leaving earlier will give you more time to prepare and safer roads to drive on.\n<ul>\n<li>You can evacuate to a friend or close family member’s home, or a hotel if you can afford it. If money is tight, head to an evacuation center, which could be at a sports stadium or local school.</li>\n<li>If you have pets, make sure you can bring them along to your destination. Most evacuation centers will allow them, and hotels often make exceptions to pet policies in emergency situations.</li>\n<li>If you choose not to evacuate, or if a mudslide was not predicted or expected, it’s essential that you’re able to identify mudslide warning signs. <a href=\"#step_2_1\">Read on</a> to know what to look for and how to ride out the mudslide.</li>\n</ul>\n\n"},{"title":"Drive away from the mudslide if you have time.","content":"\n When you see warning signs of a mudslide or hear of them on the news, begin evacuating. Listen carefully to reports so you can avoid driving through other areas at risk. Drive carefully and avoid flooded roads, which may occur if the mudslides are caused by heavy rain. If you see a flooded street, turn around and find an alternate route.\n<ul>\n<li>Never drive through water of an unknown depth. Even 6 inches (15&nbsp;cm) of water can cause cars to stall; 1 foot (30&nbsp;cm) will make most cars float, while 2 feet (61&nbsp;cm) moving water can carry away even large cars.<sup id=\"_ref-2\" class=\"reference\" aria-label=\"Link to Reference 2\"><a href=\"#_note-2\">[2]</a><span class=\"ts_popup \" hidden=\"\" id=\"ts_popup_2\" style=\"display: none;\">\n\t<span class=\"ts_close\">X</span>\n\t\t<span class=\"ts_name\">Research source</span>\n\t\t<span class=\"ts_description\"></span>\n\t\t\t\t<a href=\"#\" class=\"ts_source\" target=\"_blank\" rel=\"nofollow noreferrer noopener\"></a>\n\n</span>\n</sup>\n</li>\n<li>Look out for and avoid downed power lines.<sup id=\"_ref-3\" class=\"reference\" aria-label=\"Link to Reference 3\"><a href=\"#_note-3\">[3]</a><span class=\"ts_popup \" hidden=\"\" id=\"ts_popup_3\" style=\"display: none;\">\n\t<span class=\"ts_close\">X</span>\n\t\t<span class=\"ts_name\">Research source</span>\n\t\t<span class=\"ts_description\"></span>\n\t\t\t\t<a href=\"#\" class=\"ts_source\" target=\"_blank\" rel=\"nofollow noreferrer noopener\"></a>\n\n</span>\n</sup>\n</li>\n<li>If you have time, warn neighbors of the danger. If the mudslide is not yet in the news, call your fire or police department.</li>\n</ul>\n"},{"title":"Run sideways away from the mudslide if you’re outside.","content":"\n If the mudslide is imminent or the roads are too damaged to drive, you may still be able to escape by foot. Run away from the mudslide at a right angle, as quickly as is safely possible. Don’t try to run towards the mudslide or downhill from it--you likely won’t be able to outrun it.\n<ul><li>Some mudslides can be over a mile wide. If you don’t know how wide a mudslide is and can’t see the end of it, or if you simply have no warning signs, stay indoors and prepare as much as you can.</li></ul>\n"},{"title":"Follow your family's emergency plan if you have one.","content":"\n Stay calm and gather your family together. Remind them of the emergency plan and make sure each person understands what they have to do. Ask them to complete their tasks as quickly as possible and meet back in a specific, safe location before you leave.\n<ul><li>If you don’t have an emergency plan, don’t worry. Gather a few important possessions, like insurance forms, family photos, clothes, underwear, food, and water. Keep your family together and leave quickly.</li></ul>\n"},{"title":"Stay away until the threat of mudslides has passed if you’ve evacuated.","content":"\n If you’ve evacuated from your home due to a mudslide, don’t return until you’ve been notified by the authorities that it’s safe to do so. Watch the news and stay alert to changing conditions. Mudslides or floods might still be actively occurring even after the rain has stopped.\n"}]},{"title":"Recognizing Warning Signs","tasks":[{"title":"Pay attention to rain reports if you’re in an area with damaged soil.","content":"\n Mudslides occur most frequently after a fire has weakened soil on a steep slope. Heavy rain can destabilize the soil and cause a mudslide. If a fire has burned over a hill near your house and new trees and vegetation haven’t been able to regrow yet, stay alert for rain forecasts. If heavy rain occurs in your area, be on the lookout for warning signs of a mudslide.\n"},{"title":"Stay alert and awake during severe storms if you’re at risk of a mudslide.","content":"\n If you live near an at-risk slope and are experiencing a major storm, stay awake and be alert to warning signs. Many deaths from mudslides happen when people are asleep and aren’t able to prepare. By staying awake, watching the news and being prepared, you’ll be able to evacuate or get to higher ground if necessary.\n"},{"title":"Look for tilting trees or fences as signs that a mudslide is starting.","content":"\n Mudslides will push over trees, fences, and utility poles. Be on the lookout for these objects being tilted or pushed over, which often indicates that a mudslide is beginning.\n"},{"title":"Watch for cracks in the soil, especially on slopes.","content":"\n Look at the top of the slope and see if the ground looks like it’s cracking open. This means that dirt and debris is starting to slide, a sign that a mudslide is about to start. The mudslide will start slowly from this point, but will rapidly pick up speed.\n<ul><li>You can also look for bulges at the base of the slope, which indicate that the dirt at the top of the slope has started to slide down.</li></ul>\n"},{"title":"Observe sudden building damage or doors and windows jamming.","content":"\n When the ground begins to slip during a mudslide, you might see outside structures, such as stairs, begin to separate from their buildings. For the same reason, doors or windows might start jamming as doorways and hinges are disrupted by the shifting ground.\n"},{"title":"Look for water accumulating in unusual places.","content":"\n The shifting ground that occurs during a mudslide might cause water to gather in places where it usually wouldn’t, such as on ground that’s normally flat or drains well. It can also cause a drop in water levels in streams and creeks. Look out your windows and see if you notice any puddles in odd places, or a sudden decrease in water in a nearby creek.\n"},{"title":"Listen for rumbling noises, but remain inside your house.","content":"\n Mudslides are typically preceded by a rumbling sound made by the earth and debris as it rushes down a hillside. Stay alert and listen for these noises. It might be too late to leave your house if you can hear the approaching mudslide, so stay inside and prepare as well as you can.\n"}]},{"title":"Staying Safe If It's Too Late to Evacuate","tasks":[{"title":"Go upstairs or on the roof to avoid the main flow of the mudslide.","content":"\n Getting to a higher level in your house can help you avoid getting stuck in or swept away by the mud. If you don’t have a second story, go onto the roof, as long as you can do so safely. Move quickly but carefully and stay calm.\n<ul>\n<li>Staying upstairs or on the roof can also make it easier for helicopter rescue crews to see and rescue you.</li>\n<li>If you don’t have a second floor and can’t get to the roof, find a sturdy piece of furniture to hide behind, such as a table or large desk.</li>\n</ul>\n"},{"title":"Curl up on the floor and cover your head as the slide passes through.","content":"\n Crouch down tightly and protect your head from debris. If you’re still inside, take shelter under a table or in a bathtub. If you’re on the roof, simply crouch down and wrap your arms around your head.\n"},{"title":"Get out of your car if you were hit by a mudslide while driving.","content":"\n If you’re able to exit your car safely, roll down your windows and plan out an escape route before opening the door. Make sure you’re able to make it completely out of the mudslide area. If you can’t or aren’t sure, remain inside and don’t try to force your way out.\n<ul><li>If you have to stay in your car, don’t panic. Keep your windows rolled up and remember that your car will protect you from the mud, water, and debris.</li></ul>\n"},{"title":"Form an air pocket around yourself if you’re trapped in the mud.","content":"\n If you find yourself trapped in the mud, don’t panic. Continue covering your head to protect from rushing debris. Once the mud stops moving, try to shift around and get your head free or create an air pocket around yourself. The mud will start solidifying as it dries, so do this as quickly as possible.\n<ul><li>Conserve your energy and stay positive. You can survive 3-4 days without water, and rescue crews are likely already out and looking for survivors.</li></ul>\n"},{"title":"Call out to rescuers when you hear them.","content":"\n Rescue crews might be coming by car, on foot, or even by helicopter, so keep an eye out for them. When you hear or see them, call out or wave your hands. Stay calm and follow their instructions as they work to free you.\n"},{"title":"Call for help and stay updated on the news.","content":"\n If you’re trapped in your house and have access to a phone, call the police or the fire department for help. Check the news on your phone to get updated on potential subsequent slides or other dangers.\n<ul><li>If you can’t get to a phone, remain inside and hang a bright blanket or towel out of the window to let rescue crews know that you’re inside.</li></ul>\n"}]},{"title":"Returning Home After a Mudslide","tasks":[{"title":"Direct rescue crews towards trapped people, if it’s safe to do so.","content":"\n If you see someone trapped in the mud or can’t locate a family member or neighbor, call the police or fire department. Flag down a rescue crew if you see them in the area.\n<ul><li>Don’t enter the slide area or try to rescue the person yourself without any backup. You might trap yourself or get hurt. If you’re determined to help, ask a rescue crew if you can volunteer.</li></ul>\n"},{"title":"Volunteer if you want to help even more.","content":"\n Call your local police or fire department (on their non-emergency phone number, which you can find online). Ask if you can volunteer to serve on a rescue crew. If you have relevant experience, such as medical first aid or military service, mention it. If they aren’t accepting volunteers, try to help in another way, such as:\n<ul>\n<li>Donating to the Red Cross.</li>\n<li>Offering to shelter animals at your local Humane Society.</li>\n<li>Donating food and other necessary items, like underwear, socks, and hygiene supplies, to shelters.</li>\n</ul>\n"},{"title":"Boil any tap water in your home before using.","content":"\n Mudslides often break or contaminate pipelines, so drink bottled water or boil tap water when you return to your home. Follow the news or call local authorities to see when the tap water has been confirmed safe to use again.\n"},{"title":"Call your home insurance company to report damage.","content":"\n Once it’s safe to return to your home, look around and take pictures of any damage you see. See if there’s mud in any downstairs rooms, or any cracks in the walls, ceiling, or floors. Look for broken appliances, furniture or decoration. Take pictures of your entire house before touching or moving anything. Then, call your home insurance company to file a claim and get help to start repairing or rebuilding.\n"},{"title":"Report broken utility lines.","content":"\n Broken power and utility lines can add a further threat of injury to an already dangerous situation. If you see a damaged line, call your power company or police department right away. The utilities will be turned off to prevent further danger, like a gas leak or electrocution.\n"},{"title":"Replant the soil as soon as you can.","content":"\n Once you’re able to return to your home, take steps right away to strengthen the soil. Plant trees and bushes to stabilize the ground and prevent flash flooding, which can often occur after major erosion, as well as future mudslides.\n"},{"title":"Come up with an emergency plan for your family for future emergencies.","content":"\n Give different family members different tasks. One person could gather up the family in case of a mudslide, another could call the emergency services, and another could be in charge of food. Gather water and non-perishable food in a safe room, in the second story, an attic, or an easily-accessible room on the first floor. Put together a first aid kit and emergency pack with a phone and charger, a flashlight, a blanket, and a whistle.\n<ul><li>Practice your emergency plan a few times a year to make sure everyone knows it well.</li></ul>\n"},{"title":"Talk to a geotechnical expert for ways to make your home safer.","content":"\n If you’re worried about the threat of a mudslide in your area, ask the local authorities to recommend a geologist you can talk to. They can tell you whether there’s been a history of local mudslides and advise you on how to make your home safer.\n"}]}],"questions":[]}