{"meta":{"description":"Afraid you might find yourself stuck in an attic and not know what to do? Be prepared, with this helpful article.\n\n\n","title":"Survive in and Escape from an Attic"},"todo_list":[{"title":"Steps","tasks":[{"title":"An attic can be dangerously hot on a summer day, So, take care to stay out of the heat as much as possible while you work on getting out of the attic.","content":"\n\n<ul>\n<li>Generally, stay low and look for a space fresh air is entering.  Often, it enters at the eaves and escapes, hotter, at vents higher up.</li>\n<li>Watch where you'd escape to.  Don't escape to a long drop to the ground or an interior floor; instead, attract attention and be rescued.</li>\n</ul>\n\n"},{"title":"Look around for the attic entrance, typically a small panel or staircase.","content":"\n  Pick up and set aside a loose panel, or swing a door or staircase down.\n<ul>\n<li>Until you've tried this, you're just in an attic, not really stuck in an attic.</li>\n<li>Some attics may have doors into other rooms, or onto a roof.</li>\n</ul>\n"},{"title":"Look for a light switch to turn on so you can see what you're doing, and so (particularly at night) others may notice your presence by light escaping from the attic.","content":"\n\n"},{"title":"If you have a cell phone or other communication device, call for help.","content":"\n\n"},{"title":"Tap several times on the beams and the roof to attract attention.","content":"\n  Use something hard to do the tapping, preferably.  Do this every so often.\n"},{"title":"If you are feeling weak or sick you should do something quickly to avoid collapsing and cooking.","content":"\n\n"},{"title":"Look for a spot in the ceiling made of soft material only, such as sheet rock (generally the whole ceiling in a house is made of it) or wood strips and plaster.","content":"\n  Shift insulation out of the way if possible and stomp or otherwise strike it to break it.  Hold onto something so you don't fall through before checking what is underneath.  This will open a hole to the room underneath.  See what is down there before dropping through.\n<ul><li>If the attic has a wall leading to an interior top-level room or an entrance to the roof, try to break that as well.</li></ul>\n"},{"title":"Alternatively, pop out a vent or grill to admit fresh air and attract attention, or escape through it if you must.","content":"\n\n<ul><li>It may be possible to pop out a nailed-on wooden panel.  The ones on the ends of a typical roof are probably easier to hit squarely and less securely attached.  Do not strike a surface with nails poking through it.  Take care not to throw yourself out after the panel.</li></ul>\n"},{"title":"Use a tool to escape if you have it and help is not coming.","content":"\n  If you have a saw, you could even cut a hole (careful, you don't want to be trapped in an attic injured).\n"}]}],"questions":[{"title":"I have an attic with minimal walking space (fiberglass) and a retractable staircase. Is there a way to move the staircase down without me on top of the panel?","content":"Yes, put something heavy from the attic onto the stairs' panel instead. Or, simply use 1 leg or arm to open the stairs' panel and deploy the ladder. Inanimate objects won't flip the ladder down unless you \"MacGuyver\" tying/hooking something to the ladder."}]}