{"meta":{"description":"Disasters are rare, so you likely don’t need to worry about them. However, being prepared for a possible disaster will help you survive. No matter what kind of disaster happens, having an emergency kit will guarantee you have the supplies you need. Additionally, it’s helpful to learn survival skills that you can use in the wake of a disaster. If a disaster occurs, stay calm and move indoors.","title":"Survive"},"todo_list":[{"title":"Building Your Emergency Kit","tasks":[{"title":"Assemble a first aid kit to treat injuries and prevent illness.","content":"\n It’s best to put together your own first aid kit so you can address your personal needs, like prescription medication. However, buy your kit pre-made if that’s what’s easiest for you. At a minimum, your kit should contain:\n<ul>\n<li>Medicines like prescription medications, over-the-counter pain relievers, antibiotic ointments, hydrocortisone cream, antihistamines, cough medicine, and calamine lotion.</li>\n<li>Injury care items like antibacterial wipes, rubbing alcohol, hydrogen peroxide, bandages, instant ice packs, and a tourniquet.</li>\n<li>Products to protect your skin, such as sunscreen and insect repellant.</li>\n<li>Medical supplies like non-latex gloves, a thermometer, tweezers, and scissors.</li>\n</ul>\n\n"},{"title":"Collect hygiene supplies to help prevent illness or infection.","content":"\n Personal hygiene is very important after a disaster because disease can spread quickly. Additionally, you may be without water and trash service for some time. Put together a hygiene kit that will help you take care of your bodily needs while also preventing infectious diseases. Include the following items in your hygiene kit:\n<ul>\n<li>Matches in a waterproof container</li>\n<li>Water purification tablets</li>\n<li>Soap</li>\n<li>Hand sanitizer</li>\n<li>Sanitizing wipes</li>\n<li>Toilet paper</li>\n<li>Garbage bags with ties</li>\n<li>Feminine products</li>\n<li>Diapers and wipes, if applicable</li>\n</ul>\n"},{"title":"Store 14 gallons (53 L) of water per person to have enough for 2 weeks.","content":"\n Water is essential for your survival, but you may not have access to fresh water immediately after a disaster. Make sure you have enough water to use for drinking, cooking, bathing, and washing your hands. A good rule of thumb is to have at least 1 gallon (3.8 L) per person per day.\n<ul>\n<li>It’s best to keep enough water for 2 weeks, but this is not possible for most people. For a family of 4, this would mean having 56 gallons (210&nbsp;L) of water.</li>\n<li>Keep in mind that bottled water does expire. If your water expires, you can use it for bathing or washing your hands. Alternatively, purify it with a water purification tablet.\n</li>\n</ul>\n"},{"title":"Stockpile non-perishable and ready-to-eat foods.","content":"\n Collect canned goods and dried pantry items, like rice. Additionally, get foods that you can eat without cooking them, such as snack crackers or peanut butter. These will last for awhile and are typically easy to eat even if you don’t have electricity. Don't forget to pack a can opener and utensils, as well!\n<ul>\n<li>Collect canned foods, including tuna, chicken, vegetables, fruit, beans, and soups. Additionally, store flour, dry beans, dried fruits, pasta, and rice. Include easy-to-eat crackers, cookies, and snacks, which you should store in an airtight container.<sup id=\"_ref-5\" class=\"reference trusted\" aria-label=\"Link to Reference 5\"><a href=\"#_note-5\">[5]</a><span class=\"ts_popup trustedsource\" hidden=\"\" id=\"ts_popup_5\" style=\"display: none;\">\n\t<span class=\"ts_close\">X</span>\n\t\t<a class=\"ts_trustworthy\" href=\"/wikiHow:Delivering-a-Trustworthy-Experience\">Trustworthy Source</a>\n\n\t\t<span class=\"ts_name\">Federal Emergency Management Agency</span>\n\t\t<span class=\"ts_description\">Federal agency responsible for coordinating responses to disasters and states of emergency</span>\n\n\t\t\t\t<a href=\"#\" class=\"ts_source\" target=\"_blank\" rel=\"nofollow noreferrer noopener\">Go to source</a>\n</span>\n</sup>\n</li>\n<li>If you have a baby, make sure you have baby food or formula. Similarly, keep extra pet food on hand if you have a pet.</li>\n<li>Throw out dented or bloated canned goods because this is a sign of bacterial growth. If you eat the food, it will likely make you very ill.</li>\n</ul>\n"},{"title":"Include flashlights and extra batteries as a safe light source.","content":"\n Darkness can become dangerous during a post-disaster power outage. You don’t want to injure yourself or go without access to the things you need, so keep a flashlight and extra batteries so you have light. Use your flashlight sparingly so that you don’t run out of batteries.\n<ul><li>You might also keep candles and matches around to use for lighting. However, they are more dangerous than flashlights because they can cause a fire.\n</li></ul>\n"},{"title":"Get a battery-powered radio to stay updated on what’s happening.","content":"\n A battery-powered or hand crank radio will help you stay tuned in to local news and the NOAA weather broadcast. This will allow you to learn about disaster updates and find out where you can go for services. Make sure you have a radio and a way to power it.\n<ul><li>If your radio uses batteries, keep extras so it doesn’t lose power.</li></ul>\n"},{"title":"Keep a change of clothes and blanket for each family member.","content":"\n If you’re at home, then you likely have several changes of clothing. However, it’s best to put a change of clothing and blanket with your other supplies so that you can take it if you need to leave your home. This will help you and your family stay warm and dry.\n<ul><li>Long sleeved clothing and pants are best, even during hot weather. They provide more protection from the elements.</li></ul>\n"},{"title":"Store your emergency kit in a clean, dry place that’s easy to access.","content":"\n Since you’ll be storing food and water, your supplies should be in a room that stays cool. Pick a room in your home that has storage space, like a closet or your kitchen pantry. Then, show everyone in your family where the supplies are stored so you all have access.\n<ul>\n<li>For example, you might store your supplies in the top cabinets in your kitchen or the highest shelf in your pantry.</li>\n<li>If you want your supplies to be easy to move quickly, pack a backpack for each family member to carry. Place these backpacks in a closet or inside your pantry.</li>\n</ul>\n"}]},{"title":"Learning Survival Skills","tasks":[{"title":"Undergo first aid training so you can tend to medical needs.","content":"\n During a disaster, getting medical care can be difficult. Additionally, it’s easy to get injured because of fallout from the disaster event. Take first aid classes or watch first aid videos online to learn skills you can use to help yourself and others.\n<ul>\n<li>Learn how to <a href=\"/Do-CPR-on-an-Adult\" title=\"Do CPR on an Adult\"> administer CPR to adults</a>, <a href=\"/Do-CPR-on-a-Child\" title=\"Do CPR on a Child\"> children</a> and <a href=\"/Do-CPR-on-a-Baby\" class=\"mw-redirect\" title=\"Do CPR on a Baby\"> babies</a>.</li>\n<li>Know the proper way to <a href=\"/Treat-Shock\" title=\"Treat Shock\"> treat shock</a>.</li>\n<li>Find out how to <a href=\"/Treat-Hypothermia\" title=\"Treat Hypothermia\"> treat hypothermia</a>.</li>\n<li>Learn how to <a href=\"/Save-an-Active-Drowning-Victim\" title=\"Save an Active Drowning Victim\"> save someone from drowning</a>.</li>\n</ul>\n"},{"title":"Practice building fires for warmth, cooking, and boiling water.","content":"\n First, surround your fire with rocks to keep it contained. Then, layer branches at the bottom of your fire pit and pile the wood that will fuel your fire on top. Next, stuff kindling and tinder around the wood. This includes dried pine needles, dry moss, bark, and twigs, which easily catch fire. Finally, light the kindling and tinder with a match.\n<ul>\n<li>If you don’t have a match, you may be able to start a fire by rubbing 2 sticks together as fast as you can.</li>\n<li>You can find videos online that will show you a variety of ways to start fires without a lighter or matches.<sup id=\"_ref-12\" class=\"reference\" aria-label=\"Link to Reference 12\"><a href=\"#_note-12\">[12]</a><span class=\"ts_popup \" hidden=\"\" id=\"ts_popup_12\" style=\"display: none;\">\n\t<span class=\"ts_close\">X</span>\n\t\t<span class=\"ts_name\">Research source</span>\n\t\t<span class=\"ts_description\"></span>\n\t\t\t\t<a href=\"#\" class=\"ts_source\" target=\"_blank\" rel=\"nofollow noreferrer noopener\"></a>\n\n</span>\n</sup>\n</li>\n<li>Don’t build a fire inside your home except for inside a working fireplace. Additionally, make sure your fire is far away from nearby structures so they don’t catch fire. If your area has dry conditions, wet the ground around your fire to prevent it from spreading.</li>\n</ul>\n"},{"title":"Learn how to find water and purify it.","content":"\n If you’re in your home, you can get the water out of your water heater or from the tank of your toilet. When looking for water outdoors, search for a moving waterway, like a river or stream. Additionally, check under green vegetation or under rocks for groundwater. When it rains, collect the fresh rainwater in buckets or pots. Then, use water purification tablets or boiling to purify the water.\n<ul>\n<li>Water purification tablets can quickly purify the water for you.</li>\n<li>\nBoiling the water for 10 minutes will kill any pathogens that are in it.\n</li>\n</ul>\n"},{"title":"Practice cooking over an open flame.","content":"\n After a disaster, you may not be able to cook on your stove.  If you have a fireplace, you can use it for cooking. Otherwise, use an outdoor grill or camp-stove to heat your food.\n<ul>\n<li>Don’t use a grill or camp-stove indoors because it can be dangerous.</li>\n<li>Most canned goods can be eaten at room temperature, as long as the can isn’t dented or bloated. They may not taste as good, but they won’t make you sick.</li>\n</ul>\n"},{"title":"Learn how to forage for food.","content":"\n Read books about foraging for food or watch videos online to learn what to look for. If you can, take a course with a naturalist to learn which foods are safe to eat. This may help you stretch your food supplies after a long-term disaster event.\n<ul><li>You may also want to learn to <a href=\"/Fish\" title=\"Fish\">fish</a> and <a href=\"/Hunt\" title=\"Hunt\">hunt</a>. However, you’ll need to have the right supplies on hand to do this, which might be difficult after a disaster.</li></ul>\n"},{"title":"Create an emergency plan with your family members.","content":"\n First, learn what kinds of disaster events are most likely to occur in your area. Then, talk to your family members and decide where you will meet each other if there’s an emergency. Additionally, discuss what supplies you will collect and what skills each person will be able to use during a disaster.\n<ul>\n<li>For instance, your family might decide to meet at home as your first option. However, you may also designate a local park as your back-up meeting spot in the event that you can’t get to your home.</li>\n<li>Decide how you will communicate with your family members, such as by cell phone, by walkie-talkie, or by leaving notes at designated spots, like your home, your kid’s school, or a nearby park.</li>\n<li>Review the escape routes for in case of a fire, and decide which room in your home is safest in case of a tornado or flood.</li>\n<li>Agree on what each family member will carry if you have to leave your home.</li>\n<li>Plan for how you will get in touch with each other if you get separated. For instance, you could all agree to call a specific family member.</li>\n</ul>\n"}]},{"title":"Reacting to a Disaster","tasks":[{"title":"Stay calm so that you don’t make decisions in a panic.","content":"\n It’s normal to panic during a disaster, and this may cause you to make bad decisions. Instead, take <a href=\"/Breathe-Deeply\" title=\"Breathe Deeply\">deep breaths</a> and <a href=\"/Visualize\" title=\"Visualize\">visualize</a> yourself surviving to help calm yourself. Then, keep your focus on what you’ve done to prepare. This can help you stay in control of the situation to help you survive.\n<ul><li>For instance, think about the next step in your disaster plan rather than worrying about what’s happening outside.</li></ul>\n"},{"title":"Go inside to the sturdiest part of a building for most disasters.","content":"\n Being outside is typically the most dangerous place to be during a disaster. The safest place is inside a building, far away from windows and exterior doors. An interior room is usually the safest place for you to be. Here are some other considerations, depending on the disaster:\n<ul>\n<li>During a flood, move to a higher area in your home, like the second floor. However, don’t go into the attic unless your attic has windows.</li>\n<li>If there’s an earthquake, stand in a doorway to protect yourself from falling debris.</li>\n<li>During a tornado, try to get to the basement. If you don’t have a basement, move to a windowless interior closet, bathroom, or hallway. Then, crouch down and cover your body.</li>\n<li>If there’s a radiation emergency, go inside and shelter in place. Turn off all fans, air conditioners, and heaters. Then, wait until the authorities provide additional information.</li>\n</ul>\n"},{"title":"Stay low to the ground and crawl to safety if you’re in a fire.","content":"\n First, check to see if there’s smoke coming under your door. If there’s not, check to see if the door feels hot. If there’s no smoke or heat, open the door and slowly crawl to the nearest exit. Once you’re out of the home, call for help.\n<ul>\n<li>If there’s smoke coming from under the door or the door feels hot, don’t open the door because the fire will come inside your room.</li>\n<li>If you can’t get out of the house through a door, try to escape through a window. Even if you can’t climb down, you can yell for help from the window, and firefighters will know where you are.</li>\n</ul>\n"},{"title":"Stay inside after a natural disaster to avoid dangerous conditions.","content":"\n After the disaster occurs, there will likely be debris, downed power lines, and wild animals. Additionally, there may be flood water. These conditions are very dangerous, so it’s best to stay inside. Don’t go outside unless it’s necessary.\n<ul>\n<li>It’s tempting to go exploring after a storm, but it’s far too dangerous to do so.</li>\n<li>Don’t allow children to swim in flood waters. In addition to being contaminated, they may hide dangerous debris or open manholes that can suck a child down into the sewer.</li>\n</ul>\n"},{"title":"Limit activity and stay in the shade to reduce your water needs.","content":"\n Since your water will likely be rationed, it’s best to avoid making yourself thirsty. Try to stay still as much as possible so that you won’t exert much energy. Additionally, keep yourself cool by staying in the shade.\n<ul>\n<li>If you can, open a window to cool your home in the aftermath of the disaster.</li>\n<li>Wear cotton clothing so it will trap sweat against your skin. This will help prevent dehydration.</li>\n</ul>\n"},{"title":"Use insulating material, body heat, and blankets if you need to stay warm.","content":"\n This will help you if the temperature drops or you get wet. Stuff your clothes with paper, bubble wrap, leaves, or rags to help insulate you. Additionally, snuggle up with other people, if you can, because shared body heat will help keep you all warm.\n<ul><li>If you have large rocks, heat them in your fire and use them to help keep you warm. Place them under your blanket or wrap them in a towel before placing them near your skin.</li></ul>\n"},{"title":"Eat refrigerated and frozen foods first, then eat non-perishable foods.","content":"\n Immediately after the disaster, begin eating your refrigerated food. Continue doing so until they are gone or have started to spoil. Then, consume your frozen foods until they’re gone or spoiled. Finally, use your non-perishable foods.\n<ul>\n<li>Ration your food so you don’t run out of it too quickly. Eat just enough food to support your calorie needs.</li>\n<li>This helps extend your food stockpile for longer.</li>\n</ul>\n"}]}],"questions":[{"title":"To make a fire, do I just have to rub the two pieces of wood together quickly?","content":"Not exactly. First, find a dry place. Set up a teepee using big (dry) logs. Get dry leaves and set them under the teepee. You will need two flint rocks, then rub them together over the teepee until you get sparks. Next, blow on the sparks to get a fire started. Remember to get more wood to keep the fire going."},{"title":"Where do I get flint rocks to start a fire?","content":"Flint is a black, smooth, semi-shiny rock found just about anywhere. You can buy flint strikers in most outdoor supply stores."}]}