{"meta":{"description":"EMP stands for electromagnetic pulse, which is a strong burst of electromagnetic energy that causes electronic devices to suddenly stop functioning. There are four potential sources of an EMP: lightning, the sun, a nuclear blast, and a weaponized EMP. While the process for surviving a nuclear blast or a lightning storm is a little different, the general process is the same regardless of the source of the EMP. Keep in mind, the best thing you can do to survive an EMP is to prepare ahead of time by developing a disaster plan and stockpiling emergency food and water.","title":"Survive an EMP"},"todo_list":[{"title":"Reacting to a Sudden EMP Attack","tasks":[{"title":"Turn your radio on immediately to get as much information as possible.","content":"\n Most electronics are going to stop functioning as soon as the EMP goes off. However, depending on the type of EMP, there is a good chance that radios will continue to work—at least for a short while. Turn the radio on and tune in to any news source with a decent signal. Keep it on as long as possible and pay attention while you take the next steps to ensure that you get as much information as you can.\n<ul>\n<li>Most EMPs emit gamma rays that overload tiny circuits in modern electronics. Computers, phones, and electrical grids will likely go out, but rudimentary electronics that rely on radio waves are unlikely to be affected.<sup id=\"_ref-2\" class=\"reference\" aria-label=\"Link to Reference 2\"><a href=\"#_note-2\">[2]</a><span class=\"ts_popup \" hidden=\"\" id=\"ts_popup_2\" style=\"display: none;\">\n\t<span class=\"ts_close\">X</span>\n\t\t<span class=\"ts_name\">Research source</span>\n\t\t<span class=\"ts_description\"></span>\n\t\t\t\t<a href=\"#\" class=\"ts_source\" target=\"_blank\" rel=\"nofollow noreferrer noopener\"></a>\n\n</span>\n</sup>\n</li>\n<li>Try not to panic. An EMP may be catastrophic to the electrical systems in the area, but the electromagnetic signal itself will not harm you. There is a very good chance everything will be fine.<sup id=\"_ref-3\" class=\"reference\" aria-label=\"Link to Reference 3\"><a href=\"#_note-3\">[3]</a><span class=\"ts_popup \" hidden=\"\" id=\"ts_popup_3\" style=\"display: none;\">\n\t<span class=\"ts_close\">X</span>\n\t\t<span class=\"ts_name\">Research source</span>\n\t\t<span class=\"ts_description\"></span>\n\t\t\t\t<a href=\"#\" class=\"ts_source\" target=\"_blank\" rel=\"nofollow noreferrer noopener\"></a>\n\n</span>\n</sup>\n</li>\n<li>This will likely only work if you have a battery-operated radio.</li>\n</ul>\n\n"},{"title":"Shelter in place and wait for the initial chaos to subside.","content":"\n If all of the electronics suddenly stop working, the immediate loss of electricity will cause a lot of sudden confusion and chaos. If you aren’t home, wait 30-45 minutes for all of the abrupt danger to pass. Then, go home if you’re within a few miles or kilometers. If you’re already home, stay there and do not go outside.\n<ul>\n<li>If the radio mentions a nuclear blast, stay where you are. Do not leave under any condition and get as low as you can in the building you’re in. Go to the basement, lowest level, or a room underground. The air is thinner the higher up you are and the nuclear gamma rays will impact you more easily if you’re up high.<sup id=\"_ref-5\" class=\"reference trusted\" aria-label=\"Link to Reference 5\"><a href=\"#_note-5\">[5]</a><span class=\"ts_popup trustedsource\" hidden=\"\" id=\"ts_popup_5\" style=\"display: none;\">\n\t<span class=\"ts_close\">X</span>\n\t\t<a class=\"ts_trustworthy\" href=\"/wikiHow:Delivering-a-Trustworthy-Experience\">Trustworthy Source</a>\n\n\t\t<span class=\"ts_name\">Centers for Disease Control and Prevention</span>\n\t\t<span class=\"ts_description\">Main public health institute for the US, run by the Dept. of Health and Human Services</span>\n\n\t\t\t\t<a href=\"#\" class=\"ts_source\" target=\"_blank\" rel=\"nofollow noreferrer noopener\">Go to source</a>\n</span>\n</sup>\n</li>\n<li>If you have a family, your first thought is likely how to find them and keep them safe. If your family has no emergency plan in place, nobody can fault you for making a break for your child’s school or your partner’s workplace. Once you have everyone, go home.</li>\n</ul>\n"},{"title":"Take backroads and don’t drive if you do have to go out.","content":"\n If you are going out to retrieve family or you weren’t home when the EMP occurred, stay out of your vehicle if you have less than 3–4 miles (4.8–6.4 km) to travel. Walk side streets and back roads to stay out of harm’s way and avoid the chaos. Busy streets will likely be pretty disorderly in the hours following an EMP.\n\n<ul>\n<li>If you’re outside during a nuclear blast, cover your mouth and nose with a cloth or mask to avoid breathing in toxic particles.<sup id=\"_ref-7\" class=\"reference trusted\" aria-label=\"Link to Reference 7\"><a href=\"#_note-7\">[7]</a><span class=\"ts_popup trustedsource\" hidden=\"\" id=\"ts_popup_7\" style=\"display: none;\">\n\t<span class=\"ts_close\">X</span>\n\t\t<a class=\"ts_trustworthy\" href=\"/wikiHow:Delivering-a-Trustworthy-Experience\">Trustworthy Source</a>\n\n\t\t<span class=\"ts_name\">Centers for Disease Control and Prevention</span>\n\t\t<span class=\"ts_description\">Main public health institute for the US, run by the Dept. of Health and Human Services</span>\n\n\t\t\t\t<a href=\"#\" class=\"ts_source\" target=\"_blank\" rel=\"nofollow noreferrer noopener\">Go to source</a>\n</span>\n</sup>\n</li>\n<li>A bicycle is a great way to get around if you can’t take your vehicle out.</li>\n<li>Your vehicle may still work if it’s older or it doesn’t rely on a dedicated electrical signal outside of the battery to keep the engine going, which is the case for many vehicles.<sup id=\"_ref-8\" class=\"reference\" aria-label=\"Link to Reference 8\"><a href=\"#_note-8\">[8]</a><span class=\"ts_popup \" hidden=\"\" id=\"ts_popup_8\" style=\"display: none;\">\n\t<span class=\"ts_close\">X</span>\n\t\t<span class=\"ts_name\">Research source</span>\n\t\t<span class=\"ts_description\"></span>\n\t\t\t\t<a href=\"#\" class=\"ts_source\" target=\"_blank\" rel=\"nofollow noreferrer noopener\"></a>\n\n</span>\n</sup> You can drive it if you absolutely have to, but it’s safer to stay off of the roads if you can.<sup id=\"_ref-9\" class=\"reference\" aria-label=\"Link to Reference 9\"><a href=\"#_note-9\">[9]</a><span class=\"ts_popup \" hidden=\"\" id=\"ts_popup_9\" style=\"display: none;\">\n\t<span class=\"ts_close\">X</span>\n\t\t<span class=\"ts_name\">Research source</span>\n\t\t<span class=\"ts_description\"></span>\n\t\t\t\t<a href=\"#\" class=\"ts_source\" target=\"_blank\" rel=\"nofollow noreferrer noopener\"></a>\n\n</span>\n</sup>\n</li>\n</ul>\n"},{"title":"Fill your bathtub and empty bottles with water in case the pressure goes out.","content":"\n Many municipal water systems rely on electronics. While the water may work now, it may go out within a few hours as the pressure empties out. Put a stopper in your tub and fill it up with water to create a reserve. Then, fill every pitcher, bottle, bucket, and glass with water. This way you won’t need to worry about dehydration for at least a few weeks.\n<ul><li>Cover any open glasses or pitchers with flat objects to keep contaminants out of you water and keep the water out of direct sunlight as best as you can.</li></ul>\n"},{"title":"Eat anything in your fridge first to minimize food shortages.","content":"\n For the first 1-2 days, eat whatever is in your fridge and hasn’t gone bad immediately. Save the dry stuff for later when you may really need it. The odds are low society will completely collapse and you’ll go without help for super long, but it’s still better to go through everything that’s going to go bad anyway.\n<ul>\n<li>Anything in your fridge will be perfectly safe for 40 minutes after the power goes out. After that, things start to go bad. Don’t eat any food that develops a slimy texture, mold, an odor, or any discoloration after 2-4 hours.<sup id=\"_ref-12\" class=\"reference trusted\" aria-label=\"Link to Reference 12\"><a href=\"#_note-12\">[12]</a><span class=\"ts_popup trustedsource\" hidden=\"\" id=\"ts_popup_12\" style=\"display: none;\">\n\t<span class=\"ts_close\">X</span>\n\t\t<a class=\"ts_trustworthy\" href=\"/wikiHow:Delivering-a-Trustworthy-Experience\">Trustworthy Source</a>\n\n\t\t<span class=\"ts_name\">FoodSafety.gov</span>\n\t\t<span class=\"ts_description\">Online portal combining food safety information from the U.S. Food and Drug Administration, the Food Safety and Inspection Service, and the Centers for Disease Control and Prevention</span>\n\n\t\t\t\t<a href=\"#\" class=\"ts_source\" target=\"_blank\" rel=\"nofollow noreferrer noopener\">Go to source</a>\n</span>\n</sup>\n</li>\n<li>If it’s cold outside and you can keep your food cool outdoors, pack everything into a cooler and set it outside.</li>\n</ul>\n"},{"title":"Pack your frozen goods in a cooler with ice and eat them as they thaw.","content":"\n Dump everything worth saving in your freezer into a large cooler. Pour in the ice from your ice trays or ice maker and set the cooler in the coldest location possible. Once everything in your fridge has gone bad, start eating things that have thawed from your freezer. Work your way from the most thawed to the least thawed.\n<ul>\n<li>You can store frozen goods outside in a cooler packed with ice if it’s cold out.</li>\n<li>Don’t eat anything that has completely thawed and may have started to go bad, especially if it’s uncooked meat.</li>\n</ul>\n"}]},{"title":"Prepping for an EMP Attack","tasks":[{"title":"Develop an disaster plan for you and your family.","content":"\n Grab a notebook, pen, and sit down with your family. Select a safe location near your home for everyone to meet up in the event that something bad happens. Agree on a safe location for a hidden key, such as a rock or plant outside. Determine where you will put household pets while you wait for one another and whether the first person to arrive should seek help or not. Jot down the key elements of your plan and make a copy for everyone in your family.\n<ul>\n<li>For example, you may have everyone meet inside a shed in your backyard, assign the first family member that shows up to lock the room with your food in it, and wait for everyone to show up before going inside together.</li>\n<li>A large part of a disaster plan involves stockpiling food, tools, and other necessities. However, assigning responsibilities, setting a meeting location, and coming up with an immediate plan involves a group discussion if you live with others.</li>\n</ul>\n"},{"title":"Purchase walkie-talkies and battery-operated radios to stay connected.","content":"\n In the event of an EMP, short range walkie-talkies and battery-operated radios are highly likely to continue working. Pick up a set of walkie-talkies for everyone in your family and get 2 battery-operated radios to stay connected with the news immediately following an emergency.\n<ul>\n<li>Anything that plugs into a wall won’t work. You must use battery-operated or hand-cranked radios.</li>\n<li>Get 2 radios that are different brands in the event that the EMP fries one of them.</li>\n<li>Don’t forget to stock up on batteries for the radios and walkie talkies!</li>\n</ul>\n"},{"title":"Invest in a Faraday cage to protect emergency electronics.","content":"\n A Faraday cage is a box that will block external gamma rays and EMP waves. It’s a perfect way to store an emergency cell phone, radio, and other electronic goods. You can either buy a Faraday cage, or make your own by lining a stainless steel trash can with aluminum foil and closing it with an airtight lid.\n<ul><li>There are Faraday bags you can buy that will protect electronics on the go.</li></ul>\n"},{"title":"Stock a shelter with non-perishable food and survival tools.","content":"\n Put a locked door on a basement, underground room, or large room with plenty of closet space. Purchase enough canned and non-perishable food to last you at least 3 months. Unlike a nuclear strike or some other catastrophic disaster, an EMP disaster is unlikely to last more than 3 months, but it’s better to be safe than sorry. Place your food in the designated shelter.\n<ul>\n<li>An average adult needs 110 fluid ounces (3.3&nbsp;L) of water a day and roughly 2,400 calories a day. Add the total amount you need for your family to last 1 day then multiply it by 90 to determine how much food and water you need.</li>\n<li>The more food you can buy, the better. Ideally, you will stock up on a year’s worth of food</li>\n</ul>\n"},{"title":"Store your other emergency gear in the shelter.","content":"\n Get an analog thermometer and clock. Stockpile some medicine, a hand-cranked flashlight, a manual can opener, and extra sets of clothes. You’ll also need a first aid kit, batteries, water-purifying tablets, maps, cleaning supplies, and toolbox. Don’t forget sanitary items like toilet paper, feminine supplies, and soap.\n<ul><li>If you have extra space, dedicate it to extra food and water. You can never have enough in an emergency!</li></ul>\n"},{"title":"Switch over to solar power to keep the power on during an EMP.","content":"\n Hire a contractor to come out and install solar panels on the roof of your home. Have your entire home rewired to operate on a closed circuit. This way, if an EMP hits, you will still be able to power your home. This is an expensive cost up front (a closed solar system can run $10,000-25,000), but it’ll pay for itself in the long run and you’ll have power during a disaster.\n\n"},{"title":"Create some stockpiles in hidden nearby locations if you can.","content":"\n If you aren’t home or end up having to flee your home, set up 3-5 small stockpiles in areas you’ll be able to find. Pack a 1- to 2-day supply of food, an extra flashlight, and a set of tools. Bury a bag in your yard, keep one in your vehicle’s trunk, and set another in a location you have access to but others don’t.\n"},{"title":"Get some self-defense equipment, but don’t get hasty in an emergency.","content":"\n It doesn’t hurt to have a weapon in an extreme situation. However, don’t automatically jump to grab a gun or bladed weapon the moment someone approaches your door or talks to you during an emergency. If you get a gun, keep it in a locked gun safe, keep it unloaded, and get the proper licenses and registration depending on your federal and local laws.\n<ul>\n<li>You don’t have to have a gun. A baseball bat, knife, or pepper spray will also serve your purposes during an emergency.</li>\n<li>Only use your weapon if you’re actively being attacked and your life is in danger. A gun or handheld weapon is always the last resort.</li>\n</ul>\n"}]}],"questions":[{"title":"What are the most important medicines I'll need?","content":"Prescription medicines are the most important. Things like insulin, anti-psychotics, or heart medication. After that, it's really up to what matters to you. If you suffer allergies, you'll likely want some antihistamines. If you tend to get headaches, you'll need some ibuprofen. It's really up to you after the prescription meds are covered."},{"title":"Is just a myth that you can protect your devices by wrapping them in tin foil?","content":"Nope! This can work! It won't work if the device isn't entirely wrapped, but if you can get it completely covered it should protect the electronic circuits."},{"title":"How long will it last?","content":"Anything fried by an EMP blast will be done. Your phone, computer, and other electronics will not be salvageable. The downtime for the electrical grid would depend on the government's response. Some experts guess the power would be down for 2 months, while other experts suggest it may be as long as 10 years until the power grid is entirely repaired."},{"title":"After an EMP how can I access the contents of my car where I store food and water?","content":"Your keys will still work. The car won't be locked. If you don't have the keys, you can use an object to carefully break the window and retrieve the food and water."},{"title":"I have a whole-house generator. One side is backed up to the exterior brick wall. Will I need to cover the entire unit with corrugated iron or just a covering over the top to protect it from an EMP?","content":"If the generator runs on electricity, the corrugated iron likely won't have any impact. You could try wrapping it in aluminum foil to protect it. However, if it's a gas-powered generator the EMP won't have any impact on it."},{"title":"If i bought spare parts for my car and put them in a Faraday cage, would my car possibly work?","content":"Unfortunately, probably not unless you know how to rewire a car. In most cases, vehicles that aren't electric or have a push-to-start ignition should run just fine since the batteries won't be damaged. The radio won't work, and you may not be able to turn the AC on, but it'll run. If you have an electric car, you could theoretically rewire it if you have replacement parts, but this would involve a lot of work with dangerous components in your vehicle."},{"title":"Would an EMP ruin the solar cells in solar panels?","content":"Not unless the EMP came from a nuclear blast and your solar cells are near the blast site."},{"title":"Would mobile phones work after an EMP?","content":"No, mobile phones would not work, the electronics inside of them would be fried, as would the cell towers."},{"title":"Will a Faraday Cage protect electronic devices against EMP attacks?","content":"A Faraday cage or Faraday shield is an enclosure used to block electric fields, so the answer is yes. It blocks signals from going out and in."},{"title":"How and why would an EMP happen?","content":"A High-Altitude Electromagnetic Pulse is created by a nuclear device that's detonated several hundred kilometers above the Earth’s surface. It can also be caused by a Coronal Mass Ejection from a solar flare, which creates rapidly changing electric and magnetic fields in Earth’s magnetic field. There have also been instances of EMPs reported from high energy bursts associated with comets' flybys with grid systems."}]}