{"meta":{"description":"Although the odds of being involved in a mass shooting are relatively low, public shootings have increased drastically over the last few years.[1] In a moment of crisis, it can be easy to feel frightened, overwhelmed, and confused. Knowing how to react appropriately[2] in such a situation can increase your chance of survival, and that of others, should you ever find yourself in danger.","title":"Survive a Public Shooting"},"todo_list":[{"title":"Assessing the Situation","tasks":[{"title":"Remain calm.","content":"\n It's natural to panic in an emergency like a public shooting, but panicking causes people to react emotionally rather than thoughtfully. It may seem impossible to keep calm during an emergency, but there are a few things you can do to remain level-headed.\n<ul><li>Focus on your breath. Count to three while breathing in, hold your breath to the count of three, then exhale to the count of three.<sup id=\"_ref-4\" class=\"reference\" aria-label=\"Link to Reference 4\"><a href=\"#_note-4\">[4]</a><span class=\"ts_popup \" hidden=\"\" id=\"ts_popup_4\" style=\"display: none;\">\n\t<span class=\"ts_close\">X</span>\n\t\t<span class=\"ts_name\">Research source</span>\n\t\t<span class=\"ts_description\"></span>\n\t\t\t\t<a href=\"#\" class=\"ts_source\" target=\"_blank\" rel=\"nofollow noreferrer noopener\"></a>\n\n</span>\n</sup> You can (and should) do this while moving to safety, but controlling your breath can help you from hyperventilating or making rash decisions.</li></ul>\n\n"},{"title":"Alert others.","content":"\n Once you realize that there is an active shooter situation, you should alert others nearby. Some people may not have noticed that an incident has been unfolding, while others may be frozen with fear. Announce to everyone else around you that you believe there is an active shooter situation, and that everyone needs to get out or hide.\n"},{"title":"Know the plan.","content":"\n It's imperative that you have a plan in place of what to do in case of an emergency. Training and preparation can help you escape to safety, but remember to always have a backup plan. If you can't follow your primary plan, evaluate whether or not you can follow your backup plan.\n"},{"title":"Prepare to run.","content":"\n Many people freeze up in an emergency. If a shooter is active, you may feel the urge to remain still and hide. However, experts advise that hiding should only be an option if you cannot safely escape. If you know of an escape route that will keep you at a safe distance from the shooter, resist the urge to freeze up and force yourself to run, as long as you can do so safely.\n"}]},{"title":"Running to Safety","tasks":[{"title":"Visualize your movements.","content":"\n It's important to plan your escape route, and be aware of your surroundings. If there are possible positions along the route where the shooter could potentially ambush you or others, recognize this, and anticipate how you would respond if that were to happen.\n<ul>\n<li>Most shooters aim at arbitrary targets. The harder you are to see and hit, the safer you will be, so try to be rational and avoid entering into the shooter's line of sight.<sup id=\"_ref-9\" class=\"reference\" aria-label=\"Link to Reference 9\"><a href=\"#_note-9\">[9]</a><span class=\"ts_popup \" hidden=\"\" id=\"ts_popup_9\" style=\"display: none;\">\n\t<span class=\"ts_close\">X</span>\n\t\t<span class=\"ts_name\">Research source</span>\n\t\t<span class=\"ts_description\"></span>\n\t\t\t\t<a href=\"#\" class=\"ts_source\" target=\"_blank\" rel=\"nofollow noreferrer noopener\"></a>\n\n</span>\n</sup>\n</li>\n<li>If you're in the vicinity of the shooter, try to find an escape route that gives you both concealment (to stay out of view of the shooter) and cover (to protect you from bullets).<sup id=\"_ref-10\" class=\"reference\" aria-label=\"Link to Reference 10\"><a href=\"#_note-10\">[10]</a><span class=\"ts_popup \" hidden=\"\" id=\"ts_popup_10\" style=\"display: none;\">\n\t<span class=\"ts_close\">X</span>\n\t\t<span class=\"ts_name\">Research source</span>\n\t\t<span class=\"ts_description\"></span>\n\t\t\t\t<a href=\"#\" class=\"ts_source\" target=\"_blank\" rel=\"nofollow noreferrer noopener\"></a>\n\n</span>\n</sup>\n</li>\n</ul>\n"},{"title":"Get out if you can.","content":"\n When an active shooter is in your vicinity, even though you're afraid, it's important to keep moving and to get as far away from the situation and the shooter as possible. Don't stick around to watch or figure out what is going on, but put as much distance between you and the shooter; this will make it difficult for the shooter to shoot you and reduces the chance that you'll be shot by random fire.\n<ul>\n<li>Note that this is only possible if the shooter has not noticed you, if you're lost in a crowd, or if you hear gunshots from a distance but have not yet seen the shooter.</li>\n<li>If you can help others without endangering yourself, try to do so.<sup id=\"_ref-12\" class=\"reference\" aria-label=\"Link to Reference 12\"><a href=\"#_note-12\">[12]</a><span class=\"ts_popup \" hidden=\"\" id=\"ts_popup_12\" style=\"display: none;\">\n\t<span class=\"ts_close\">X</span>\n\t\t<span class=\"ts_name\">Research source</span>\n\t\t<span class=\"ts_description\"></span>\n\t\t\t\t<a href=\"#\" class=\"ts_source\" target=\"_blank\" rel=\"nofollow noreferrer noopener\"></a>\n\n</span>\n</sup>\n</li>\n<li>Try to escape even if others insist on staying. Encourage the other people you pass to leave with you.<sup id=\"_ref-13\" class=\"reference\" aria-label=\"Link to Reference 13\"><a href=\"#_note-13\">[13]</a><span class=\"ts_popup \" hidden=\"\" id=\"ts_popup_13\" style=\"display: none;\">\n\t<span class=\"ts_close\">X</span>\n\t\t<span class=\"ts_name\">Research source</span>\n\t\t<span class=\"ts_description\"></span>\n\t\t\t\t<a href=\"#\" class=\"ts_source\" target=\"_blank\" rel=\"nofollow noreferrer noopener\"></a>\n\n</span>\n</sup> However, if others are uncertain about running, don't wait for them to decide. It's important that you get out first and foremost.<sup id=\"_ref-14\" class=\"reference\" aria-label=\"Link to Reference 14\"><a href=\"#_note-14\">[14]</a><span class=\"ts_popup \" hidden=\"\" id=\"ts_popup_14\" style=\"display: none;\">\n\t<span class=\"ts_close\">X</span>\n\t\t<span class=\"ts_name\">Research source</span>\n\t\t<span class=\"ts_description\"></span>\n\t\t\t\t<a href=\"#\" class=\"ts_source\" target=\"_blank\" rel=\"nofollow noreferrer noopener\"></a>\n\n</span>\n</sup>\n</li>\n</ul>\n"},{"title":"Leave your stuff.","content":"\n Remember that your life is what's important, not your phone or other belongings. Don't delay your escape trying to grab material items, and if you see anyone else trying to gather their things, tell them to leave their material possessions behind.\n"},{"title":"Use any exit you can.","content":"\n Take any exit you can to escape, including emergency exits and emergency windows. Most restaurants, movie theaters, and other public places have doors and exits designated for staff (in stockrooms and kitchens, for example), so look for and use these if possible.\n"},{"title":"Call emergency services.","content":"\n Once you are removed from the situation and have made a safe exit, call 911 or find someone with a phone to make the call.\n<ul>\n<li>Stay as far away from the building as possible once you're outside.</li>\n<li>Prevent passersby and others from entering the situation. Alert people outside the building of what is happening inside, and advise them to also stay as far away as possible.</li>\n</ul>\n"}]},{"title":"Hiding from a Shooter","tasks":[{"title":"Find a hiding spot.","content":"\n Choose a spot that is out of the shooter's visual field and that can provide protection if shots are fired your way. Ideally, your hiding place should not trap you and make you a \"sitting duck.\" An ideal hiding place should have adequate space for you to move and escape if you need to.\n<ul>\n<li>Be quick in deciding where to hide. Try to secure a place to hide as soon as you can.</li>\n<li>If you can't find a room with a door that can lock to hide in, try to hide behind something that can conceal your body, like a photocopier or filing cabinet.</li>\n</ul>\n"},{"title":"Keep quiet.","content":"\n Turn off the lights if there are lights, and be silent. Be sure to turn off both your phone's ringer and its ability to vibrate. Resist the urge to cough or sneeze, and do not try to talk to anyone else who may be hiding near you.\n<ul>\n<li>Remember that if you're hiding, the last thing you want to do is have the shooter notice you.<sup id=\"_ref-20\" class=\"reference\" aria-label=\"Link to Reference 20\"><a href=\"#_note-20\">[20]</a><span class=\"ts_popup \" hidden=\"\" id=\"ts_popup_20\" style=\"display: none;\">\n\t<span class=\"ts_close\">X</span>\n\t\t<span class=\"ts_name\">Research source</span>\n\t\t<span class=\"ts_description\"></span>\n\t\t\t\t<a href=\"#\" class=\"ts_source\" target=\"_blank\" rel=\"nofollow noreferrer noopener\"></a>\n\n</span>\n</sup>\n</li>\n<li>Don't call the authorities, even though you may be tempted. If you're in a populated place, like a restaurant or school, chances are that some people escaped or heard the gunfire and will alert law enforcement.</li>\n</ul>\n"},{"title":"Block the hiding spot.","content":"\n If you are in a room, lock the door, or block it with something heavy, like a filing cabinet or sofa. Make it as difficult as possible for the shooter to enter the room.\n<ul><li>Making it difficult for the shooter to get into a room keeps you safe and also buys you time. If you or someone else has called the police, they should respond in a matter of minutes. Even just two to three minutes is a significant amount of time in an emergency situation.<sup id=\"_ref-22\" class=\"reference\" aria-label=\"Link to Reference 22\"><a href=\"#_note-22\">[22]</a><span class=\"ts_popup \" hidden=\"\" id=\"ts_popup_22\" style=\"display: none;\">\n\t<span class=\"ts_close\">X</span>\n\t\t<span class=\"ts_name\">Research source</span>\n\t\t<span class=\"ts_description\"></span>\n\t\t\t\t<a href=\"#\" class=\"ts_source\" target=\"_blank\" rel=\"nofollow noreferrer noopener\"></a>\n\n</span>\n</sup>\n</li></ul>\n"},{"title":"Stay low and horizontal.","content":"\n Lie on the floor, face down with your arms near but not covering your head. This facedown position protects your internal organs. In addition, if the shooter comes across you in this position, he may assume you're already dead. Laying low to the ground also reduces your chance of being shot by a stray bullet.\n<ul><li>Keep away from the door. Some shooters will just shoot through a locked door, rather than try to enter it or break it down. Since bullets can go through doors, it's best to stay away from that area.</li></ul>\n"}]},{"title":"Fighting the Shooter","tasks":[{"title":"Fight as a last resort.","content":"\n Do not try to fight the shooter if you can safely escape or hide from the assailant. Fighting should be a last resort, but if you must fight, it's important to go into full survival mode.\n"},{"title":"Find items to use as weapons.","content":"\n Locate anything you can use to hit or harm the shooter, such as a chair or fire extinguisher or pot of hot coffee. Most people won't have armed weapons on hand, so you'll need to improvise and use what you've got around you. You could hold the object in front of your body to deflect the shots or throw it at the shooter.\n<ul>\n<li>Scissors or letter openers can be used as a knife. Even a pen could be used as a weapon, particularly since you give it leverage with the back of your thumb.<sup id=\"_ref-27\" class=\"reference\" aria-label=\"Link to Reference 27\"><a href=\"#_note-27\">[27]</a><span class=\"ts_popup \" hidden=\"\" id=\"ts_popup_27\" style=\"display: none;\">\n\t<span class=\"ts_close\">X</span>\n\t\t<span class=\"ts_name\">Research source</span>\n\t\t<span class=\"ts_description\"></span>\n\t\t\t\t<a href=\"#\" class=\"ts_source\" target=\"_blank\" rel=\"nofollow noreferrer noopener\"></a>\n\n</span>\n</sup>\n</li>\n<li>If there is a fire extinguisher nearby, grab it. You can spray the fire extinguisher in the shooter's face, or use the object itself to bash the shooter in the head.<sup id=\"_ref-28\" class=\"reference\" aria-label=\"Link to Reference 28\"><a href=\"#_note-28\">[28]</a><span class=\"ts_popup \" hidden=\"\" id=\"ts_popup_28\" style=\"display: none;\">\n\t<span class=\"ts_close\">X</span>\n\t\t<span class=\"ts_name\">Research source</span>\n\t\t<span class=\"ts_description\"></span>\n\t\t\t\t<a href=\"#\" class=\"ts_source\" target=\"_blank\" rel=\"nofollow noreferrer noopener\"></a>\n\n</span>\n</sup>\n</li>\n</ul>\n"},{"title":"Incapacitate the shooter.","content":"\n Fighting back against the shooter is always a last resort if your life is endangered. If you cannot escape or hide, work alone or with others to fight. Try to find a way to get the gun out of his hands or to knock him down to disorient him.\n<ul><li>Encourage others to try and help you. Working as a group will give you an advantage over the solitary shooter.<sup id=\"_ref-30\" class=\"reference\" aria-label=\"Link to Reference 30\"><a href=\"#_note-30\">[30]</a><span class=\"ts_popup \" hidden=\"\" id=\"ts_popup_30\" style=\"display: none;\">\n\t<span class=\"ts_close\">X</span>\n\t\t<span class=\"ts_name\">Research source</span>\n\t\t<span class=\"ts_description\"></span>\n\t\t\t\t<a href=\"#\" class=\"ts_source\" target=\"_blank\" rel=\"nofollow noreferrer noopener\"></a>\n\n</span>\n</sup>\n</li></ul>\n"},{"title":"Be physically aggressive.","content":"\n If the shooter is very close, you could try to disarm him, again, only if your life is absolutely in danger. Whatever you do, it's important that you act fast and focus on disarming or incapacitating the shooter.\n<ul>\n<li>If the shooter has a rifle, grab the barrel and turn it away from you while striking or kicking him at the same time. The shooter will likely try to get control of the weapon back, but if you follow his movement he may be caught off guard and get thrown off balance. If you can get the butt end of the rifle as well, then you'll have both ends and can use the weapon as leverage to further kick, knee, or push the assailant.<sup id=\"_ref-32\" class=\"reference\" aria-label=\"Link to Reference 32\"><a href=\"#_note-32\">[32]</a><span class=\"ts_popup \" hidden=\"\" id=\"ts_popup_32\" style=\"display: none;\">\n\t<span class=\"ts_close\">X</span>\n\t\t<span class=\"ts_name\">Research source</span>\n\t\t<span class=\"ts_description\"></span>\n\t\t\t\t<a href=\"#\" class=\"ts_source\" target=\"_blank\" rel=\"nofollow noreferrer noopener\"></a>\n\n</span>\n</sup>\n</li>\n<li>If the shooter has a pistol, try to grab it by the barrel from the top, so that he cannot point it at you. With many models, grabbing the pistol from the top keeps the gun from cycling properly, so while the already chambered round WILL FIRE, the next round won't be chambered without manually racking the slide.</li>\n<li>Try to aim high when attempting to bring down the shooter. His hands and the weapon are the most dangerous parts of him during a shooting. Otherwise, try for the eyes, face, shoulder and neck.<sup id=\"_ref-33\" class=\"reference\" aria-label=\"Link to Reference 33\"><a href=\"#_note-33\">[33]</a><span class=\"ts_popup \" hidden=\"\" id=\"ts_popup_33\" style=\"display: none;\">\n\t<span class=\"ts_close\">X</span>\n\t\t<span class=\"ts_name\">Research source</span>\n\t\t<span class=\"ts_description\"></span>\n\t\t\t\t<a href=\"#\" class=\"ts_source\" target=\"_blank\" rel=\"nofollow noreferrer noopener\"></a>\n\n</span>\n</sup>\n</li>\n</ul>\n"},{"title":"Stay committed.","content":"\n Even though you may be scared, particularly if you're armed with a broom and you know the shooter has an assault rifle, stay focused on getting that rifle out of his hands and bringing him down. Think of your life and the lives of others he may go after.\n<ul><li>Fortunately, your body's natural \"fight\" response should be triggered and keep you alert and focused on staying alive, whatever the costs.<sup id=\"_ref-34\" class=\"reference\" aria-label=\"Link to Reference 34\"><a href=\"#_note-34\">[34]</a><span class=\"ts_popup \" hidden=\"\" id=\"ts_popup_34\" style=\"display: none;\">\n\t<span class=\"ts_close\">X</span>\n\t\t<span class=\"ts_name\">Research source</span>\n\t\t<span class=\"ts_description\"></span>\n\t\t\t\t<a href=\"#\" class=\"ts_source\" target=\"_blank\" rel=\"nofollow noreferrer noopener\"></a>\n\n</span>\n</sup>\n</li></ul>\n"}]},{"title":"Receiving Help","tasks":[{"title":"Remain calm.","content":"\n If you've escaped the situation, try to breath deeply. Chances are that you may be experiencing feelings of panic or shock or numbness due to the trauma, so it's best to try to get your bearings by centering your focus on your breathing.\n<ul><li>When you feel able to talk, you should call your family and loved ones to let them know that you're alright.</li></ul>\n"},{"title":"Keep your hands visible at all times.","content":"\n Law enforcement's first task is to stop the shooter, so as you emerge from the building or public place, always keep your hands up to show that you are not carrying any weapons. Police are trained to initially treat everyone as a suspect since some shooters pretend to impersonate victims.\n"},{"title":"Avoid pointing or yelling.","content":"\n The police have specific guidelines on how to proceed during a public shooting. Let them do their jobs and don't confuse or aggravate the situation by intervening, particularly since your emotions are likely heightened. Let them do their jobs effectively and take down the shooter.\n"},{"title":"Know that help for the injured is coming.","content":"\n The police are trained to locate and stop shooters and this is their primary goal. They will not stop and tend to the injured, but you needn't worry as paramedics have likely already been called to care for those shot or otherwise hurt during the incident.\n<ul><li>If you have been shot, try to slow your breathing which can help prevent shock and slow the bleeding. Cover the wound with your hands or a cloth and apply pressure to try to stop the bleeding until you can get medical aid.</li></ul>\n"}]}],"questions":[{"title":"What happens if you are lost and can't find anyone you know and you're a kid?","content":"Either escape (if you can) or hide. If you have already escaped and need to get back home, go to any nearby public place (store, library, etc.) and ask someone who works there to help you out. You could have them call your parents or, if you don't know their number, call the police, who can help you get home."},{"title":"If I'm already holding something I can run with, should I drop it?","content":"No, there's no need to drop it unless it inhibits your ability to get away."},{"title":"If the public shooting is at a concert and I left my phone in my bag, should I try to get it?","content":"No. Abandon your phone and attempt to escape/hide; your life is much more valuable."},{"title":"Is it better to escape with others or alone?","content":"Whatever is quickest and most feasible in the situation. Your own safety should be your top priority, but if you can safely escape with a few others by your side, go ahead."},{"title":"Would I get into trouble with my parents or the police by hurting the shooter?","content":"No, you wouldn't get in trouble for hurting the shooter."},{"title":"What can I do if I am faced with multiple attackers?","content":"Make sure you are out of all of their lines of fire and keep the same principle of what you have just read in the article. If you see them close, play dead until they go. When they are gone, just run. Don't worry about picking up others, just run."},{"title":"What can I do if I am hurt and can see the shooter, but the shooter doesn't see me?","content":"Play dead. The shooter won't waste bullets on someone they think is already dead."},{"title":"Can everyone help to incapacitate the shooter?","content":"You should only attempt to do this if you cannot escape or hide. If you can do either of those things, then you should."},{"title":"If I were to disarm the shooter, what would I do next?","content":"Get the shooter's weapon away from them and try to encourage other people to get out of the building while the shooter is incapacitated. When law enforcement arrives, put your hands up and step away from the shooter's weapon so you are not mistaken for the shooter."},{"title":"What do I do if I have a pair of scissors and I'm behind the shooter?","content":"If you are close enough, and stealthy, stab the shooter in the back of his/her neck, or on the neck pressure points."}]}