{"meta":{"description":"For most people, snowstorms and blizzards are best experienced indoors, perhaps by the fireplace with a warm drink and good company. Finding yourself trapped in your car, whether relatively near others or in an isolated area, can quickly turn into a shivering, starving, thirsty nightmare. Surviving in your car during a snowstorm requires calm so you can make wise use of your car to meet your two fundamental needs – shelter for warmth and enough water to drink. Stocking up on additional supplies for this type of situation will help cover those needs and meet others, such as eating, staying dry and being able to leave once the storm clears.","title":"Survive Being Trapped in Your Car During a Snowstorm"},"todo_list":[{"title":"Preparing for Potentially Dangerous Driving Conditions","tasks":[{"title":"Know your level of danger.","content":"\n In most cold-weather climates, people know or learn what is reasonably safe for <a href=\"/Drive-a-Car-in-Winter-Weather\" title=\"Drive a Car in Winter Weather\">winter driving</a>, and what conditions are dangerous. In most industrialized countries, weather forecasting makes it unlikely that blizzards will arrive without warning. Even a severe snowstorm is generally expected several days in advance.\n<ul>\n<li>During a severe snowstorm, travel should be curtailed unless it is a real emergency. And even then, consider if emergency vehicles are more equipped to handle your issue than you are.</li>\n<li>If you are unfamiliar with driving in winter conditions, as a general rule, do not drive.</li>\n<li>Take winter weather advisories, watches, and warnings (or equivalents) seriously. Having to re-schedule your vacation may be an inconvenience, but getting into a car accident is a much bigger problem.</li>\n<li>Keep a few useful winter tools. A more detailed list will follow below. Most drivers will not typically have an entire trunk full of emergency items, but in most cold weather climates, drivers should usually keep the following as a precaution:\n<ul>\n<li>Sand or cat litter: for emergency traction. The weight of sand can also help traction in lighter vehicles although fuel efficiency will be reduced slightly. Cat litter has the added bonus, if put in a tied-off sock on the dashboard, of drawing in moisture and preventing condensation on the windshield</li>\n<li>Wool blanket: In case of getting stuck, this helps with freezing temperatures. It is also handy for impromptu seating in winter events.</li>\n<li>Extra boots: If you are wearing inappropriate foot gear, your feet could freeze. Putting an old pair of boots in the trunk helps cover this issue. Also, it is handy if you forgot your boots and it snows.</li>\n<li>Extra gloves, hat, scarf: In case of being stuck in freezing weather, these items are vital. These can be old and mismatched, but they should be warm.</li>\n</ul>\n</li>\n</ul>\n\n"},{"title":"Keep your car well-serviced.","content":"\n Before winter arrives or you plan to drive in snowy conditions, make sure your anti-freeze and windshield wiper fluids are full, your wipers are working properly, your tires are properly inflated and have sufficient tread, and that your brakes and battery are both in good shape. Check to ensure all of your lights work and that your engine oil has been changed. Freezing temperatures and bad road conditions greatly affect how both the mechanics of your vehicle function and how your vehicle handles on the road.\n"},{"title":"Have plenty of gas.","content":"\n When the weather is bad, make sure you have a full tank of gas. In really hazardous winter weather watches and blizzard watches the effects of the storm can be 72 hours or more. So the more gas you have, the better in case you become stranded. You will need it to help you stay warm, to ensure your fuel lines do not freeze, that your battery stays charged, and that you have enough gas left to leave after the storm, if needed.\n"},{"title":"Buy a cooler and a storage tub.","content":"\n  Your first priorities are supplies needed to provide warmth, fluids and food, followed by various instruments needed to weather and escape the storm. A hard-walled cooler to store both your food and water supplies is nearly ideal. Also get a hard plastic, durable storage tub for the rest of your supplies. It needs a tight-sealing lid so if you must take it out of your vehicle, nothing inside will get wet.\n"},{"title":"Collect items for staying warm.","content":"\n During a blizzard or snowstorm, when temperatures are below freezing, a person can only survive for about three hours without shelter from wind and moisture, two of the ways a person’s body loses heat. Since your vehicle will be your shelter, you want to add supplemental items.  \n<ul>\n<li>Keep heat inside the vehicle using insulating items such as newspapers or blankets.</li>\n<li>Keep heat inside your body. Clothing and blankets, for example, do not provide heat or warmth but they’re vital because they preserve or help trap the heat your body generates.</li>\n<li>Hypothermia, which only requires a 2-3 degree drop in a person’s body temperature, is the chief cause of death from exposure to freezing temperatures. The first effect is an inability to think clearly.</li>\n<li>Put one wool blanket for each person you anticipate could be in the vehicle in your trunk or in the storage tub, plus two more for other uses. Wool dries quickly if it gets wet and keeps you much warmer than many other materials.</li>\n<li>You want to also add an extra set of clothing for each person, plus two sets of socks per person. Wool socks are best. Avoid cotton clothing, such as jeans, as these become essentially useless at retaining warmth when wet.</li>\n<li>Include scarves, hats and water-resistant gloves to help preserve heat in high-loss areas like the head and neck and to keep your hands from becoming wet.</li>\n<li>Keep a pair of winter boots in the car. In northern rural climates, it is fairly common for people to keep a pair of boots (typically old) in the trunk. In an emergency, bad footwear can be dangerous in the snow, leading to frostbite.</li>\n<li>Keep hand warmers in the car. While good gloves or mittens are better prevention, these are handy. You can get in the camping and hunting goods sections of big box stores.</li>\n<li>Get 5-10 newspapers, depending upon your vehicle size, to insulate your vehicle’s windows. This will help trap in the heat your bodies produce, the heat your vehicle produces if and when you turn it on and to serve as a barrier against the wind.<sup id=\"_ref-5\" class=\"reference\" aria-label=\"Link to Reference 5\"><a href=\"#_note-5\">[5]</a><span class=\"ts_popup \" hidden=\"\" id=\"ts_popup_5\" style=\"display: none;\">\n\t<span class=\"ts_close\">X</span>\n\t\t<span class=\"ts_name\">Research source</span>\n\t\t<span class=\"ts_description\"></span>\n\t\t\t\t<a href=\"#\" class=\"ts_source\" target=\"_blank\" rel=\"nofollow noreferrer noopener\"></a>\n\n</span>\n</sup><sup id=\"_ref-6\" class=\"reference\" aria-label=\"Link to Reference 6\"><a href=\"#_note-6\">[6]</a><span class=\"ts_popup \" hidden=\"\" id=\"ts_popup_6\" style=\"display: none;\">\n\t<span class=\"ts_close\">X</span>\n\t\t<span class=\"ts_name\">Research source</span>\n\t\t<span class=\"ts_description\"></span>\n\t\t\t\t<a href=\"#\" class=\"ts_source\" target=\"_blank\" rel=\"nofollow noreferrer noopener\"></a>\n\n</span>\n</sup><sup id=\"_ref-7\" class=\"reference\" aria-label=\"Link to Reference 7\"><a href=\"#_note-7\">[7]</a><span class=\"ts_popup \" hidden=\"\" id=\"ts_popup_7\" style=\"display: none;\">\n\t<span class=\"ts_close\">X</span>\n\t\t<span class=\"ts_name\">Research source</span>\n\t\t<span class=\"ts_description\"></span>\n\t\t\t\t<a href=\"#\" class=\"ts_source\" target=\"_blank\" rel=\"nofollow noreferrer noopener\"></a>\n\n</span>\n</sup><sup id=\"_ref-8\" class=\"reference\" aria-label=\"Link to Reference 8\"><a href=\"#_note-8\">[8]</a><span class=\"ts_popup \" hidden=\"\" id=\"ts_popup_8\" style=\"display: none;\">\n\t<span class=\"ts_close\">X</span>\n\t\t<span class=\"ts_name\">Research source</span>\n\t\t<span class=\"ts_description\"></span>\n\t\t\t\t<a href=\"#\" class=\"ts_source\" target=\"_blank\" rel=\"nofollow noreferrer noopener\"></a>\n\n</span>\n</sup>\n</li>\n</ul>\n"},{"title":"Prepare for your water needs.","content":"\n A person can survive for three days without fluids, though it would not be a pleasant experience by any means. To stay adequately hydrated, a person should consume 64 ounces of fluids per day. The typical water bottle is about 15-16 ounces, which would be 12-13 bottles per person for a 72-hour period. For a family of five, that’s 60-65 bottles of water, an unrealistic number to carry in your vehicle at all times. While jugs are an alternative, the plastic used is more likely to warp and break when exposed to extreme temperatures. Therefore, the following is recommended.\n<ul>\n<li>Yes, you can melt snow to produce water. However, snow is mostly air, and produces surprisingly little water. While a camp stove, burner, or campfire could potentially melt snow to produce water, this is not ideal.</li>\n<li>Put enough water bottles in the cooler for each person for one day. So, for example, you would put about 20 bottles in the cooler for a family of five. If you have extra room, load up with as many bottles as possible.</li>\n<li>Since this won’t be enough if you’re stranded for longer than one day, you’ll need to melt snow. To do this, you need the following: a 2- to 3-pound coffee can with its lid, several boxes of waterproof matches, three 2” diameter candles and one or more metal cups.<sup id=\"_ref-9\" class=\"reference\" aria-label=\"Link to Reference 9\"><a href=\"#_note-9\">[9]</a><span class=\"ts_popup \" hidden=\"\" id=\"ts_popup_9\" style=\"display: none;\">\n\t<span class=\"ts_close\">X</span>\n\t\t<span class=\"ts_name\">Research source</span>\n\t\t<span class=\"ts_description\"></span>\n\t\t\t\t<a href=\"#\" class=\"ts_source\" target=\"_blank\" rel=\"nofollow noreferrer noopener\"></a>\n\n</span>\n</sup><sup id=\"_ref-10\" class=\"reference trusted\" aria-label=\"Link to Reference 10\"><a href=\"#_note-10\">[10]</a><span class=\"ts_popup trustedsource\" hidden=\"\" id=\"ts_popup_10\" style=\"display: none;\">\n\t<span class=\"ts_close\">X</span>\n\t\t<a class=\"ts_trustworthy\" href=\"/wikiHow:Delivering-a-Trustworthy-Experience\">Trustworthy Source</a>\n\n\t\t<span class=\"ts_name\">Mayo Clinic</span>\n\t\t<span class=\"ts_description\">Educational website from one of the world's leading hospitals</span>\n\n\t\t\t\t<a href=\"#\" class=\"ts_source\" target=\"_blank\" rel=\"nofollow noreferrer noopener\">Go to source</a>\n</span>\n</sup><sup id=\"_ref-11\" class=\"reference\" aria-label=\"Link to Reference 11\"><a href=\"#_note-11\">[11]</a><span class=\"ts_popup \" hidden=\"\" id=\"ts_popup_11\" style=\"display: none;\">\n\t<span class=\"ts_close\">X</span>\n\t\t<span class=\"ts_name\">Research source</span>\n\t\t<span class=\"ts_description\"></span>\n\t\t\t\t<a href=\"#\" class=\"ts_source\" target=\"_blank\" rel=\"nofollow noreferrer noopener\"></a>\n\n</span>\n</sup>\n</li>\n</ul>\n"},{"title":"Get the appropriate foods.","content":"\n Food is the body’s fuel, supplying the energy needed to generate heat. When a person’s body is exposed to freezing temperatures, over half of the calories consumed go toward maintaining a normal body temperature. Thus, the colder it is, the more food people need. In normal temperatures, an adequately hydrated person can survive without food from 1- 6 weeks, depending on a number of factors. In freezing temperatures, that number tops out at about 3 weeks.\n<ul>\n<li>Given that the average American eats about 2,300 calories per day, half of which would be stripped away to regulate body temperature while trapped in a vehicle, minimally each person should eat about 3,500 calories per day.</li>\n<li>That is a quite a bit of food for a family of five over the course of 72 hours. To make it all fit in your cooler, buy dense non-perishable, high-calorie foods, such as granola bars, beef jerky, nuts, trail mix, canned fruits and chocolate.<sup id=\"_ref-12\" class=\"reference\" aria-label=\"Link to Reference 12\"><a href=\"#_note-12\">[12]</a><span class=\"ts_popup \" hidden=\"\" id=\"ts_popup_12\" style=\"display: none;\">\n\t<span class=\"ts_close\">X</span>\n\t\t<span class=\"ts_name\">Research source</span>\n\t\t<span class=\"ts_description\"></span>\n\t\t\t\t<a href=\"#\" class=\"ts_source\" target=\"_blank\" rel=\"nofollow noreferrer noopener\"></a>\n\n</span>\n</sup><sup id=\"_ref-13\" class=\"reference\" aria-label=\"Link to Reference 13\"><a href=\"#_note-13\">[13]</a><span class=\"ts_popup \" hidden=\"\" id=\"ts_popup_13\" style=\"display: none;\">\n\t<span class=\"ts_close\">X</span>\n\t\t<span class=\"ts_name\">Research source</span>\n\t\t<span class=\"ts_description\"></span>\n\t\t\t\t<a href=\"#\" class=\"ts_source\" target=\"_blank\" rel=\"nofollow noreferrer noopener\"></a>\n\n</span>\n</sup><sup id=\"_ref-14\" class=\"reference\" aria-label=\"Link to Reference 14\"><a href=\"#_note-14\">[14]</a><span class=\"ts_popup \" hidden=\"\" id=\"ts_popup_14\" style=\"display: none;\">\n\t<span class=\"ts_close\">X</span>\n\t\t<span class=\"ts_name\">Research source</span>\n\t\t<span class=\"ts_description\"></span>\n\t\t\t\t<a href=\"#\" class=\"ts_source\" target=\"_blank\" rel=\"nofollow noreferrer noopener\"></a>\n\n</span>\n</sup><sup id=\"_ref-15\" class=\"reference\" aria-label=\"Link to Reference 15\"><a href=\"#_note-15\">[15]</a><span class=\"ts_popup \" hidden=\"\" id=\"ts_popup_15\" style=\"display: none;\">\n\t<span class=\"ts_close\">X</span>\n\t\t<span class=\"ts_name\">Research source</span>\n\t\t<span class=\"ts_description\"></span>\n\t\t\t\t<a href=\"#\" class=\"ts_source\" target=\"_blank\" rel=\"nofollow noreferrer noopener\"></a>\n\n</span>\n</sup>\n</li>\n<li>Scale down according to your needs. Most individuals caught in a blizzard will not be stuck for days. Unless you are going to be in a very remote area, you do not need to prepare many days worth of rations. In reasonably well-settled areas, you can likely expect help to reach you in hours and not days. Therefore, you may want to consider having the equivalent of a solid snack. These are often stowed in the glove compartment of the vehicle in snowy climates.\n<ul>\n<li>Make sure this item is shelf-stable and not likely to perish anytime soon.</li>\n<li>This food should likely not be a favorite of yours, as you will likely be tempted to eat it and not replace it when an emergency arises.</li>\n<li>Do not store water in glove compartment, as if the water bottle breaks it will likely ruin your registration, insurance card, maps, service records, and so on. The trunk is usually better.</li>\n<li>If you are diabetic, be very sure to have a snack available.</li>\n</ul>\n</li>\n</ul>\n"},{"title":"Gather the rest of your supplies.","content":"\n You’ll need to collect a number of items to dig your vehicle out of the snow if needed, to assist others in helping to locate you, to be attuned to weather and road conditions, to take care of basic needs if trapped and to improvise and fix unanticipated problems. Once you’ve collected your supplies, listed below, put them in your storage tub. Regularly check to make sure everything is in good shape and working.\n<ul>\n<li>Flares to indicate your location to rescuers.</li>\n<li>A piece of bright red material about 1-by-4 feet in size.</li>\n<li>A wind-up or transistor radio with several spare batteries so you can keep tabs on the weather and road conditions. Also, for entertainment, as boredom tends to cause people to do unwise things.</li>\n<li>Flashlights with very bright bulbs and plenty of batteries to use at night and to use in signaling for help.</li>\n<li>Jumper cables, which you may need when the storm passes, and your vehicle’s battery has died.</li>\n<li>A collapsible, preferably metal snow shovel.</li>\n<li>Tow rope to either a) help get your vehicle unstuck or b) tie one end to the vehicle and the other to a person’s waist if it’s absolutely necessary for someone to leave the vehicle during the storm.</li>\n<li>A compass.</li>\n<li>A bag of sand, salt or cat litter to give your tires traction if stuck.</li>\n<li>A long-handled ice scraper with a brush.</li>\n<li>A tool kit for any surprises.</li>\n<li>A pocket knife with a can opener.</li>\n<li>A wind-up watch to keep track of time.</li>\n<li>A first-aid kit.</li>\n<li>An emergency supply of medicine for each person for 72 hours.</li>\n<li>One pair of tall, waterproof boots for the driver of the vehicle.</li>\n<li>Tissue paper, paper towels and garbage bags for sanitary purposes.</li>\n<li>Feminine products and baby formula, diapers and wipes, if necessary.<sup id=\"_ref-16\" class=\"reference\" aria-label=\"Link to Reference 16\"><a href=\"#_note-16\">[16]</a><span class=\"ts_popup \" hidden=\"\" id=\"ts_popup_16\" style=\"display: none;\">\n\t<span class=\"ts_close\">X</span>\n\t\t<span class=\"ts_name\">Research source</span>\n\t\t<span class=\"ts_description\"></span>\n\t\t\t\t<a href=\"#\" class=\"ts_source\" target=\"_blank\" rel=\"nofollow noreferrer noopener\"></a>\n\n</span>\n</sup><sup id=\"_ref-17\" class=\"reference\" aria-label=\"Link to Reference 17\"><a href=\"#_note-17\">[17]</a><span class=\"ts_popup \" hidden=\"\" id=\"ts_popup_17\" style=\"display: none;\">\n\t<span class=\"ts_close\">X</span>\n\t\t<span class=\"ts_name\">Research source</span>\n\t\t<span class=\"ts_description\"></span>\n\t\t\t\t<a href=\"#\" class=\"ts_source\" target=\"_blank\" rel=\"nofollow noreferrer noopener\"></a>\n\n</span>\n</sup>\n</li>\n</ul>\n"}]},{"title":"Doing Your Best to Avoid Becoming Stranded","tasks":[{"title":"Watch the weather.","content":"\n If a storm is approaching and you don’t need to leave, stay put. Make sure you understand the difference between winter storm watches and warnings. A winter storm watch indicates there’s a 50-80% chance that a considerable amount of sleet, snow, ice or a combination of two or more will affect a certain area. A winter storm warning means there’s at least an 80% chance that one or more are on their way to a certain area. A blizzard warning or watch signals that significant amounts of falling snow and strong winds of at least 35 mph (56.3 km/h) that will reduce visibility to less than ¼ of a mile are highly likely or expected in the next 12-72 hours.\n<ul>\n<li>Remember: While you may feel confident driving in blustery weather, plenty of people you’re sharing the road with are less experienced. And, Mother Nature hits even the most seasoned drivers with unexpected surprises.</li>\n<li>If you plan to drive in potentially hazardous conditions, always let a trusted friend or family member know of your plans and route.<sup id=\"_ref-18\" class=\"reference\" aria-label=\"Link to Reference 18\"><a href=\"#_note-18\">[18]</a><span class=\"ts_popup \" hidden=\"\" id=\"ts_popup_18\" style=\"display: none;\">\n\t<span class=\"ts_close\">X</span>\n\t\t<span class=\"ts_name\">Research source</span>\n\t\t<span class=\"ts_description\"></span>\n\t\t\t\t<a href=\"#\" class=\"ts_source\" target=\"_blank\" rel=\"nofollow noreferrer noopener\"></a>\n\n</span>\n</sup><sup id=\"_ref-19\" class=\"reference\" aria-label=\"Link to Reference 19\"><a href=\"#_note-19\">[19]</a><span class=\"ts_popup \" hidden=\"\" id=\"ts_popup_19\" style=\"display: none;\">\n\t<span class=\"ts_close\">X</span>\n\t\t<span class=\"ts_name\">Research source</span>\n\t\t<span class=\"ts_description\"></span>\n\t\t\t\t<a href=\"#\" class=\"ts_source\" target=\"_blank\" rel=\"nofollow noreferrer noopener\"></a>\n\n</span>\n</sup><sup id=\"_ref-20\" class=\"reference\" aria-label=\"Link to Reference 20\"><a href=\"#_note-20\">[20]</a><span class=\"ts_popup \" hidden=\"\" id=\"ts_popup_20\" style=\"display: none;\">\n\t<span class=\"ts_close\">X</span>\n\t\t<span class=\"ts_name\">Research source</span>\n\t\t<span class=\"ts_description\"></span>\n\t\t\t\t<a href=\"#\" class=\"ts_source\" target=\"_blank\" rel=\"nofollow noreferrer noopener\"></a>\n\n</span>\n</sup>\n</li>\n</ul>\n"},{"title":"Unclog snow from your vehicle's exhaust pipe first if stuck.","content":"\n If you find yourself stuck and try to dislodge your vehicle to leave, you first need to turn off your vehicle and make sure your exhaust pipe isn’t clogged with snow; if it is clogged, your vehicle can quickly fill up with poisonous carbon monoxide. To unclog it, turn off your engine, put on gloves and dig out as much snow as possible. If you don’t have gloves, use a branch or something similar.\n"},{"title":"Remove snow and ice from and around your vehicle.","content":"\n It you’ve been stuck for awhile and decide to try to get your vehicle out, start removing snow from the roof of your vehicle and work your way down. While you’re doing this, turn on the engine and defrost to start melting any ice on your front and back windshields. Next, take a shovel and remove as much snow as possible around the tires and the sides of your vehicle. Try to also dig a path in the direction you want your vehicle to go. Scrape your windshields last. If you don’t have a traditional scraper, use a credit card or CD case to help remove ice that hasn’t already thawed.\n<ul>\n<li>If you don’t have an ice scraper with a brush to remove the snow from your car, use the branch of an evergreen tree or a newspaper (whatever you can find) to sweep it off.</li>\n<li>If you don’t have a shovel, use what’s available to you, such as a hubcap or a Frisbee in the trunk.<sup id=\"_ref-22\" class=\"reference\" aria-label=\"Link to Reference 22\"><a href=\"#_note-22\">[22]</a><span class=\"ts_popup \" hidden=\"\" id=\"ts_popup_22\" style=\"display: none;\">\n\t<span class=\"ts_close\">X</span>\n\t\t<span class=\"ts_name\">Research source</span>\n\t\t<span class=\"ts_description\"></span>\n\t\t\t\t<a href=\"#\" class=\"ts_source\" target=\"_blank\" rel=\"nofollow noreferrer noopener\"></a>\n\n</span>\n</sup><sup id=\"_ref-23\" class=\"reference\" aria-label=\"Link to Reference 23\"><a href=\"#_note-23\">[23]</a><span class=\"ts_popup \" hidden=\"\" id=\"ts_popup_23\" style=\"display: none;\">\n\t<span class=\"ts_close\">X</span>\n\t\t<span class=\"ts_name\">Research source</span>\n\t\t<span class=\"ts_description\"></span>\n\t\t\t\t<a href=\"#\" class=\"ts_source\" target=\"_blank\" rel=\"nofollow noreferrer noopener\"></a>\n\n</span>\n</sup>\n</li>\n</ul>\n"},{"title":"Rock and roll your vehicle.","content":"\n To get your car unstuck, turn your wheels side to side a couple of times to push any remaining snow out of the way. If you have all-wheel or 4-wheel drive, make sure it’s engaged. Shift into forward (or the lowest gear possible on a standard), gently press the gas and ease forward; even a couple of inches is good. Then shift into reverse and gently press the gas to rock backward. Repeat this process until you hopefully get enough traction to pull out and keep going.\n<ul>\n<li>If your tires start spinning, let up on the gas immediately because you’ll only dig yourself in deeper by spinning the tires.</li>\n<li>Have a passenger stand outside the vehicle, hold onto the inside of the driver’s window and help push.</li>\n<li>Never let anyone stand behind the vehicle and push because the car could slide back and cause serious injury.</li>\n<li>If you don’t get anywhere with this, look for traction elsewhere. If you have cat litter, salt or sand, spread some around either your front or back tires, depending upon whether you have a front-wheel or rear-wheel drive vehicle. If it’s an all-wheel or 4-wheel drive vehicle, spread it by all four tires.</li>\n<li>If you don’t have these materials, use your car mats, small rocks or pebbles, pine combs, twigs or small branches as traction.<sup id=\"_ref-24\" class=\"reference\" aria-label=\"Link to Reference 24\"><a href=\"#_note-24\">[24]</a><span class=\"ts_popup \" hidden=\"\" id=\"ts_popup_24\" style=\"display: none;\">\n\t<span class=\"ts_close\">X</span>\n\t\t<span class=\"ts_name\">Research source</span>\n\t\t<span class=\"ts_description\"></span>\n\t\t\t\t<a href=\"#\" class=\"ts_source\" target=\"_blank\" rel=\"nofollow noreferrer noopener\"></a>\n\n</span>\n</sup><sup id=\"_ref-25\" class=\"reference\" aria-label=\"Link to Reference 25\"><a href=\"#_note-25\">[25]</a><span class=\"ts_popup \" hidden=\"\" id=\"ts_popup_25\" style=\"display: none;\">\n\t<span class=\"ts_close\">X</span>\n\t\t<span class=\"ts_name\">Research source</span>\n\t\t<span class=\"ts_description\"></span>\n\t\t\t\t<a href=\"#\" class=\"ts_source\" target=\"_blank\" rel=\"nofollow noreferrer noopener\"></a>\n\n</span>\n</sup>\n</li>\n</ul>\n"},{"title":"Escape early, if you’re able.","content":"\n If a snowstorm is just beginning and you are unable to dislodge your vehicle, try to get help by flagging other drivers and by calling authorities. The situation will likely only get worse. Keep in mind, however, that distances are greatly distorted by blowing snow. What seems near is often much further away. Thus, leaving your vehicle is only advised if help is assured and in clear and certain sight. Otherwise, you have a much higher chance of surviving the storm by using your vehicle as your shelter. \n"}]},{"title":"Setting Up and Wisely Using Your Shelter","tasks":[{"title":"Stay with your vehicle.","content":"\n It may be tempting to try to get out of your situation by walking out, but if you are in an area without a lot of human development this is often a poor decision..\n<ul>\n<li>The one exception: By staying with the car you are in physical danger, such as if it catches on fire or may go into a body of water.</li>\n<li>A car is pretty good shelter and unless there is obviously better options in short distance, such as a house, barn, or store.</li>\n<li>Remember that distances become distorted by falling and blowing snow.</li>\n<li>Additionally, snow covers holes, sharp objects and other hazardous objects, so heading out on foot is a serious risk in the midst of a storm.<sup id=\"_ref-26\" class=\"reference\" aria-label=\"Link to Reference 26\"><a href=\"#_note-26\">[26]</a><span class=\"ts_popup \" hidden=\"\" id=\"ts_popup_26\" style=\"display: none;\">\n\t<span class=\"ts_close\">X</span>\n\t\t<span class=\"ts_name\">Research source</span>\n\t\t<span class=\"ts_description\"></span>\n\t\t\t\t<a href=\"#\" class=\"ts_source\" target=\"_blank\" rel=\"nofollow noreferrer noopener\"></a>\n\n</span>\n</sup><sup id=\"_ref-27\" class=\"reference\" aria-label=\"Link to Reference 27\"><a href=\"#_note-27\">[27]</a><span class=\"ts_popup \" hidden=\"\" id=\"ts_popup_27\" style=\"display: none;\">\n\t<span class=\"ts_close\">X</span>\n\t\t<span class=\"ts_name\">Research source</span>\n\t\t<span class=\"ts_description\"></span>\n\t\t\t\t<a href=\"#\" class=\"ts_source\" target=\"_blank\" rel=\"nofollow noreferrer noopener\"></a>\n\n</span>\n</sup><sup id=\"_ref-28\" class=\"reference\" aria-label=\"Link to Reference 28\"><a href=\"#_note-28\">[28]</a><span class=\"ts_popup \" hidden=\"\" id=\"ts_popup_28\" style=\"display: none;\">\n\t<span class=\"ts_close\">X</span>\n\t\t<span class=\"ts_name\">Research source</span>\n\t\t<span class=\"ts_description\"></span>\n\t\t\t\t<a href=\"#\" class=\"ts_source\" target=\"_blank\" rel=\"nofollow noreferrer noopener\"></a>\n\n</span>\n</sup>\n</li>\n</ul>\n"},{"title":"Notify authorities with your cellphone.","content":"\n Typically, most people now have a cellphone that they carry with them at all times. Before your cellphone’s battery dies, pinpoint your precise location using your vehicle or phone’s GPS, call 911 and tell them where you are stuck and who is in the vehicle. Make sure to also include other relevant information, such as how much water and food you have, how much gas you have and if someone in the vehicle has a serious medical condition.\n<ul>\n<li>If you have enough charge left in your phone, make one short phone call to someone you think is not also stuck and who will advocate on your behalf with authorities to ensure you are rescued, if it comes to that. Make sure you tell them your location.</li>\n<li>Use your phone's charge wisely. If you are in your car for days, you may have to turn off your cellphone when you are done to save any remaining battery charge for later emergency use. But turning it off also means you will not get any incoming calls or texts.</li>\n<li>If you turn on your vehicle periodically, you can also charge your phone as it takes relatively little drain on the battery.</li>\n</ul>\n"},{"title":"Make yourself visible to rescuers.","content":"\n When a major storm hits, sometimes thousands of people can no longer get anywhere in their vehicles. Some choose to abandon their vehicles; others stay. Since emergency personnel will make rescuing people occupied cars their priority, you need to make it clear that you are still in your vehicle. First put on your tall, waterproof boots over your pants, and put on a hat, scarf, gloves and heavy coat so you don’t get wet, which you want to avoid at all costs if possible. Getting wet in freezing temperatures will drop your body temperature quickly and put you at risk of hypothermia.\n<ul>\n<li>Tie the red piece of fabric to your vehicle’s antenna as a sign to rescuers. If you don't have an antenna, find a spot high on your vehicle where it can blow in the wind or tie it to the door handle facing the direction from which help is most likely to arrive.</li>\n<li>If you don’t have a red piece of fabric, find something in your vehicle to use. Responders will recognize this as a sign that you’re in need of assistance.</li>\n<li>If stranded in a remote area, stomp out “HELP” or “SOS” very largely in the snow to make yourself visible to those searching by air. If you have access to sticks or tree branches, use them to fill in your letters. You may need to do this again when it stops snowing.</li>\n<li>Honk your horn using Morse code for SOS, but ONLY when your vehicle is running to conserve your battery. Do three short honks, three long honks, three short honks, pause for 10-15 seconds and repeat.</li>\n<li>Raise the hood of your vehicle after the snow has stopped falling to indicate to rescuers that you need help.</li>\n<li>Take turns staying awake to be on the lookout for help!<sup id=\"_ref-30\" class=\"reference\" aria-label=\"Link to Reference 30\"><a href=\"#_note-30\">[30]</a><span class=\"ts_popup \" hidden=\"\" id=\"ts_popup_30\" style=\"display: none;\">\n\t<span class=\"ts_close\">X</span>\n\t\t<span class=\"ts_name\">Research source</span>\n\t\t<span class=\"ts_description\"></span>\n\t\t\t\t<a href=\"#\" class=\"ts_source\" target=\"_blank\" rel=\"nofollow noreferrer noopener\"></a>\n\n</span>\n</sup><sup id=\"_ref-31\" class=\"reference\" aria-label=\"Link to Reference 31\"><a href=\"#_note-31\">[31]</a><span class=\"ts_popup \" hidden=\"\" id=\"ts_popup_31\" style=\"display: none;\">\n\t<span class=\"ts_close\">X</span>\n\t\t<span class=\"ts_name\">Research source</span>\n\t\t<span class=\"ts_description\"></span>\n\t\t\t\t<a href=\"#\" class=\"ts_source\" target=\"_blank\" rel=\"nofollow noreferrer noopener\"></a>\n\n</span>\n</sup><sup id=\"_ref-32\" class=\"reference\" aria-label=\"Link to Reference 32\"><a href=\"#_note-32\">[32]</a><span class=\"ts_popup \" hidden=\"\" id=\"ts_popup_32\" style=\"display: none;\">\n\t<span class=\"ts_close\">X</span>\n\t\t<span class=\"ts_name\">Research source</span>\n\t\t<span class=\"ts_description\"></span>\n\t\t\t\t<a href=\"#\" class=\"ts_source\" target=\"_blank\" rel=\"nofollow noreferrer noopener\"></a>\n\n</span>\n</sup>\n</li>\n</ul>\n"},{"title":"Clear the exhaust pipe regularly.","content":"\n Even if you’ve already unclogged your exhaust pipe while trying to get your vehicle unstuck, you’ll need to do it more than once if it continues to snow and you are able to periodically run your vehicle’s engine. Carbon monoxide poisoning can make a person sick or cause a person to die through both prolonged and shorter but intense periods of exposure. The early symptoms are nausea, headaches and dizziness.\n"},{"title":"Use gas sparingly.","content":"\n The length of time you might be trapped in your vehicle depends upon a number of factors, such as the severity of the storm, where you’re located, the capabilities of emergency responders and how many others are stranded. It’s extremely important, therefore, to use your vehicle’s gas as little as possible. If help does not arrive and you are in a remote area, you may need gas to evacuate when the storm passes.\n<ul>\n<li>If you have a relatively full tank of gas, run the engine every hour for 10 minutes. While you’re doing this, crack one window to avoid carbon monoxide poisoning.</li>\n<li>If you don’t have much gas, only run your engine 1-2 times per day for 10 minutes so your battery doesn’t die and your fuel line doesn’t freeze. Use the sun’s heat to your advantage in this instance and run your engine at night, which will also help warm you.<sup id=\"_ref-36\" class=\"reference\" aria-label=\"Link to Reference 36\"><a href=\"#_note-36\">[36]</a><span class=\"ts_popup \" hidden=\"\" id=\"ts_popup_36\" style=\"display: none;\">\n\t<span class=\"ts_close\">X</span>\n\t\t<span class=\"ts_name\">Research source</span>\n\t\t<span class=\"ts_description\"></span>\n\t\t\t\t<a href=\"#\" class=\"ts_source\" target=\"_blank\" rel=\"nofollow noreferrer noopener\"></a>\n\n</span>\n</sup><sup id=\"_ref-37\" class=\"reference\" aria-label=\"Link to Reference 37\"><a href=\"#_note-37\">[37]</a><span class=\"ts_popup \" hidden=\"\" id=\"ts_popup_37\" style=\"display: none;\">\n\t<span class=\"ts_close\">X</span>\n\t\t<span class=\"ts_name\">Research source</span>\n\t\t<span class=\"ts_description\"></span>\n\t\t\t\t<a href=\"#\" class=\"ts_source\" target=\"_blank\" rel=\"nofollow noreferrer noopener\"></a>\n\n</span>\n</sup>\n</li>\n</ul>\n"},{"title":"Use energy wisely.","content":"\n You’ll have a limited amount of energy and will need to balance your needs with your supply. Your primary source of energy will be your vehicle’s gas, which then provides the energy for your interior lights, headlights, flashers, etc. If prepared, you’ll also have flashlights, matches, candles, batteries and a radio. To conserve, use one, possibly two, energy sources at a time. For example, don’t use a flashlight while a candle is lit to melt snow for water. Make sure you always turn off anything using a battery after you’re done with it.\n"}]},{"title":"Keeping Warm During the Storm","tasks":[{"title":"Pull out the clothes and blankets.","content":"\n To preserve the heat your body produces, you want to layer up as much as possible, trapping in the heat. Ideally, each person will have an extra dry layer of clothes and socks to put under a warm coat, with a hat, scarf and gloves. If not, tuck your socks into your pants and your shirt into your gloves, if you have them. Trap in heat however you can. If you have a knife or another instrument like a screwdriver, sharp pen, or a piece of plastic or metal ripped from your car, cut the cloth from your seats, floorboard or roof and wrap up in it for insulation. Utilize the floor mats however you can, too.\n<ul>\n<li>Crumble up and put road maps, paperwork from your glove compartment, newspaper, paper towels or napkins, etc. under your clothes for insulation.</li>\n<li>Use the wool blankets you stocked up on to warm yourself.</li>\n<li>Ration your hand warmers, but use them strategically. Put them in your gloves and pockets when needed, but also put them in your socks, under your hat by your ears and so forth.<sup id=\"_ref-38\" class=\"reference\" aria-label=\"Link to Reference 38\"><a href=\"#_note-38\">[38]</a><span class=\"ts_popup \" hidden=\"\" id=\"ts_popup_38\" style=\"display: none;\">\n\t<span class=\"ts_close\">X</span>\n\t\t<span class=\"ts_name\">Research source</span>\n\t\t<span class=\"ts_description\"></span>\n\t\t\t\t<a href=\"#\" class=\"ts_source\" target=\"_blank\" rel=\"nofollow noreferrer noopener\"></a>\n\n</span>\n</sup>\n</li>\n</ul>\n"},{"title":"Block off unused space and insulate windows.","content":"\n Remember, your vehicle is your shelter, or home. Just as you insulate your home to protect you from winter weather and close the doors in your den when you get a roaring fire going, you want to keep the cold out and keep the heat in your vehicle. First, reducing the size of the space inside your vehicle will help with this. If you have an extra blanket and a large SUV, for example, tape the blanket from the roof down behind the backseat to seal off the area behind it. Tape newspaper to the windows to insulate them.\n<ul>\n<li>If you don’t have a blanket to block unused space, use whatever material is at your disposal. You could cut out the seat cushions, for example, and lodge them in strategic locations to reduce the space in your vehicle.</li>\n<li>If you don’t have newspaper to insulate the windows, look around you. Do you have magazines, paper towels or napkins, your child’s textbook? You could also use the floor mats. If you don’t have tape, do you have band-aids, gum, nail glue?</li>\n</ul>\n"},{"title":"Seek warmth from another person’s body heat.","content":"\n If you’re not alone, the person next to you is far warmer than anything around! He or she may be madly shivering, but 97 or 98 degrees is still dozens of degrees higher than everything around you. And together, particularly in smaller spaces, you can actually increase the amount of heat in that area by huddling together. Create a cocoon around yourselves with your blankets, coats or whatever it is you’ve found to stay warm.\n"},{"title":"Move your body.","content":"\n Movement increases your circulation, which creates energy that helps keep you warm. In fact, your body puts out 5-10 times more heat when it’s actively exerting itself. In a situation such as this, particularly if you don’t have food to replenish your system, too much exercise is both impractical and unwise. Nonetheless, you still need to keep moving some. When you’re sitting, move your hands and feet in circles, flex your fingers and toes and do arm and leg stretches.\n"}]},{"title":"Handling Food and Water Needs","tasks":[{"title":"Ration your food and water supplies.","content":"\n You need to drink about 5 ounces of fluids an hour to avoid dehydration. That’s roughly equivalent to filling a standard coffee mug half full, or about one third of a water bottle. You should also eat a small snack every hour or so to help supply your body with energy to produce heat. Use your watch, rather than your cellphone or a clock in your vehicle that relies on your vehicle’s battery, to keep track of the time. If you don’t have a watch, try to gauge the time by observing the sun as it moves through the sky.\n<ul>\n<li>Avoid caffeine and alcohol. They both, in their own ways, speed up the bad effects cold weather has on your body even if one or the other may seem to help.</li>\n<li>Your goal is to regulate your body’s temperature, fluid levels and blood sugar levels as much as possible and to make your supplies last.</li>\n</ul>\n"},{"title":"Melt snow to make water.","content":"\n Because you have a limited number of water bottles or do not have fluids at all, you’ll need to melt snow. First, however, never eat snow, no matter how thirsty you are. It can lower your body temperature to dangerous levels. If you’ve prepared in advance, you have a coffee can, waterproof matches and a couple of candles. To melt snow, fill the can loosely about ½ to ¾ full and light either a couple of matches or a candle to hold underneath the can. Don’t pack the snow into the can.\n<ul>\n<li>Make sure to crack a window while you’re doing this because even small candles and matches can produce carbon monoxide.</li>\n<li>If you don’t have these supplies, look around you. What’s metal or plastic that can be emptied or pried apart and used to collect and put snow in, such as a plastic bag from the grocery store or even your glove compartment?</li>\n<li>When you turn your vehicle on, direct the vents toward the snow to melt it. If you’re out of gas, put smaller amounts of snow in your container and set it in the sun or a warmer spot in the car to melt.</li>\n</ul>\n"},{"title":"Store your water properly.","content":"\n Water bottles can be stored in your cooler. If you don’t have a cooler but do have bottles, wrap them in a blanket or another kind of material for insulation. Extra melted snow can be stored in empty water bottles, or whatever you have on hand. If your water gets too slushy, place it in the sun or near a heating vent when you turn on the engine. You can also store water in an airtight container and bury it about a foot beneath the snow. Even when the air above ground is freezing, the air trapped in the snow provides insulation and will help prevent the water from freezing.\n"},{"title":"Find food where you can.","content":"\n Remember, you can survive in freezing temperatures without food for up to three weeks as long as you’re adequately hydrated and have proper shelter. It won’t be fun, but you can only survive three hours in freezing temperatures without shelter. Check your vehicle thoroughly for food you might not think you have, such as an old breakfast bar that might have become stuck between the seats or sugar packets you might have in your purse from lunch last week.\n<ul>\n<li>If you find something, don’t devour it no matter how hungry you are. Eat only a small amount at a time and chew it slowly. This will make it feel as if you’ve eaten more.</li>\n<li>If you suspect someone with you has hypothermia and isn’t thinking clearly, take extra precautions if he or she is also hungry. Don’t let them leave the vehicle in search of food.</li>\n</ul>\n"}]},{"title":"Assessing Your Options When the Storm Passes","tasks":[{"title":"Determine the road conditions.","content":"\n If you’re still stranded when the storm clears, you’ll need to make a decision about when and how you will leave. Much of this will depend upon your location, how long you’ve been trapped and how well you’re doing physically. If you have a wind-up or transistor radio or enough gas left to listen to the radio, try to determine the road conditions and if certain roads are blocked.\n<ul><li>Talk to others if you’ve been stranded on a highway, for instance. If you still have charge on your cellphone, call a friend or relative to seek assistance and to ask what’s being done to clear the roads and/or find you.<sup id=\"_ref-40\" class=\"reference\" aria-label=\"Link to Reference 40\"><a href=\"#_note-40\">[40]</a><span class=\"ts_popup \" hidden=\"\" id=\"ts_popup_40\" style=\"display: none;\">\n\t<span class=\"ts_close\">X</span>\n\t\t<span class=\"ts_name\">Research source</span>\n\t\t<span class=\"ts_description\"></span>\n\t\t\t\t<a href=\"#\" class=\"ts_source\" target=\"_blank\" rel=\"nofollow noreferrer noopener\"></a>\n\n</span>\n</sup>\n</li></ul>\n"},{"title":"Decide whether to leave if stranded near others.","content":"\n If you’re in a city or on a highway where others are stranded, you have a high chance of being rescued once the weather settles and emergency personnel are able to maneuver more easily. Nonetheless, if there are a lot of people also stranded, it could take a long time, time you may not have. If you decide to walk in search of safety, go with others if possible. Leave a note in your vehicle stating where you are going and stick to the plan, so rescuers or loved ones will be able to find you if they locate your vehicle first. Wear multiple layers and bring as many supplies as you can without becoming overloaded.\n<ul>\n<li>If you have enough gas left and think you can avoid becoming stuck again, try to dislodge your vehicle.</li>\n<li>If you choose to stay with your vehicle, make sure it’s obvious to rescuers that you are still with your vehicle.</li>\n</ul>\n"},{"title":"Choose to stay or go if in a remote area.","content":"\n Very cold weather puts added strain on a person’s heart, and activities like shoveling snow, pushing a car and trudging through snow-covered terrain for long distances can cause heart attacks or make other health conditions considerably worse. If you’re in a remote area, are in relatively good health and believe you have enough gas to reach a gas station, a hotel or the like, consider digging your vehicle out of the snow. If you don’t have enough gas, you will need to make a choice – attempt to walk to safety or do everything you can to make yourself visible to rescuers.\n<ul>\n<li>If you stay, stamp out SOS in the snow again and lay branches in the letters. Use a CD or break off one of the mirrors from your car to sweep the horizon frequently. This will bounce off the sun, and air rescuers will recognize it as a signal.</li>\n<li>If you can get a fire started now that the snow has stopped, start one and keep it going – particularly at night – for warmth and to signal rescuers.<sup id=\"_ref-41\" class=\"reference\" aria-label=\"Link to Reference 41\"><a href=\"#_note-41\">[41]</a><span class=\"ts_popup \" hidden=\"\" id=\"ts_popup_41\" style=\"display: none;\">\n\t<span class=\"ts_close\">X</span>\n\t\t<span class=\"ts_name\">Research source</span>\n\t\t<span class=\"ts_description\"></span>\n\t\t\t\t<a href=\"#\" class=\"ts_source\" target=\"_blank\" rel=\"nofollow noreferrer noopener\"></a>\n\n</span>\n</sup>\n</li>\n<li>If you decide to walk, leave a note indicating where you’re headed and, again, stick to the plan. Layer up, bring as many of your supplies with you as possible, make sure you leave in the early morning and take frequent breaks to rest and to drink and eat something.<sup id=\"_ref-42\" class=\"reference\" aria-label=\"Link to Reference 42\"><a href=\"#_note-42\">[42]</a><span class=\"ts_popup \" hidden=\"\" id=\"ts_popup_42\" style=\"display: none;\">\n\t<span class=\"ts_close\">X</span>\n\t\t<span class=\"ts_name\">Research source</span>\n\t\t<span class=\"ts_description\"></span>\n\t\t\t\t<a href=\"#\" class=\"ts_source\" target=\"_blank\" rel=\"nofollow noreferrer noopener\"></a>\n\n</span>\n</sup>\n</li>\n</ul>\n"}]}],"questions":[{"title":"What if I have to go to the bathroom?","content":"Find a empty water bottle in your car and urinate into that. Never go out to go to the bathroom as you risk hypothermia by exposing your groin area to urinate/defecate."},{"title":"What if a baby is stranded in the car with its caregivers?","content":"Make sure you have diapers, baby formula, wet wipes, cream or other necessary products for babies before setting out."},{"title":"What if somebody dies in the car? Should I bury the person?","content":"If the worst happens and a person in the car passes away, remove the person from the vehicle to avoid infection. Put them in the trunk, if necessary, but make sure no air passes between the cabin and the trunk."},{"title":"What if I can not get out of the car?","content":"It is often a good idea to stay inside the car anyway. If possible, alert authorities on a cell phone."},{"title":"What should I do if I don't have any food?","content":"The only thing you can do is search through your car for anything edible. That could be ketchup packets, old food (though nothing spoiled), etc."},{"title":"Is it safe to run my car's engine and heater when I am stranded in a snowstorm?","content":"Yes, but make sure that the exhaust pipe is not clogged, and be sure to crack open a window so that carbon monoxide will not stay inside the car. Only do this in short intervals of 10 minutes every few hours as stated by the article."}]}