{"meta":{"description":"While almost everyone would like to avoid it, people unfortunately experience war every day. This is extremely stressful and dangerous, but you can deal with the situation if you maintain your focus and take the right steps. Gather and protect as many supplies as you can. Find reliable sources of food and water in the event of shortages. Avoid confrontation as much as you can, and move to a safer area if you have to. Finally, learn basic first aid skills to treat any injuries or illnesses you might encounter. Combined, these skills can keep you and your loved ones safe throughout survival situations.","title":"Survive a War"},"todo_list":[{"title":"Staying Safe","tasks":[{"title":"Move to an area far from fighting if you can.","content":"\n Unfortunately, your home may become unsafe in the event of a war. If your area is no longer safe, do your best to relocate and find another place to live. Where you end up settling depends on the progress of the war. Stay updated on the fighting and try to discern which areas haven’t been touched by the war.\n<ul>\n<li>Try to find areas that aren’t near the main fighting. These could be rural areas or strategically unimportant towns.</li>\n<li>There may be designated civilian safe zones set up. Travel to one of these if there is one nearby.</li>\n<li>Rural areas may be safer because fighting is often focused around cities and population centers. However, remember that you’ll need wilderness survival skills to stay safe here. It may also be more difficult to receive aid, since relief organizations also focus on cities.</li>\n</ul>\n\n"},{"title":"Find a strong, brick building with a basement for shelter.","content":"\n These buildings types can withstand the most damage and remain standing. Look especially for a building with a basement. This provides added protection and a hiding place if you have to stay out of sight. Search your area for suitable buildings like these and move into one as soon as possible.\n<ul>\n<li>Try to find a building that you can seal up in case there is a chemical leak or attack. Look for windows still intact that you can close and block off with damp towels.</li>\n<li>If there are multiple suitable buildings in your area, make a list of all of them and their locations. This will help if you have to flee your current shelter and find a new one quickly.</li>\n<li>If there are no buildings like this, then find any structure that has a basement to protect you from the fighting.</li>\n</ul>\n"},{"title":"Build an insulated shelter","content":"\n<a href=\"/Build-a-Survival-Shelter\" title=\"Build a Survival Shelter\"><b class=\"whb\">Build an insulated shelter</b></a> If you flee the cities and hide in the woods, your biggest enemy will probably be the elements. Construct a suitable shelter as soon as you enter a new area to protect you from the cold, rain, and sun. Maintain this shelter by fixing any problems right away.\n<ul>\n<li>Locate the shelter in a spot that's easy to hide in, just in case hostile people pass through the area.</li>\n<li>To make the job easier, try to build your shelter around an natural feature. A fallen tree, for example, could provide the support for a structure.</li>\n</ul>\n"},{"title":"Avoid confrontations as much as you can.","content":"\n While a war probably makes you think of fighting, in reality, civilians usually survive a war by avoiding fights as much as possible. Unless you’re in the armed forces, in most cases you’re much safer avoiding confrontations. Lay low and don’t start fights with people. Take care of your family, friends, and yourself, but try not to get involved in problems that don’t affect you.\n<ul>\n<li>If hostile troops enter your area, it’s best to hide or avoid interacting with them at all costs. Make it clear you aren’t a threat.</li>\n<li>Don’t try to steal from people or hurt anyone except in self-defense. This will lead to confrontations eventually, because desperate people will defend themselves.</li>\n<li>Avoiding fights may also mean fleeing an area that is unsafe. Always be ready for this possibility to keep yourself and your loved ones safe.</li>\n</ul>\n"},{"title":"Learn to use weapons to defend yourself or hunt.","content":"\n While you should try to avoid violence, always be prepared for the possibility. This is much easier if you already have weapons in your home and know how to use them. If not, then gather any weapons you may find and learn to use them. Keep them close at hand in your shelter in case you have to use them.\n<ul>\n<li>If you have a gun, ammunition might be scarce in a survival situation. Shooting for practice may also draw attention to you. Learn to use the gun as well as you can without firing if you've never used it before.</li>\n<li>Don't neglect other potential weapons like bows, axes, bats, or knives. These can all help you fight off attackers.</li>\n<li>Train other members of your family or group to use the weapons as well. Your group is at a disadvantage if only one member knows how to fight.</li>\n</ul>\n"},{"title":"Defend yourself","content":"\n<a href=\"/Defend-Yourself\" title=\"Defend Yourself\"><b class=\"whb\">Defend yourself</b></a> While you want to avoid violence, in some situations, fighting may be unavoidable. Some people try to hurt or exploit others during crises. If someone tries to hurt you or your loved ones, or steal supplies that you need to survive, fight back when you can. Try to drive off the people who are trying to hurt you.\n<ul>\n<li>Having some weapons at hand will help in this situation. Keep all weapons in a safe place, away from children, and grab them quickly if you need them.</li>\n<li>If you do have to defend yourself or your family, having a good personal relationship with your community is a big help. The community could unite to defend itself from bandits or other people who want to cause harm.</li>\n</ul>\n"}]},{"title":"Finding Supplies","tasks":[{"title":"Hoard all of your resources and valuable items as soon as war starts.","content":"\n There is often little advanced warning about a war breaking out, so you may not have the opportunity to stock up on supplies. Work quickly as soon as you get the news. Take all of your valuables, money, food, and water and store them safely. Hide valuables so even if your home is searched, they won’t be stolen. If you're able to, go out and get as many supplies as you can. Don’t delay or everything could be gone by the time you need it.\n<ul>\n<li>Especially store your canned or wrapped food and bottled water. Save these resources for emergencies, in the event that clean water and fresh food become scarce.</li>\n<li>Look for medicine and hygiene products as well. These are important for maintaining your health in stressful situations.</li>\n<li>Remember to store all of your important documents as well. Hold onto birth certificates, marriage licenses, Social Security cards, and any other documents that prove your identification. This is especially important if you have to flee your country. Other countries may prevent you from entering if you can’t demonstrate your identity and family relationships.</li>\n<li>Withdraw money from the bank to have cash on hand. You may not have access to your bank electronically.</li>\n</ul>\n"},{"title":"Locate a clean water source.","content":"\n Water is the most important resource for humans, and clean water may become scarce in wartime. Bottled water sources will only last so long. As soon as the war starts, find all of the potential water sources in your area. Do the same for every new area you move into.\n<ul>\n<li>Nearby lakes and streams are potential water sources, but you may have to purify the water before drinking it.</li>\n<li>If you live near the ocean, do not drink saltwater. It's difficult to resist, but saltwater will cause serious illness.</li>\n<li>If you do find a clean water source, use that and try to preserve your bottled water for emergencies.</li>\n<li>If no other water sources are near you, <a href=\"/Harvest-Rain-Water-in-a-Household-Setting\" title=\"Harvest Rain Water in a Household Setting\">collect rainwater</a> for drinking and bathing. Leave out buckets and tubs to catch the rain when it falls. Remember to purify all rainwater before you drink it.</li>\n</ul>\n"},{"title":"Gather canned and nonperishable food items.","content":"\n Your regular supply of food may be interrupted, so nonperishable items are essential. Once you get news that war has broken out, gather as many canned and nonperishable items as you can. Get them from the store or any other source you come across. This ensures you’ll have a steady supply if food starts running out.\n<ul>\n<li>After the war has been going on, canned items may be available in abandoned grocery stores. Whenever you find an unopened can, take it. You don’t know when you’ll come across more food.</li>\n<li>Try to avoid foods with high salt content that will make you thirsty. These will make you drink more water than you would normally.</li>\n<li>Ideally, you should have 3-days’ worth of nonperishable food in your home at all times in case of natural disasters or other emergencies. If you have a stockpile already, you can avoid the rush to the food store that will occur once the war starts.</li>\n</ul>\n"},{"title":"Learn to hunt and fish for extra sources of meat.","content":"\n If food becomes unreliable, you’ll be at an advantage if you know how to hunt and fish. Work on your tracking and hunting skills to find other sources of meat. Also practice fishing for a steady supply of nutritious fish. Both skills can help you get through times of food shortage.\n<ul>\n<li>Learn how to properly skin, bleed, and <a href=\"/Dress-a-Deer\" title=\"Dress a Deer\">dress an animal</a> so the meat doesn’t go bad before you can eat it.<sup id=\"_ref-11\" class=\"reference trusted\" aria-label=\"Link to Reference 11\"><a href=\"#_note-11\">[11]</a><span class=\"ts_popup trustedsource\" hidden=\"\" id=\"ts_popup_11\" style=\"display: none;\">\n\t<span class=\"ts_close\">X</span>\n\t\t<a class=\"ts_trustworthy\" href=\"/wikiHow:Delivering-a-Trustworthy-Experience\">Trustworthy Source</a>\n\n\t\t<span class=\"ts_name\">Penn State Extension</span>\n\t\t<span class=\"ts_description\">Educational organization dedicated to delivering science-based information to people, businesses, and communities</span>\n\n\t\t\t\t<a href=\"#\" class=\"ts_source\" target=\"_blank\" rel=\"nofollow noreferrer noopener\">Go to source</a>\n</span>\n</sup>\n</li>\n<li>You don’t have to be in a rural area to hunt. There are plenty of animals in city settings. Try setting up traps to catch small animals.</li>\n</ul>\n"},{"title":"Stockpile hygiene products if you find them.","content":"\n While hygiene may not be high on your list in a survival situation, it is more important than you may think. Practicing good hygiene can prevent illness and infection, and also help you feel better. When you're gathering supplies, always include as many hygiene products as you can carry. Also look for more if you're scrounging or searching for supplies.\n<ul>\n<li>Important hygiene products to have are toilet paper, hand sanitizer, toothpaste and toothbrush, soap or liquid soap, feminine products, and disinfectant.</li>\n<li>Less critical but important products include combs or brushes, razors, shaving cream, and deodorant. These won't necessarily save your life, but keeping up a good appearance can help you feel much better in stressful situations.</li>\n</ul>\n"},{"title":"Determine which plants in your area are edible.","content":"\n Almost all areas have local plants that may be edible. Knowing which ones you can eat could save your life in a desperate situation. Study your local area and find the plants that are edible. Then gather them regularly for a steady supply of food.\n<ul>\n<li>If you don’t know what a plant is or if it’s edible, smell it first. If the smell is terrible, it’s a good bet that it’s not edible. Then hold the plant on your skin for 15 minutes and see if you feel any itching or burning. If not, place the plant on your lips for 15 minutes. Then take a small bite of the plant. If you don’t feel any burning or stomach pains after 15 minutes, then the plant is probably safe to eat.</li>\n<li>If possible, you could also start a garden on your property for extra produce. Try to keep this hidden, though. If food is short, people will almost certainly try to steal your produce.</li>\n</ul>\n"},{"title":"Avoid wasting anything.","content":"\n All resources are precious in wartime, so preserve everything you can. Reuse old rags to make clothes. Use food scraps to make stock. Catch rainwater. Don’t let anything go to waste.\n"},{"title":"Loot supplies if you have no other choice.","content":"\n Unfortunately, people sometimes have to do desperate things to survive. If you come across supplies or stores that no one is watching or look abandoned, then take everything you need. This might be ethically wrong, but you and your family have to survive.\n<ul>\n<li>If you live in a populated area, you may come across many abandoned stores. Don't hesitate to search them for supplies and take what you need.</li>\n<li>If you're on the move, stop and check any buildings you come across. You never know what the previous residents left behind.</li>\n<li>Don’t try to steal food or supplies that people area guarding, however. You could end up injured or killed for this.</li>\n</ul>\n"}]},{"title":"Avoiding Injuries and Sickness","tasks":[{"title":"Learn basic first-aid to treat minor injuries.","content":"\n Injuries are unfortunately inevitable, and they can range from minor to serious. Develop at least a basic knowledge of first aid to treat the injuries you or a partner may encounter. When searching for supplies, take any first aid gear you may find and build a basic <a href=\"/Create-a-Home-First-Aid-Kit\" title=\"Create a Home First Aid Kit\">first aid kit</a>.\n<ul>\n<li>Wash all wounds with clean water only. Never use dirty or unfiltered water.</li>\n<li>Keep all wounds covered with clean bandages. If possible, replace the bandage with a clean one regularly.</li>\n<li>Learning <a href=\"/Do-CPR-on-an-Adult\" title=\"Do CPR on an Adult\">CPR</a> can also save someone’s life in an emergency situation.</li>\n</ul>\n"},{"title":"Stay away from any weapons and ordnance you come across.","content":"\n Unexploded mines, bombs, and other ordnance are a major cause of civilian injuries and death in war. If you’re near a fighting zone, there may be dangerous materials strewn out everywhere. Don’t touch anything. At best, you could give yourself a cut. At worst, this could be an unexploded weapon that could seriously injure you.\n"},{"title":"Keep yourself clean to avoid infections.","content":"\n While it may be difficult, washing yourself regularly is an important way to stay healthy. Take quick showers if running water is still available. If not, then use one of your water capture methods to gather enough water to clean yourself.\n<ul>\n<li>Try catching some rainwater in a bucket. Then dip a towel in that bucket and rub some soap on it. Run the towel around your body, then rinse with the rainwater.</li>\n<li>Try not to waste your bottled water on bathing. You can use unfiltered water for bathing unless you have open wounds. In this case, purify the water.</li>\n</ul>\n"},{"title":"Purify","content":"\n<a href=\"/Purify-Water\" title=\"Purify Water\"><b class=\"whb\">Purify</b></a> A waterborne illness can be life-threatening in a survival situation. If need to use any unbottled water for drinking, always purify it first. The most common method is boiling the water for 1 minute to kill any pathogens. Then filter out larger objects by pouring the water through a fine net or cloth.\n<ul>\n<li>It isn’t always obvious if a water source is contaminated. Boil all water from streams and rivers anyway, just as a precaution.</li>\n<li>If you’re desperate, you may be tempted to drink unclean water to quench your thirst. Do not, under any circumstances, drink dirty water without purifying it. You could contract a disease or parasite that may be fatal.</li>\n</ul>\n"},{"title":"Eat as healthy as you can.","content":"\n This isn’t always possible and you have to survive on whatever food you can find. But if at all possible, keep your health up with nutritious food. A steady supply of vitamins, minerals, antioxidants, and fatty acids will help keep your immune system up and fight off sickness.\n<ul>\n<li>Try to keep your meals as balanced as possible. Include fresh vegetables, fruits, and proteins if they are available.</li>\n<li>Find nutrient-dense foods like leafy vegetables, fish, potatoes, and nuts. Foods like these pack as many nutrients as possible into your meals.<sup id=\"_ref-21\" class=\"reference trusted\" aria-label=\"Link to Reference 21\"><a href=\"#_note-21\">[21]</a><span class=\"ts_popup trustedsource\" hidden=\"\" id=\"ts_popup_21\" style=\"display: none;\">\n\t<span class=\"ts_close\">X</span>\n\t\t<a class=\"ts_trustworthy\" href=\"/wikiHow:Delivering-a-Trustworthy-Experience\">Trustworthy Source</a>\n\n\t\t<span class=\"ts_name\">Harvard Medical School</span>\n\t\t<span class=\"ts_description\">Harvard Medical School's Educational Site for the Public</span>\n\n\t\t\t\t<a href=\"#\" class=\"ts_source\" target=\"_blank\" rel=\"nofollow noreferrer noopener\">Go to source</a>\n</span>\n</sup>\n</li>\n<li>If you can’t find fresh food, try to find dietary supplements to boost your nutrient intake. These may be available from abandoned stores and homes.</li>\n</ul>\n"}]},{"title":"Maintaining Your Composure","tasks":[{"title":"Stay updated on news about the war.","content":"\n Information is critical to surviving a war. Monitor the progress of the war to find out which areas are safe or dangerous, and where you might find resources. This information may be scarce, but there are methods you can use to stay informed.\n<ul>\n<li>Social media is a great new way to stay informed. Check for updates on Twitter and Facebook from residents of other areas. Use certain keywords or hashtags to find the information you’re looking for.</li>\n<li>Handheld, battery-powered radios may also be a reliable information source. See if you can pick up any local news stations reporting on the war.</li>\n<li>Question any outsiders who pass through your area for information. Ask where they came from and if they have any news.</li>\n</ul>\n"},{"title":"Keep up personal relationships with family and neighbors.","content":"\n These personal relationships will help you get through the crisis. Having family members around helps to ease your stress. Protecting them also gives you a purpose, which can drive you to push yourself harder in stressful situations. A network of neighbors can also share food and resources, so treat the people around you kindly. These relationships may save your life.\n<ul><li>If you move to a new area, introduce yourself to locals. You don’t have to become best friends with them, but don’t remain a stranger. You may have to rely on these people for help if fighting reaches your area.</li></ul>\n"},{"title":"Build a positive mental attitude.","content":"\n In any survival situation, maintaining your composure and ability to think logically is key. Letting despair and grief take over your mind will make logical thinking much harder. This will be especially difficult in wartime, but it’s extremely important to keep a positive mindset. Do all you can to think positively.\n<ul>\n<li>Developing and refining emergency plans can help you stay positive. It ensures that you’ll always have a procedure in place if something goes wrong.</li>\n<li>Take steps to reduce anxiety and keep your head clear in stressful situations.</li>\n<li>Building and maintaining personal relationships can help you stay positive.</li>\n</ul>\n"}]}],"questions":[{"title":"What if I lost all of my family and friends?","content":"It would be hard to survive without them (since you're probably young and have close ties to them), but staying self-sufficient is important. By protecting yourself and restoring your sanity, it will be easier to plan what you should do after the war."},{"title":"How long does a war usually take, and if it takes a long time, how much food will we need?","content":"There is no timeline for the duration of a war. They can last a few months to several years, such as both World Wars and the current conflict in Syria. Following news reports will give a person some info into the situation. As the political situation deteriorates, begin preparing, if you haven't done so already. Stock non-perishable foods, as they will not be affected (so long as the container/packaging remains intact). The more you are able to have on hand, the better."},{"title":"How will I survive if I'm homeless?","content":"You may want to try and find other people to stay with so they can keep you safe (and vice versa) until the war is over."},{"title":"I wear glasses. Is there any way to plan ahead in case I break them?","content":"Get spare glasses now!"},{"title":"I live in a capitol city, but I know a rural place that's five hours away by car. Should I pack the essentials and walk, even though the weather is hot?","content":"I would, yes. Even if it's hot outside and you don't have transportation, you should leave if you think your life will be in danger at home. However, be sure that you pack enough essentials for several days, especially water."},{"title":"How can I make some weapons with just sticks and a Swiss army knife?","content":"The Swiss army knife itself is a pretty good weapon, but you could also sharpen the ends of the sticks into points and use them as spears."},{"title":"I'm worried about a USA war with North Korea. If North Korea wins, how do I survive?","content":"I heavily doubt North Korea will defeat the USA, unless they have China or Russia on their side, but if they do win, and invade the USA, moving to Canada or Mexico might be your best option. If you are worried about nuclear war, there only way to survive nuclear war is avoiding it. Go to a country far from the nukes, such as somewhere in Africa or South America."},{"title":"I'm Chinese. Will my home country do anything during WW3 and if so, what should I do?","content":"Hopefully there will not be any more world wars. China is a large country that has acted peacefully in the past. It is possible that China may help to prevent future wars. If for some reason there is a world war, follow the steps in this article and try your best to survive."},{"title":"Where can I find weapons during a war? Is a desert a good place to set up camp?","content":"The desert, being isolated, is a good place as long as you have a source of clean water and experience in a dry climate. If you are in the desert, it will be quite difficult to source weapons; although it may be unethical, theft or raiding abandoned houses might be your best bet."},{"title":"How will I survive if I get called to war?","content":"Although it’s unlikely someone will walk up to your door and ask you to stand in the front lines, if this does happen keep a close eye out for snipers hiding in bushes and, once you hear gunshots, run for cover."}]}