{"meta":{"description":"Trees usually fall by snowstorms, floods, hurricanes and hailstorms. Be prepared for this. There have been many cases about this problem. Trees falling on houses causes loss of more than $12 million in U.S property damage. This article focuses on 'How to survive a tree falling on your house'.","title":"Survive a Tree Falling on Your House"},"todo_list":[{"title":"Steps","tasks":[{"title":" for this.","content":"\nBuy an insurance policy <a href=\"/Search-the-Internet\" title=\"Search the Internet\">Use a search engine</a> to search for <a href=\"/Track-Old-Insurance-Policies\" title=\"Track Old Insurance Policies\">insurance policies</a> in your city/state/province. There are advantages for it:\n<ul>\n<li>The insurance company can help find contractors for you to cover the roof to prevent further water damage or board up any broken windows.</li>\n<li>They[insurance company] can offer you 24-hour service. It starts with temporary repairs, including putting a tarp on the roof, shoring up any parts of the house that have structural damage and cleaning up water inside. It also helps homeowners with insurance claims. Your insurance company can help you make sure the company you call for quick repairs is reputable.</li>\n</ul>\n\n"},{"title":"After buying insurance, you need to prepare your own.","content":"\n Do the following:\n<ul>\n<li>Keep your valuables safe in a large metal container.</li>\n<li>Store them in the lowest floor, if you house is two or three story.</li>\n<li>If you have a storeroom, have it on the lowest floor for protection.</li>\n</ul>\n"},{"title":"The trees fall on houses in these conditions:","content":"\n\n<ul>\n<li><a href=\"/Prepare-for-a-Winter-Storm\" title=\"Prepare for a Winter Storm\">Snowstorms</a></li>\n<li><a href=\"/Prepare-for-a-Flood\" title=\"Prepare for a Flood\">Floods</a></li>\n<li><a href=\"/Prepare-for-a-Hurricane\" title=\"Prepare for a Hurricane\">Hurricanes</a></li>\n<li>Note:- Old and diseased trees are especially vulnerable to high winds and floods but the healthiest trees can come crashing down at your house.</li>\n</ul>\n"},{"title":"If you are in the house during the incident, do these:","content":"\n-\n<ul>\n<li>Stop whatever are you doing and focus on the incident.</li>\n<li>If you are on second or third story of your house or on the top floor, try to go to the bottom as fast as possible. If the stairs are blocked by the debris, try to come out by the window.</li>\n<li>If you house is one story high, try to come out of the house.</li>\n<li>If it is a wooden house and you are blocked in the debris, immediately call the police and the insurance company.</li>\n</ul>\n"},{"title":"If your house is made of concrete, it would increase your chances of survival and your house.","content":"\n\n"},{"title":"If wires are down, call these in order:","content":"\n\n<ul>\n<li><a href=\"/Honor-Your-Local-Police-Department\" title=\"Honor Your Local Police Department\">Police</a></li>\n<li>Power company</li>\n<li>Insurance company</li>\n</ul>\n"},{"title":"By using these steps, you can survive a tree falling on your house.","content":"\n\n"}]}],"questions":[{"title":"How much does it cost to repair a roof?","content":"It depends on who you hire, the extend of damage to the roof, etc. However, the cost is probably going to be several thousands of dollars at least."}]}