{"meta":{"description":"Being stuck in a lift, also known as an elevator, can sometimes be scary, especially if you are a fan of those kinds of movies which have a lot of elevator tragedies. Even though being stuck in an elevator in real life is not like in the movies, it is still a vital thing to know how to survive if it ever happens to you.","title":"Survive Being Stuck in a Lift"},"todo_list":[{"title":"Steps","tasks":[{"title":"Remain calm and do not panic!","content":"\n You may have heard this a lot of times and it is true that panicking will do you no good. It will cause you to not be able to think clearly and will not make your situation better. Remain calm and remember that this is reality and not a film, and a modern lift is not likely to come crashing down, even if the cables snap.\n\n"},{"title":"If it is dark, find a light source.","content":"\n Modern phones can usually be used to for this purpose.\n"},{"title":"Don't escape through the hatches in the ceiling.","content":"\n Luckily modern lifts don't have hatches in the ceiling. Escaping this way would be extremely dangerous.\n"},{"title":"Close out any negative thoughts and think positive.","content":"\n Remember that you are still alive, and don't believe it when your mind tells you that the walls are closing in. They are not closing in, they will not close in, and you can still breathe. Just keep it in mind that elevators usually have cameras, so don't do anything which looks stupid and you will regret (imagine what people would think when they view the tape).\n"},{"title":"Press each of the floor buttons one by one.","content":"\n Then, try the \"doors open\" button. If none of the buttons works, the lift is broken, and you need to let someone know about it.\n"},{"title":"Look through the gap between the doors of the lift.","content":"\n\n<ul>\n<li>If you can see light between the doors, the lift has stopped near a floor, and you should be able to shout for help and be released, as the doors can be opened with a key. Do not try to force the doors open yourself. If the lift starts working again when you are partway out, you could be in for a nasty surprise.</li>\n<li>If you can't see light between the doors, the lift has stopped between floors, and no one will be able to let you out if you scream for help. Look for an emergency telephone. If there is no telephone, there should be an alarm button. Press this repeatedly. Eventually, someone should hear you and get help.</li>\n<li>If it seems like no one can hear you, don't give up hope! Keep pressing the button, and know that you will be rescued.</li>\n</ul>\n"},{"title":"Check the time.","content":"\n If you have waited for more than half an hour and nobody has come to get you out shout and bang the inside walls of the lift; take off your shoe and bang with that. If there are still people in the building, you must get their help before they leave for the night.\n<ul><li>If everyone has left the building, and no one is responding to you, then you'll have to accept that you will be in the lift overnight. If this happens, stop shouting and banging - you don't want to develop sleep deprivation. You are probably tired by now. Make yourself as comfortable as possible, and get some sleep to save your energy. By morning, the building should be full again, and you can try to get some help then.</li></ul>\n"},{"title":"Call for help using either an emergency or alarm button located on the elevator's button panel or an emergency phone which should be built into the elevator, usually concealed behind a door under the button panel.","content":"\n It is law in most countries for elevators to have an emergency phone. If none of these options are available, try the next step.\n"},{"title":"Before the building shuts down, see if your phone has any reception or internet.","content":"\n\n<ul>\n<li>If you do have reception, <a href=\"/Call-Emergency-Services\" title=\"Call Emergency Services\">call emergency services</a>. Explain your situation and ask for help. Tell them the address of the building you are in and between which floors you are stuck.</li>\n<li>If you have WiFi connection contact a family member or friend. You can go on Facebook and ask a friend that you know will believe you. Tell them that you are in an elevator that has stopped working and ask them to <a href=\"/Call-Emergency-Services\" title=\"Call Emergency Services\">contact emergency services</a> and explain your situation to the police or fire department. Don't forget to tell them what the address is of the building and possibly which elevator you are stuck in. Now, just wait patiently.</li>\n</ul>\n"}]}],"questions":[{"title":"What if you don't have a phone or light source and nothing is working. What do you do then?","content":"First up, stay calm; nothing gets solved in a panic. Try to feel about in the lift, in the usual placement for the button panel. Even in the dark, you should be able to feel the buttons as they have a glass feel to them, the emergency button is usually plastic and sticks out and often has braille markings on it. (There's a picture of the average one in the Made Recently section above.) Keep pressing it and help should arrive at some point. If you have a fear of the dark, take deep breaths and repeat calming mantras to yourself; rescue is on its way."},{"title":"How long are people normally stuck in a lift for?","content":"If the building is active, the longest you'll probably be stuck for is about half an hour to an hour. Keep pressing the emergency button till help comes. However, if the building is closed, then you may have a longer wait (an hour or two, up to 8-9 hours at most), depending on where the emergency call goes to. Stay calm with deep breaths and reassure yourself that help is coming; rescuers don't dawdle when they know people are stuck in a lift."},{"title":"If I'm in an elevator that is 2 meters by 2 meters, how long will it take for the oxygen to be depleted?","content":"The air in elevators is not sealed in. You can have any amount of oxygen you need."},{"title":"What if you are a child?","content":"If it's possible, contact your parents on the lift's phone, let them know what has happened. They will call someone to help. Press the emergency button for help; you may hear ringing or someone will answer and ask you what is wrong. Most of all, stay calm and keep reminding yourself that help is coming. If the wait is long, take a nap, imagine a story in your head or play an electronic game to pass the time."},{"title":"What if there is no one in the building and I am a child?","content":"You should try to dial on your cellphone for help, or press the help button in the elevator. At some point a janitor or someone else should come in the building, so do not give up hope."},{"title":"How long can one survive in a closed elevator?","content":"If you don't have anything to drink, 3 days at the most, since the body will shut down due to dehydration."},{"title":"What if I need the toilet?","content":"Try to hold it for as long as you can. If someone has an empty bottle, ask if you can borrow it to pee in."},{"title":"Would I survive if there were a fire in an elevator?","content":"Most likely, no. If the flames didn't kill you, smoke inhalation would due to inadequate ventilation. The best thing to do would be to get as low to the ground as possible (smoke rises) and avoid the fire."},{"title":"Would I survive if the lift fell from a high floor?","content":"Most likely. To improve your chances of survival, you can lay down on the elevator floor with your limbs spread out."},{"title":"How do I handle claustrophobia when I am stuck on an elevator?","content":"Just close your eyes and imagine you are on a beach or at another soothing place. Try to think of things to be thankful for, such as your favorite dog."}]}