{"meta":{"description":"While the chances of a large comet hitting the earth in the next several hundred years is improbable according to scientists,[1] it doesn’t mean that it can’t happen. 65 million years ago, an asteroid hit earth, which many scientists believe caused the extinction of the dinosaurs.[2] While 100 tons of material enter our world everyday, much of the debris is small and most of it burns up in our atmosphere.[3] However, if a large comet did hit earth, the destruction would be catastrophic. That's not to say that all humans would perish, however, as there are ways to use survival tactics in order to stay alive.","title":"Survive a Comet Hitting Earth"},"todo_list":[{"title":"Preparing For Impact","tasks":[{"title":"Pay attention to astronomers’ predictions on any possible collisions with earth.","content":"\n NASA currently has astronomers that track comets that are flying in our solar system. As a result, there’s a very good chance they will know if there is a large object about to collide with us. By listening to their predictions, you can develop a real sense of how much time you have to prepare.\n<ul>\n<li>Check back with the NASA website, as they constantly update close calls.</li>\n<li>Make sure to prepare well in advance. Sometimes astronomers know about potential impacts on the earth only a couple months beforehand.</li>\n</ul>\n\n"},{"title":"Move away from coastal areas.","content":"\n Because the earth is made up of 71% water, there’s a greater likelihood that the comet will hit a body of water. If this does happen, it could mean that giant tsunamis would be created by the initial impact and they would likely destroy our coastal cities. Additionally, there would be an increase in water vapor entering our atmosphere which would cause heavy rain, which could cause landslides and flooding.\n<ul>\n<li>The tsunami in India in 2004 killed 150,000 people in a single day with many more left missing. The results of a tsunami from a large comet impact would be even worse.</li>\n<li>Even if you had an impenetrable bunker near the coast, massive flooding would mean you could never leave it.</li>\n</ul>\n"},{"title":"Move into a bunker or fortified structure and outfit it with an energy source.","content":"\n An underground bunker isn’t only the best for the time of impact; it will also protect you from environmental hazards after the comet has hit. When the comet hits, dust, soot, and water will shoot up into our atmosphere, making it cold for months to years. For that reason, make sure you also outfit your bunker with an energy source for heat, like a generator and enough fuel to last while the dust in the atmosphere settles. If you're unable to get a bunker, make sure to fortify whatever structure you're going to be staying in so that it can withstand the blast. Buildings that have strong foundations and are lower to the ground are better.\n<ul>\n<li>If you can't find a bunker, try to find another location that's going to be unaffected by the impact. This could be a cave or another natural structure that would shield you from the initial blast.</li>\n<li>There are many different bunker options available, but the best ones for a comet impact will have an air filtration system and be made of strong material.</li>\n<li>Bunkers can be expensive and range from anywhere from $20,000 to a million dollars and upwards.</li>\n</ul>\n"},{"title":"Purchase enough food, water, medicine, and other supplies.","content":"\n If the comet does hit on land, dust and rock particles flying into our atmosphere will make it too dangerous to go outside for months to years. Make sure that you have enough food that’s able to stand the test of time. A radio, handheld transceiver or walkie-talkie, and flashlights are other important pieces of gear you should stock up on.\n<ul>\n<li>Make sure to stock your hide-out with canned food, dried goods, non-perishable foods, and bottled water.</li>\n<li>If there is more than one person staying in your location, make sure that you increase the amount of food you are storing accordingly.</li>\n<li>The average calorie intake for men is 2,500 calories a day and 2,000 calories for women.<sup id=\"_ref-8\" class=\"reference\" aria-label=\"Link to Reference 8\"><a href=\"#_note-8\">[8]</a><span class=\"ts_popup \" hidden=\"\" id=\"ts_popup_8\" style=\"display: none;\">\n\t<span class=\"ts_close\">X</span>\n\t\t<span class=\"ts_name\">Research source</span>\n\t\t<span class=\"ts_description\"></span>\n\t\t\t\t<a href=\"#\" class=\"ts_source\" target=\"_blank\" rel=\"nofollow noreferrer noopener\"></a>\n\n</span>\n</sup>\n</li>\n</ul>\n"},{"title":"Buy weapons and ammunition for after the impact.","content":"\n You may be more concerned with withstanding the destruction of the comet impact itself, but you also need to be conscious of the possible dangers of other people after the dust settles. If you are fully prepared for a comet impact and others are not, people may want to steal your resources. You should be ready to defend them unless you have enough to go around.\n<ul>\n<li>Don’t go overboard on purchasing guns - make sure that you have things like food, water, and shelter before spending money on protection.</li>\n<li>A semi-automatic rifle and a pistol with enough ammunition should be more than enough firepower.</li>\n</ul>\n"}]},{"title":"Surviving After Impact","tasks":[{"title":"Ration your food and water.","content":"\n The amount of time that the repercussions of a comet impact would negatively affect the outside environment depends on a variety of factors, like how large the comet was, where it impacted, and how close you are to the site of impact. Because of this, rationing your food and water may be crucial for your survival, as there’s no concrete amount of time you will need to sustain on your food stores.\n<ul>\n<li>Dried legumes, canned beans, and dried meat products provide the most protein and can be stored for a very long time. Nutrient-rich grains and potatoes can also provide needed calories, so make sure to be stocking up on these kinds of food.<sup id=\"_ref-9\" class=\"reference\" aria-label=\"Link to Reference 9\"><a href=\"#_note-9\">[9]</a><span class=\"ts_popup \" hidden=\"\" id=\"ts_popup_9\" style=\"display: none;\">\n\t<span class=\"ts_close\">X</span>\n\t\t<span class=\"ts_name\">Research source</span>\n\t\t<span class=\"ts_description\"></span>\n\t\t\t\t<a href=\"#\" class=\"ts_source\" target=\"_blank\" rel=\"nofollow noreferrer noopener\"></a>\n\n</span>\n</sup>\n</li>\n<li>As a rule of thumb, try not to dip below 500 calories a day. While humans are capable of surviving without food for up to 40 days while hydrated, not eating enough will deteriorate your body and mind.<sup id=\"_ref-10\" class=\"reference\" aria-label=\"Link to Reference 10\"><a href=\"#_note-10\">[10]</a><span class=\"ts_popup \" hidden=\"\" id=\"ts_popup_10\" style=\"display: none;\">\n\t<span class=\"ts_close\">X</span>\n\t\t<span class=\"ts_name\">Research source</span>\n\t\t<span class=\"ts_description\"></span>\n\t\t\t\t<a href=\"#\" class=\"ts_source\" target=\"_blank\" rel=\"nofollow noreferrer noopener\"></a>\n\n</span>\n</sup>\n</li>\n<li>Make sure you are eating the right kind of foods so you don’t suffer from malnutrition.</li>\n</ul>\n"},{"title":"Limit your generator usage and only use it if necessary.","content":"\n Your generator will be a lifesaver for many things while you are in your bunker. You can use it to produce heat, cook food, and power lights. However, because most generators run on fuel, it’s important that you limit its usage because you will likely have a limited amount of fuel in your bunker. If you aren't in a bunker, a generator may still work, but there's a good chance that the main power grid will be down.\n<ul>\n<li>It’s a good idea to have more than one generator in case your primary generator breaks.</li>\n<li>Equip your hide-out with generator repair kits for possible repairs that will be needed.</li>\n</ul>\n"},{"title":"Listen to the radio to stay in communication with society.","content":"\n There may be efforts from the government to try to help people during this catastrophe. Make sure to listen to the radio to see if there are any updates or initiatives that can benefit you. If there are people on the radio, they will likely be able to give reports on the environment outside.\n<ul>\n<li>Don’t believe everything you hear. Early reporting is notoriously inaccurate at times, so wait it out until you hear unified reports.<sup id=\"_ref-11\" class=\"reference\" aria-label=\"Link to Reference 11\"><a href=\"#_note-11\">[11]</a><span class=\"ts_popup \" hidden=\"\" id=\"ts_popup_11\" style=\"display: none;\">\n\t<span class=\"ts_close\">X</span>\n\t\t<span class=\"ts_name\">Research source</span>\n\t\t<span class=\"ts_description\"></span>\n\t\t\t\t<a href=\"#\" class=\"ts_source\" target=\"_blank\" rel=\"nofollow noreferrer noopener\"></a>\n\n</span>\n</sup>\n</li>\n<li>The National Weather Service broadcasts emergency broadcasts on the VHF public service band, which require a special radio receiver. These channels range from 162.400 to 162.550.<sup id=\"_ref-12\" class=\"reference\" aria-label=\"Link to Reference 12\"><a href=\"#_note-12\">[12]</a><span class=\"ts_popup \" hidden=\"\" id=\"ts_popup_12\" style=\"display: none;\">\n\t<span class=\"ts_close\">X</span>\n\t\t<span class=\"ts_name\">Research source</span>\n\t\t<span class=\"ts_description\"></span>\n\t\t\t\t<a href=\"#\" class=\"ts_source\" target=\"_blank\" rel=\"nofollow noreferrer noopener\"></a>\n\n</span>\n</sup>\n</li>\n</ul>\n"},{"title":"Keep yourself physically healthy.","content":"\n Any physical ailment while you are hiding out can develop into a life-threatening illness because of the lack of medical care available. A small cut could get infected, or a cold could develop into a chest infection. For that reason, you should attend to any medical issues as soon as they arise.\n<ul><li>While you ration your food and water you’ll probably want to keep physical activity low, but you should also make sure not to become frail while in your bunker and try to get exercise in if your food stores will allow it.</li></ul>\n"},{"title":"Keep your mind active and stay mentally healthy.","content":"\n It will be very easy to be negative during such a catastrophe, so make sure that you keep an active mind. Solitary confinement has been proven to have negative physiological effects on people, so it's important that you use what you have around you to stay mentally acute. Reading books, talking to other people, and doing activities will ensure you aren't stagnating and keep your mind healthy.\n<ul><li>Isolation has multiple negative effects on your mental health, so having people with you is a good idea if you want to stay mentally healthy.<sup id=\"_ref-13\" class=\"reference\" aria-label=\"Link to Reference 13\"><a href=\"#_note-13\">[13]</a><span class=\"ts_popup \" hidden=\"\" id=\"ts_popup_13\" style=\"display: none;\">\n\t<span class=\"ts_close\">X</span>\n\t\t<span class=\"ts_name\">Research source</span>\n\t\t<span class=\"ts_description\"></span>\n\t\t\t\t<a href=\"#\" class=\"ts_source\" target=\"_blank\" rel=\"nofollow noreferrer noopener\"></a>\n\n</span>\n</sup>\n</li></ul>\n"}]},{"title":"Starting A New World","tasks":[{"title":"Make sure the environment is safe before going out into the world.","content":"\n Use a portable air monitor to test the air outside and make sure that the levels are normal before venturing there. You also need to make sure that any fires or flooding caused by the comet have subsided. Acid rain is also a potential result from massive fires putting pyrotoxins into the air, which would make going outside deadly.\n<ul><li>Have a reason to go outside, like being out of food or supplies, or hearing about other groups of people who survived and wanting to join them.</li></ul>\n"},{"title":"Scavenge for additional supplies and food.","content":"\n Whatever the comet did not destroy can be salvaged for use, like food, batteries, water, or anything else you’d find useful from abandoned stores and houses.\n<ul>\n<li>Make sure that you are not stealing from anyone and that the goods have been abandoned by their previous owners to avoid confrontations.</li>\n<li>There is a chance that the location you try to scavenge in has already been sorted through, depending on the length of time you’ve been hiding out.</li>\n</ul>\n"},{"title":"Prepare to defend yourself from desperate survivors.","content":"\n If you’ve managed to survive the comet impact, there’s a good likelihood that others have as well. Hunger breeds violence and people will want to your steal supplies in order to survive.\n<ul>\n<li>Always try to resolve things peacefully, not violently.</li>\n<li>There may be other groups willing to share resources as long as you share yours.</li>\n<li>Always approach people cautiously, but not in a hostile manner.</li>\n</ul>\n"},{"title":"Move to a fertile place near the equator and plant vegetable seeds.","content":"\n Non-perishable and canned food won’t sustain you forever, so you will have to get used to hunting and gathering your own food. Designate different people based on their strengths to search for food. Moving near the equator will be warmer and if the dirt is fertile, this will allow you to begin to grow food for consumption.\n<ul>\n<li>Having more people in your group will allow you to search for food more effectively.</li>\n<li>Moving near a large body of water will allow you to fish.</li>\n<li>Use survival guides to determine what foliage is good to eat and what is poisonous.</li>\n</ul>\n"},{"title":"Create a governance system for your new society.","content":"\n A popular vote is a direct democracy and would work so that everyone had a voice in matters that affect the group. While having a final decision maker or leader is conventionally how smaller groups tend to act, having everyone’s voice be heard will hopefully ensure less fighting in your group.\n<ul>\n<li>As your group gets larger, the governance system becomes more critical.</li>\n<li>Make sure to hold everyone to the same standards.</li>\n</ul>\n"}]}],"questions":[{"title":"What happens if you have to use the bathroom?","content":"Many shelters have bathrooms equipped with them that connect to a septic system. It's possible if you don't have a bunker that running water will stop working, so you can manually flush your toilet and fill it with buckets of water afterward."},{"title":"Will humans survive a comet impact?","content":"If a 60 kilometer comet did make impact with the earth, all life on earth would be extinguished. If the comet was smaller, there's a good chance many people and other living things could survive."},{"title":"What percentage of us would survive?","content":"It depends on how large the comet is and where it strikes, the percentage is impossible to calculate without knowing more about the strike."},{"title":"How do I survive in a house?","content":"Head into the lowest part of the house, and stay away from the windows."},{"title":"What happens if the comet hits my bunker?","content":"It depends on the size/speed of the comet and the construction of your bunker. It might be destroyed, it might not be. It's very unlikely this would happen, though."},{"title":"What is the size of comet? We can see one with the naked eye or do we need a telescope?","content":"Comets vary in sizes. They can be very large or very small. The larger ones are visible to the naked eye, but a telescope always helps."},{"title":"What if it is as big as Earth?","content":"Then there is no chance of survival, unless you are an astronaut. All life on Earth will be extinguished."},{"title":"What if (highly unlikely) the comet that hits has aliens on it?","content":"They will likely die on impact, but if they did survive, try to be friendly."},{"title":"What if I don't live in a place where guns are legal?","content":"Keep knives on hand, or any blunt objects you could as a weapon. An archery set might be useful as well."},{"title":"What if it hits while I'm at school?","content":"You will know beforehand and school will be closed that day. If a comet hits when school is open (highly unlikely), then follow the directions of the teacher."}]}