{"meta":{"description":"When you book your vacation this year, you may be tempted to travel during hurricane season. While planning a trip during this time seems dangerous, there are benefits like great weather and discounted accommodations.[1] A hurricane hitting your travel destination could result in a canceled flight, a closed hotel, or being stuck in dangerous conditions. Luckily, if you do your research and properly prepare, you can stay safe during hurricane season and avoid being trapped in the middle of a hurricane.","title":"Travel During Hurricane Season"},"todo_list":[{"title":"Doing Your Research","tasks":[{"title":"Research the weather in the country you're visiting.","content":"\n Look up the country that you're visiting on the web and see if there is a major storm on the horizon. Check the history of past hurricane seasons to make your decision on whether you'd want to go. Try to compromise and pick a location in the country that is not prone to devastation from typhoons or hurricanes.Try to get the latest information and watch as the storm develops.\n<ul>\n<li>The Caribbean islands like Jamaica, Cuba, and the Dominican Republic are in the hurricane belt while islands like Aruba, Bonaire, and Curacao have a lower frequency of hurricanes.<sup id=\"_ref-2\" class=\"reference\" aria-label=\"Link to Reference 2\"><a href=\"#_note-2\">[2]</a><span class=\"ts_popup \" hidden=\"\" id=\"ts_popup_2\" style=\"display: none;\">\n\t<span class=\"ts_close\">X</span>\n\t\t<span class=\"ts_name\">Research source</span>\n\t\t<span class=\"ts_description\"></span>\n\t\t\t\t<a href=\"#\" class=\"ts_source\" target=\"_blank\" rel=\"nofollow noreferrer noopener\"></a>\n\n</span>\n</sup>\n</li>\n<li>The Weather Channel's website provides commuter details for travelers during the hurricane season.<sup id=\"_ref-3\" class=\"reference\" aria-label=\"Link to Reference 3\"><a href=\"#_note-3\">[3]</a><span class=\"ts_popup \" hidden=\"\" id=\"ts_popup_3\" style=\"display: none;\">\n\t<span class=\"ts_close\">X</span>\n\t\t<span class=\"ts_name\">Research source</span>\n\t\t<span class=\"ts_description\"></span>\n\t\t\t\t<a href=\"#\" class=\"ts_source\" target=\"_blank\" rel=\"nofollow noreferrer noopener\"></a>\n\n</span>\n</sup>\n</li>\n</ul>\n\n"},{"title":"Read up on the cancellation policies for your lodging and activities.","content":"\n Look up the cancellation policies so that you don't lose deposits for things to do at your destination. Don't purchase tickets to things that don't have a refund policy in case of a hurricane or you may lose your money.\n<ul>\n<li>Places like Disney World allow travelers to cancel their hotel and activity reservations a week in advance with no added fees in the case of a hurricane.<sup id=\"_ref-4\" class=\"reference\" aria-label=\"Link to Reference 4\"><a href=\"#_note-4\">[4]</a><span class=\"ts_popup \" hidden=\"\" id=\"ts_popup_4\" style=\"display: none;\">\n\t<span class=\"ts_close\">X</span>\n\t\t<span class=\"ts_name\">Research source</span>\n\t\t<span class=\"ts_description\"></span>\n\t\t\t\t<a href=\"#\" class=\"ts_source\" target=\"_blank\" rel=\"nofollow noreferrer noopener\"></a>\n\n</span>\n</sup>\n</li>\n<li>Villas and hotels on the Cayman Islands offer a worry-free hurricane guarantee that will reimburse travelers in case of hurricane cancellations.<sup id=\"_ref-5\" class=\"reference\" aria-label=\"Link to Reference 5\"><a href=\"#_note-5\">[5]</a><span class=\"ts_popup \" hidden=\"\" id=\"ts_popup_5\" style=\"display: none;\">\n\t<span class=\"ts_close\">X</span>\n\t\t<span class=\"ts_name\">Research source</span>\n\t\t<span class=\"ts_description\"></span>\n\t\t\t\t<a href=\"#\" class=\"ts_source\" target=\"_blank\" rel=\"nofollow noreferrer noopener\"></a>\n\n</span>\n</sup>\n</li>\n</ul>\n"},{"title":"Read up on the storm seasons around the world.","content":"\n Understand hurricane season and when areas of the world are prone to hurricanes. When you plan for vacation, try to plan your trip towards the end of a hurricane season. The National Oceanic and Atmospheric Administration (NOAA) has updated and detailed reports on the current storm systems around the world.\n<ul>\n<li>In the Atlantic, storm season is June 1st to November 30th.</li>\n<li>In Eastern Pacific, storm season is May 15th through November 30th.</li>\n<li>In the Western Pacific, storm season is July 1st to November 30th.</li>\n<li>In the South Pacific, hurricane season is October 15 to May 15 and peaks in February or early March.</li>\n<li>In the Indian Ocean's hurricane season is April 1st to December 31th.<sup id=\"_ref-7\" class=\"reference\" aria-label=\"Link to Reference 7\"><a href=\"#_note-7\">[7]</a><span class=\"ts_popup \" hidden=\"\" id=\"ts_popup_7\" style=\"display: none;\">\n\t<span class=\"ts_close\">X</span>\n\t\t<span class=\"ts_name\">Research source</span>\n\t\t<span class=\"ts_description\"></span>\n\t\t\t\t<a href=\"#\" class=\"ts_source\" target=\"_blank\" rel=\"nofollow noreferrer noopener\"></a>\n\n</span>\n</sup>\n</li>\n</ul>\n"}]},{"title":"Preparing for an Emergency","tasks":[{"title":"Purchase travelers insurance.","content":"\n Buying travelers insurance when you're traveling to a hurricane-prone area usually cover fees associated with trip cancellation, medical fees, or the cost of emergency evacuation. For example, if the weather cancels your flight or causes your hotel to shut down, that you'll be reimbursed for the cost. Search online for good travel insurance companies before you book your flight.\n<ul>\n<li>Most insurance companies require you to get travelers insurance before a hurricane is named.</li>\n<li>Travel insurance will typically cost 4-8% of the total cost of your trip.<sup id=\"_ref-8\" class=\"reference\" aria-label=\"Link to Reference 8\"><a href=\"#_note-8\">[8]</a><span class=\"ts_popup \" hidden=\"\" id=\"ts_popup_8\" style=\"display: none;\">\n\t<span class=\"ts_close\">X</span>\n\t\t<span class=\"ts_name\">Research source</span>\n\t\t<span class=\"ts_description\"></span>\n\t\t\t\t<a href=\"#\" class=\"ts_source\" target=\"_blank\" rel=\"nofollow noreferrer noopener\"></a>\n\n</span>\n</sup>\n</li>\n</ul>\n"},{"title":"Enroll in the Smart Traveler Enrollment Program (STEP).","content":"\n STEP is a system run by the US government that allows you to get updated by an embassy with directions during a natural disaster. This is a great tool to have if you're traveling abroad to a hurricane prone area. Visit the U.S. Department of State's website and <a target=\"_blank\" rel=\"nofollow noreferrer noopener\" class=\"external text\" href=\"https://step.state.gov/step/\">register for the STEP program.</a>\n"},{"title":"Download a health and safety app.","content":"\n Some apps can help people during bad weather conditions by giving up to date notifications and directions in case of an emergency. Download a health and safety app onto your cell phone, so you can stay notified of important changes while you travel.\n<ul><li>Examples of weather apps include Red Cross Hurricane App and Hurricane Hound.<sup id=\"_ref-11\" class=\"reference\" aria-label=\"Link to Reference 11\"><a href=\"#_note-11\">[11]</a><span class=\"ts_popup \" hidden=\"\" id=\"ts_popup_11\" style=\"display: none;\">\n\t<span class=\"ts_close\">X</span>\n\t\t<span class=\"ts_name\">Research source</span>\n\t\t<span class=\"ts_description\"></span>\n\t\t\t\t<a href=\"#\" class=\"ts_source\" target=\"_blank\" rel=\"nofollow noreferrer noopener\"></a>\n\n</span>\n</sup>\n</li></ul>\n"},{"title":"Create a hurricane preparedness kit.","content":"\n If you can't avoid the hurricane and are caught in it, it's important that you are prepared and have clean water, food, and first aid supplies ready. If you get stuck in the middle of a hurricane, you may not be able to leave your lodging until it passes. Pack essential things like prescription medicine and clothing as well.\n<ul>\n<li>Other things that can go in your hurricane preparedness kit include wireless cell-phone chargers, a battery-powered radio, flashlight, and can opener.</li>\n<li>You should also bring things like filtration bottles, energy bars, and batteries.<sup id=\"_ref-12\" class=\"reference\" aria-label=\"Link to Reference 12\"><a href=\"#_note-12\">[12]</a><span class=\"ts_popup \" hidden=\"\" id=\"ts_popup_12\" style=\"display: none;\">\n\t<span class=\"ts_close\">X</span>\n\t\t<span class=\"ts_name\">Research source</span>\n\t\t<span class=\"ts_description\"></span>\n\t\t\t\t<a href=\"#\" class=\"ts_source\" target=\"_blank\" rel=\"nofollow noreferrer noopener\"></a>\n\n</span>\n</sup>\n</li>\n</ul>\n"},{"title":"Pay attention to weather disasters in your destination.","content":"\n Keep an eye out for potential storms or weather disasters that threaten to hit the location you're staying at. Be prepared to switch to an earlier flight to avoid the hazards of being in the middle of a hurricane. Watch local news stations and listen to the local radio to hear updates about any oncoming storms.\n<ul><li>Call the customer service department at your airline and see if your flight can be moved for an earlier time.<sup id=\"_ref-13\" class=\"reference\" aria-label=\"Link to Reference 13\"><a href=\"#_note-13\">[13]</a><span class=\"ts_popup \" hidden=\"\" id=\"ts_popup_13\" style=\"display: none;\">\n\t<span class=\"ts_close\">X</span>\n\t\t<span class=\"ts_name\">Research source</span>\n\t\t<span class=\"ts_description\"></span>\n\t\t\t\t<a href=\"#\" class=\"ts_source\" target=\"_blank\" rel=\"nofollow noreferrer noopener\"></a>\n\n</span>\n</sup>\n</li></ul>\n"},{"title":"Contact your airline to see the status of your flight.","content":"\n Communicate with the airport or monitor the status of your flight on their official website. Some airlines will even allow you to set up specialized notifications that can alert you if your flight's been canceled. If it's too dangerous to fly because of the weather, there's a likelihood that your flight could be canceled. \n"}]},{"title":"Acting During a Hurricane","tasks":[{"title":"Communicate with hotel staff.","content":"\n Get the emergency policies from the staff, so you know the correct procedures during a hurricane. Understanding the procedures in the case of an emergency can keep you safe, and the staff most likely already has a procedure to evacuate guests to safe areas.\n<ul>\n<li>Talk to the front desk before the hurricane hits so that you have an understanding for the safety and evacuation plan.</li>\n<li>If there is an evacuation plan to somewhere safe, follow hotel staff as soon as possible.</li>\n</ul>\n"},{"title":"Stick together and stay inside.","content":"\n Going outside during a hurricane poses a variety of threats to your life. Flying debris or lightning could potentially kill you. It's important that the group you're traveling with stay together inside so that if an evacuation takes place, you can stick together.\n<ul>\n<li>During the eye of the storm there will be a moment of calm before the hurricane picks up rapidly in the other direction. Stay inside until you're sure it's safe.<sup id=\"_ref-17\" class=\"reference\" aria-label=\"Link to Reference 17\"><a href=\"#_note-17\">[17]</a><span class=\"ts_popup \" hidden=\"\" id=\"ts_popup_17\" style=\"display: none;\">\n\t<span class=\"ts_close\">X</span>\n\t\t<span class=\"ts_name\">Research source</span>\n\t\t<span class=\"ts_description\"></span>\n\t\t\t\t<a href=\"#\" class=\"ts_source\" target=\"_blank\" rel=\"nofollow noreferrer noopener\"></a>\n\n</span>\n</sup>\n</li>\n<li>Communicate your safety knowledge with others in your group so they can remain safe as well.</li>\n</ul>\n"},{"title":"Put as many walls between you and the outside elements as possible.","content":"\n The elements from a hurricane can create flying debris that can penetrate the sides of a house or building. Stay in an interior room, closet, or hallway on the lowest floor of the building. The only time this wouldn't be the case is if the building you were staying in began to flood. In this case, you should seek refuge to a higher floor.\n<ul><li>Keep clear of glass windows, skylights, and glass doors. The debris that's moved around from the incredible winds of a hurricane can easily shatter glass windows.<sup id=\"_ref-19\" class=\"reference\" aria-label=\"Link to Reference 19\"><a href=\"#_note-19\">[19]</a><span class=\"ts_popup \" hidden=\"\" id=\"ts_popup_19\" style=\"display: none;\">\n\t<span class=\"ts_close\">X</span>\n\t\t<span class=\"ts_name\">Research source</span>\n\t\t<span class=\"ts_description\"></span>\n\t\t\t\t<a href=\"#\" class=\"ts_source\" target=\"_blank\" rel=\"nofollow noreferrer noopener\"></a>\n\n</span>\n</sup>\n</li></ul>\n"},{"title":"Do not use electrical equipment.","content":"\n Stay away from all plugged in electrical appliances during a hurricane. You can also be struck by lightning if you are in contact with things like plumbing, metal doors, window frames, or a corded phone. Stay away from any exposed wires and do not shower or bathe during the hurricane.\n<ul><li>Cordless phones are safe to use during a hurricane.</li></ul>\n"},{"title":"Tune into emergency alerts.","content":"\n The Emergency Alert System was created by the government to help people act in the case of a major emergency or environmental disaster like a hurricane. This requires satellite and cable providers to post alerts and evacuation instructions. Also, there is the Wireless Emergency Alerts that send the same notifications to your cell phone. Make sure to follow the emergency alert's instructions.\n<ul>\n<li>Use wireless laptops, phones, and radios to update you during a hurricane.</li>\n<li>The NOAA Weather Radio All Hazards is a network of radio stations that report on severe weather around the U.S.<sup id=\"_ref-20\" class=\"reference\" aria-label=\"Link to Reference 20\"><a href=\"#_note-20\">[20]</a><span class=\"ts_popup \" hidden=\"\" id=\"ts_popup_20\" style=\"display: none;\">\n\t<span class=\"ts_close\">X</span>\n\t\t<span class=\"ts_name\">Research source</span>\n\t\t<span class=\"ts_description\"></span>\n\t\t\t\t<a href=\"#\" class=\"ts_source\" target=\"_blank\" rel=\"nofollow noreferrer noopener\"></a>\n\n</span>\n</sup>\n</li>\n</ul>\n"}]}],"questions":[]}