{"meta":{"description":"Having a generator on hand can make life a whole lot easier in the event of a power outage caused by a natural disaster or system problem. For those who require electricity for medical reasons, it can be lifesaving. While a portable generator will not power your entire house, it can provide enough electricity to make life bearable, and even comfortable, until power is restored.","title":"Use a Generator"},"todo_list":[{"title":"Running a Generator","tasks":[{"title":"Read the manufacturer's instructions.","content":"\n If you have never used your generator before, or if you haven’t used it in a long time, it is critical to read all instructions and safety information provided with the generator. Before attempting to start the generator, take a few minutes to read over the information provided by the manufacturer so that you understand how to safely operate the machine.\n<ul><li>Consider storing safety information with the generator so that it is easy to find when you need it in a hurry.</li></ul>\n\n"},{"title":"Set the generator in a proper place.","content":"\n Generators can get hot and noisy, and produce dangerous fumes. Keep the generator outdoors, in a dry location, at least 3 feet away from anything else, and at least 20 feet away from any open doors and windows.\n"},{"title":"Check the fuel level.","content":"\n Your generator should have some sort of fuel gauge. Make sure that the generator's fuel tank is adequately filled before starting the machine. Add more of the appropriate fuel, if necessary.\n"},{"title":"Check the generator’s oil level.","content":"\n Generators need oil to lubricate their running parts. Following your generator’s manufacturer’s instructions, check the oil level of your generator before starting it up. Add more oil (using only the type specified by the manufacturer), if necessary.\n"},{"title":"Inspect the generator’s air filter.","content":"\n Your portable generator takes in air as part of the combustion process it runs to produce power. The filter traps dirt and debris, to ensure that the air the generator takes in is pure. You must inspect the filter before starting the generator. If it is dirty or clogged, clean or replace it according to the manufacturer’s instructions.\n"},{"title":"Flip the circuit breaker off.","content":"\n Your generator will have a switch that controls when it puts out power. Make sure that it is safely in the “OFF” position before starting the generator.\n"},{"title":"Turn on the fuel valve.","content":"\n This control determines when fuel flows to the generator’s engine. The generator needs the fuel in order to run and produce power, but you should not flip the fuel valve on until you are ready to start the generator.\n"},{"title":"Start the generator.","content":"\n Using your generator’s “START” switch or key, power the machine up. You should let the generator warm up and run for several minutes before switching the circuit breaker to the “ON” position (check your generator’s instructions to see exactly how long it should warm up).\n"},{"title":"Connect your devices.","content":"\n Many generators allow you to plug electronic devices directly into the generator. You may also use an approved extension cord. Choose one that is heavy-duty, outdoor-rated, and has a grounding pin.\n"},{"title":"Turn the generator off.","content":"\n When you no longer need the generator’s power, or when you need to refuel the generator, you should turn the machine off. First, flip the circuit breaker to the “OFF” position. Then, turn off the machine using the generator’s power switch or key. Finally, set the generator’s fuel valve to the “OFF” position.\n"},{"title":"Keep an adequate supply of fuel for your needs.","content":"\n The amount of fuel you can store may be limited by laws, regulations, safety considerations, and storage space. Try to keep enough around to power the generator for as long as you need it.\n<ul>\n<li>Check the manufacturer’s instructions for tips on how long your generator will run on each tank of fuel. This can give you a sense of how much fuel to keep on hand.</li>\n<li>Use only the type of fuel recommended by the generator’s manufacturer. Using an inappropriate fuel can be dangerous, and can void the generator’s warranty.</li>\n<li>Common fuels used for portable generators include gasoline and kerosene.<sup id=\"_ref-12\" class=\"reference trusted\" aria-label=\"Link to Reference 12\"><a href=\"#_note-12\">[12]</a><span class=\"ts_popup trustedsource\" hidden=\"\" id=\"ts_popup_12\" style=\"display: none;\">\n\t<span class=\"ts_close\">X</span>\n\t\t<a class=\"ts_trustworthy\" href=\"/wikiHow:Delivering-a-Trustworthy-Experience\">Trustworthy Source</a>\n\n\t\t<span class=\"ts_name\">US Occupational Safety and Health Administration</span>\n\t\t<span class=\"ts_description\">U.S. government agency responsible for setting and enforcing workplace safety standards</span>\n\n\t\t\t\t<a href=\"#\" class=\"ts_source\" target=\"_blank\" rel=\"nofollow noreferrer noopener\">Go to source</a>\n</span>\n</sup>\n</li>\n</ul>\n"},{"title":"Turn the generator off and let it cool before refueling it.","content":"\n While it can be inconvenient to turn off your source of power when you most need it, trying to refuel a hot generator can be dangerous. Turn the machine off and wait 15 minutes to refuel. You can minimize the inconvenience by scheduling a refuel of the generator at an off-peak time, such as when your family is asleep.\n"},{"title":"Inspect your generator regularly.","content":"\n It is important to keep your generator in good working order. Since it may sit unused for long periods of time, you should schedule regular inspections (at least once per year). Make sure that all the parts are clean and that there is fresh fuel in the tank.\n<ul>\n<li>Store the generator according to the manufacturer’s instructions.<sup id=\"_ref-16\" class=\"reference\" aria-label=\"Link to Reference 16\"><a href=\"#_note-16\">[16]</a><span class=\"ts_popup \" hidden=\"\" id=\"ts_popup_16\" style=\"display: none;\">\n\t<span class=\"ts_close\">X</span>\n\t\t<span class=\"ts_name\">Research source</span>\n\t\t<span class=\"ts_description\"></span>\n\t\t\t\t<a href=\"#\" class=\"ts_source\" target=\"_blank\" rel=\"nofollow noreferrer noopener\"></a>\n\n</span>\n</sup>\n</li>\n<li>Run the generator for a short time about once a month to make sure that everything is working properly, and that the machine’s parts stay lubricated.<sup id=\"_ref-17\" class=\"reference\" aria-label=\"Link to Reference 17\"><a href=\"#_note-17\">[17]</a><span class=\"ts_popup \" hidden=\"\" id=\"ts_popup_17\" style=\"display: none;\">\n\t<span class=\"ts_close\">X</span>\n\t\t<span class=\"ts_name\">Research source</span>\n\t\t<span class=\"ts_description\"></span>\n\t\t\t\t<a href=\"#\" class=\"ts_source\" target=\"_blank\" rel=\"nofollow noreferrer noopener\"></a>\n\n</span>\n</sup>\n</li>\n</ul>\n"}]},{"title":"Following Safety Recommendations","tasks":[{"title":"Buy the right generator.","content":"\n If you are shopping for a generator, get one that will supply the amount of power you will need. Labels and other information provided by the manufacturer should help you determine this. You can also ask an electrician for assistance. If you connect devices that use more power than the generator can produce, you run the risk of damaging either the generator or the devices.\n<ul>\n<li>If you have a relatively small furnace and city water, you can probably power most household appliances with between 3000 and 5000 watts. If your home has a larger furnace and/or a well pump, you can expect to probably need a generator that produces 5000 to 65000 watts.<sup id=\"_ref-20\" class=\"reference\" aria-label=\"Link to Reference 20\"><a href=\"#_note-20\">[20]</a><span class=\"ts_popup \" hidden=\"\" id=\"ts_popup_20\" style=\"display: none;\">\n\t<span class=\"ts_close\">X</span>\n\t\t<span class=\"ts_name\">Research source</span>\n\t\t<span class=\"ts_description\"></span>\n\t\t\t\t<a href=\"#\" class=\"ts_source\" target=\"_blank\" rel=\"nofollow noreferrer noopener\"></a>\n\n</span>\n</sup>\n</li>\n<li>Some manufacturers have a wattage calculator to help you determine your needs.<sup id=\"_ref-21\" class=\"reference\" aria-label=\"Link to Reference 21\"><a href=\"#_note-21\">[21]</a><span class=\"ts_popup \" hidden=\"\" id=\"ts_popup_21\" style=\"display: none;\">\n\t<span class=\"ts_close\">X</span>\n\t\t<span class=\"ts_name\">Research source</span>\n\t\t<span class=\"ts_description\"></span>\n\t\t\t\t<a href=\"#\" class=\"ts_source\" target=\"_blank\" rel=\"nofollow noreferrer noopener\"></a>\n\n</span>\n</sup>\n</li>\n<li>Generators approved by Underwriter’s Laboratories (UL) or Factory Mutual (FM) have undergone rigorous inspections and safety tests, and can be trusted.<sup id=\"_ref-22\" class=\"reference\" aria-label=\"Link to Reference 22\"><a href=\"#_note-22\">[22]</a><span class=\"ts_popup \" hidden=\"\" id=\"ts_popup_22\" style=\"display: none;\">\n\t<span class=\"ts_close\">X</span>\n\t\t<span class=\"ts_name\">Research source</span>\n\t\t<span class=\"ts_description\"></span>\n\t\t\t\t<a href=\"#\" class=\"ts_source\" target=\"_blank\" rel=\"nofollow noreferrer noopener\"></a>\n\n</span>\n</sup>\n</li>\n</ul>\n"},{"title":"Never use a portable generator indoors.","content":"\n Portable generators can produce deadly fumes and carbon monoxide. When these become trapped in enclosed or partially ventilated spaces, they can build up and cause illness and even death. Enclosed spaces can include not only rooms inside your house, but also a garage, basement, crawl space, etc. Carbon monoxide is odorless and colorless, so even if you don’t see or smell any fumes, you may be in danger if you use the portable generator indoors.\n<ul>\n<li>If you feel dizzy, sick, or weak when using a generator, get away immediately and seek fresh air.<sup id=\"_ref-24\" class=\"reference trusted\" aria-label=\"Link to Reference 24\"><a href=\"#_note-24\">[24]</a><span class=\"ts_popup trustedsource\" hidden=\"\" id=\"ts_popup_24\" style=\"display: none;\">\n\t<span class=\"ts_close\">X</span>\n\t\t<a class=\"ts_trustworthy\" href=\"/wikiHow:Delivering-a-Trustworthy-Experience\">Trustworthy Source</a>\n\n\t\t<span class=\"ts_name\">U.S. Department of Energy</span>\n\t\t<span class=\"ts_description\">Official site for the U.S. Department of Energy, which provides resources related to energy safety, conservation, and efficiency</span>\n\n\t\t\t\t<a href=\"#\" class=\"ts_source\" target=\"_blank\" rel=\"nofollow noreferrer noopener\">Go to source</a>\n</span>\n</sup>\n</li>\n<li>Keep your generator at least 20 feet away from any open windows or doors, as fumes can enter your home through these.<sup id=\"_ref-25\" class=\"reference\" aria-label=\"Link to Reference 25\"><a href=\"#_note-25\">[25]</a><span class=\"ts_popup \" hidden=\"\" id=\"ts_popup_25\" style=\"display: none;\">\n\t<span class=\"ts_close\">X</span>\n\t\t<span class=\"ts_name\">Research source</span>\n\t\t<span class=\"ts_description\"></span>\n\t\t\t\t<a href=\"#\" class=\"ts_source\" target=\"_blank\" rel=\"nofollow noreferrer noopener\"></a>\n\n</span>\n</sup>\n</li>\n<li>You can install portable, battery-operated carbon monoxide detectors in your home.<sup id=\"_ref-26\" class=\"reference\" aria-label=\"Link to Reference 26\"><a href=\"#_note-26\">[26]</a><span class=\"ts_popup \" hidden=\"\" id=\"ts_popup_26\" style=\"display: none;\">\n\t<span class=\"ts_close\">X</span>\n\t\t<span class=\"ts_name\">Research source</span>\n\t\t<span class=\"ts_description\"></span>\n\t\t\t\t<a href=\"#\" class=\"ts_source\" target=\"_blank\" rel=\"nofollow noreferrer noopener\"></a>\n\n</span>\n</sup> These work much like a smoke or fire alarm, and are a good idea to have at any time, but especially when you are using a generator. Inspect these regularly to make sure they are working and have fresh batteries.</li>\n</ul>\n"},{"title":"Never operate a generator in rainy or wet conditions.","content":"\n Generators produce electricity, and electricity and water make a potentially deadly combination. Set your generator on a dry, level surface. Keeping it under a canopy or other covered area can protect it from moisture, but the area must be open on all sides and well-ventilated.\n<ul><li>Never touch a generator with wet hands.</li></ul>\n"},{"title":"Never plug a portable generator directly into a wall outlet.","content":"\n This is an extremely dangerous process known as “backfeeding,\" since it runs power back into the grid. It can harm you, electrical workers trying to repair a system during an outage, and your home.\n<ul><li>If you want to have backup power connected directly to your home, you must have a licensed electrician install a power transfer switch and a stationary generator.</li></ul>\n"},{"title":"Store the generator’s fuel properly.","content":"\n Use only approved fuel containers, and store the fuel according to the manufacturer’s instructions. Usually, this means in a cool, dry place, away from your home, flammable material, and other fuel sources.\n"}]}],"questions":[{"title":"Where do I plug the generator into my house?","content":"You will need to have a proper inlet installed and use a transfer switch if you want to do it safely and up to code (to avoid killing yourself or someone else and/or burning your house down)."},{"title":"How do I use a generator correctly?","content":"When you no longer need the generator's power, or when you need to refuel the generator, you should turn the machine off. First, flip the circuit breaker to the “OFF” position. Then, turn off the machine using the generator's power switch or key. Finally, set the generator's fuel valve to the “OFF” position."},{"title":"Can I plug two appliances into one 120v portable generator outlet?","content":"Yes, you can. 120 volts is the operating voltage of the electricity; think of it as the \"size\" of the electricity tube, and the tubes need to match the size to work. Amperage/amps (draw) are what you need to watch for. If the amp draw exceeds what the generator can create, you'll likely trip the circuit on the generator or have other issues. Think of amps like the pressure in the tube. Like a garden hose, you can experience a trickle (low amps), or a full blast (higher amps)."}]}