{"meta":{"description":"To connect to a Wi-Fi network on your phone, you need to make sure the Wi-Fi radio is turned on, then select a network from the list. If you have an iPhone or a phone running KaiOS, this is done in the Wi-Fi section of the Settings menu. On an Android phone, this can be done from the quick options in the notification shade and from the Wi-Fi section of the Settings menu.","title":"Connect WiFi on a Cell Phone"},"todo_list":[{"title":"iPhone","tasks":[{"title":"Open Settings .","content":"\n It's the gray gear icon typically found on the home screen.\n\n"},{"title":"Tap Wi-Fi.","content":"\n It's near the top of the Settings menu.\n"},{"title":"Slide the Wi-Fi switch to the \"ON\" position .","content":"\n Your iPhone will scan for available networks.\n<ul>\n<li>If the switch next to <b>Wi-Fi</b> is already green, skip this step.</li>\n<li>You can swipe down on the screen to refresh the list of networks.</li>\n</ul>\n"},{"title":"Tap a network name.","content":"\n If the network has public access and is not password protected, your phone will connect to the network immediately. If a password is required, you'll be prompted to enter it.\n<ul><li>Password protected networks are indicated by a lock icon.</li></ul>\n"},{"title":"Enter a password if prompted.","content":"\n If you tapped a network that has a lock icon, type that network's password.\n"},{"title":"Tap Join.","content":"\n It's in the top-right corner. If the password is correct you will be connected to the network \n"}]},{"title":"Android (Quick Menu)","tasks":[{"title":"Swipe down from the top of the home screen.","content":"\n This pulls down the notification shade with a list of quick options.\n<ul><li>On some phone, you may need to tap the profile icon in the upper right to bring up the quick options.</li></ul>\n"},{"title":"Tap and hold the Wi-Fi option.","content":"\n This will bring up a list of available networks on many models.\n<ul><li>If Wi-Fi is not enabled, tap the option to enable it now.</li></ul>\n"},{"title":"Tap a network.","content":"\n If the network has public access and is not password protected, your phone will connect to the network. If a password is required, you'll be asked to enter it.\n<ul>\n<li>Password protected networks are indicated by a lock icon.</li>\n<li>Tap <b>Other Network</b> to manually enter a network name (SSID) if the network is hidden or you do not see it listed.</li>\n</ul>\n"},{"title":"Enter a password (if prompted).","content":"\n If you tapped a network that has a lock icon, type that network's password.\n"},{"title":"Tap Connect.","content":"\n It's usually at the bottom of the password entry box window. If the password is correct you will be connected to the network.\n<ul><li>If the password is incorrect you will receive an authentication error and will need to re-enter the password or try a different network.</li></ul>\n"}]},{"title":"Android (Settings)","tasks":[{"title":"Open your Android's Settings .","content":"\n It's the gear-shape icon in your app drawer. You can also get there on most models by swiping down from the top of the home screen and tapping the gear at the top-right corner.\n"},{"title":"Select Connections or Network & internet.","content":"\n The option you see varies by model. You'll know you're in the right place if you see a \"Wi-Fi\" option in the menu.\n"},{"title":"Tap Wi-Fi.","content":"\n If Wi-Fi is enabled, your Android will begin scanning for networks to join.\n<ul><li>If Wi-Fi is not enabled, tap the option to enable it now.</li></ul>\n"},{"title":"Tap a network.","content":"\n If the network is not password-protected, your phone will connect to it immediately. If a password is required, you'll have to enter it.\n<ul>\n<li>Password protected networks are indicated by a lock icon.</li>\n<li>Tap the menu in the upper right and tap <b>Add Network</b> to manually enter a network name (SSID) if the network is hidden or you do not see it listed.</li>\n</ul>\n"},{"title":"Enter a password if prompted.","content":"\n If you tapped a network that has a lock icon, type that network's password.\n"},{"title":"Tap Join.","content":"\n It's in the top-right corner. If the password is correct you will be connected to the network.\n"}]},{"title":"KaiOS","tasks":[{"title":"Open Settings and select Wi-Fi.","content":"\n\n"},{"title":"Tap to turn Wi-Fi on.","content":"\n Your phone will begin to scan for nearby Wi-Fi networks to join.\n"},{"title":"Tap a network name.","content":"\n If the Wi-Fi network is not password-protected, your phone will connect to it immediately. If a password is required, you'll have to enter it.\n"},{"title":"Enter the Wi-Fi network password if prompted.","content":"\n Once the password is accepted, you will be connected to the network. A wireless network symbol (which looks like a cone made of several curved lines <div class=\"mwimg  t techicon floatright \" style=\"max-width:88px\"><a href=\"#/Image:Macwifi.png\" class=\"image\"><img alt=\"Image titled Macwifi.png\" src=\"https://www.wikihow.com/images/b/b9/Macwifi.png\" decoding=\"async\" class=\"whcdn\" data-srclarge=\"/images/thumb/b/b9/Macwifi.png/41px-Macwifi.png\" data-width=\"460\" data-height=\"337\" id=\"2044adb26cbbe71c955af6a9d530aae3\"><div class=\"image_details\" style=\"display:none;\"><span style=\"display:none;\">{\"smallUrl\":\"https:\\/\\/www.wikihow.com\\/images\\/b\\/b9\\/Macwifi.png\",\"bigUrl\":\"\\/images\\/thumb\\/b\\/b9\\/Macwifi.png\\/41px-Macwifi.png\",\"smallWidth\":460,\"smallHeight\":337,\"bigWidth\":41,\"bigHeight\":30,\"licensing\":\"&lt;div class=\\\"mw-parser-output\\\"&gt;&lt;p&gt;I edited this screenshot of a Mac icon.\\n&lt;\\/p&gt;&lt;p&gt;License: &lt;a target=\\\"_blank\\\" rel=\\\"nofollow noreferrer noopener\\\" class=\\\"external text\\\" href=\\\"http:\\/\\/en.wikipedia.org\\/wiki\\/Fair_use\\\"&gt;Fair Use&lt;\\/a&gt;&lt;br&gt;\\n&lt;\\/p&gt;&lt;\\/div&gt;\"}</span></div></a></div>) will appear at the top of the screen as long as the connection is successful.\n<ul><li>To test your wireless connection, open your browser and try visiting a website.</li></ul>\n"}]}],"questions":[{"title":"When I try to connect my Android cell phone to my home WiFi and enter the password, a message comes up saying \"authentication error occurred\". I have been able to set up cell phones to this network before, but not this time. Any advice?","content":"Forget the network, restart the phone, and retry. That's the best and most simple thing to try. You can also unplug your router and modem for 30 seconds."},{"title":"What do I do if I forgot my WiFi password on my cell phone?","content":"You'll either have to ask someone else for it or change the password on the router."},{"title":"I turned on my WiFi but it is not showing any devices. What do I do?","content":"You can try the advanced Wi-Fi option on your Android phone. This will do just fine, that is if you're in a proximity of your router. Then, you can either enter a random PIN provided by your phone to connect your phone to your router, or you can select another option and activate a VPS on your router. Usually, it takes up to 2 minutes for your router to accept both of these new inputs and to establish a safe connection to your phone."}]}