{"meta":{"description":"This wikiHow teaches you how to send a message using WhatsApp on your iPhone, iPad, Android, KaiOS phone, or computer. You can also attach photos, videos, and other media on any platform. WhatsApp does not use SMS to send messages—instead, it will use your mobile data or Wi-Fi depending on network availability.","title":"Send Messages on WhatsApp"},"todo_list":[{"title":"iPhone/iPad","tasks":[{"title":"Open WhatsApp.","content":"\n It's the green-and-white chat bubble icon with a phone receiver inside. You'll usually find it on the home screen or by searching.\n\n"},{"title":"Set up WhatsApp for the first time (if you haven't already).","content":"\n If you're new to WhatsApp, follow the on-screen instructions to allow WhatsApp to access your contacts, agree to the terms and conditions of the application, and verify your phone number by voice or SMS message.\n"},{"title":"Tap the Chats tab.","content":"\n This is in the bottom row of options.\n"},{"title":"Tap the New Chat icon.","content":"\n It's the pen-and-paper icon at the top-right corner of the screen.\n"},{"title":"Select a contact.","content":"\n This creates a new message to the selected contact.\n<ul>\n<li>If the person you want to message isn't in your contact list, tap <b>New Contact</b> to add them now.</li>\n<li>To send a message to more than one person, tap <b>New Group</b> at the top of the Chats screen and enter your desired recipients.</li>\n</ul>\n"},{"title":"Type a message.","content":"\n Tap the typing area at the bottom of the message to bring up the keyboard, and then type what you want to say.\n<ul>\n<li>You can also tap the microphone icon to record an audio message. This option will only appear if you do not have text entered in the message field.</li>\n<li>To send a GIF, tap the sticker icon with a folded-up corner.</li>\n</ul>\n"},{"title":"Attach media to your message (optional).","content":"\n To attach a file, your location, another person's contact information, or something from your gallery, tap the  to the left of the typing area to bring up your options.\n<ul>\n<li>Tap <b>Camera</b> to capture a new photo or video.</li>\n<li>Tap <b>Photo &amp; Video Library</b> to attach a photo or video from your camera roll.</li>\n<li>Tap <b>Document</b> to attach other types of files, including PDFs.</li>\n<li>Tap <b>Location</b> to send your location to the recipient.</li>\n<li>Tap <b>Contact</b> to share the stored information of one of your contacts in the message.</li>\n</ul>\n"},{"title":"Tap the Send button.","content":"\n It's the blue-and-white paper airplane icon at the bottom-right corner. This sends  send the message to the selected recipient(s).\n"}]},{"title":"Android","tasks":[{"title":"Open WhatsApp.","content":"\n It's the green-and-white chat bubble icon with a phone receiver inside. You'll usually find it on the home screen, in the app drawer, or by searching.\n"},{"title":"Set up WhatsApp for the first time (if you haven't already).","content":"\n If you're new to WhatsApp, follow the on-screen instructions to agree to the terms, allow WhatsApp to access your contacts, and verify your phone number.\n"},{"title":"Tap the Chats tab.","content":"\n It's at the top of the screen.\n"},{"title":"Tap the New Chat icon.","content":"\n It's the icon of a speech bubble at the top-right corner of the screen.\n"},{"title":"Select a contact.","content":"\n This creates a new message to that contact.\n<ul>\n<li>If you need to add contacts manually, tap the <b>Contacts</b> tab, then tap the New Contact button (person icon) to bring up the form for entering contact information.</li>\n<li>To send the message to more than one person, select <b>New Group</b> on the Chats tab instead of selecting an individual contact.</li>\n</ul>\n"},{"title":"Type a message.","content":"\n Tap the typing area at the bottom of the conversation to open the keyboard, then type what you want.\n<ul>\n<li>You can also tap and hold microphone icon to record an audio message.<sup id=\"_ref-1\" class=\"reference\" aria-label=\"Link to Reference 1\"><a href=\"#_note-1\">[1]</a><span class=\"ts_popup \" hidden=\"\" id=\"ts_popup_1\" style=\"display: none;\">\n\t<span class=\"ts_close\">X</span>\n\t\t<span class=\"ts_name\">Research source</span>\n\t\t<span class=\"ts_description\"></span>\n\t\t\t\t<a href=\"#\" class=\"ts_source\" target=\"_blank\" rel=\"nofollow noreferrer noopener\"></a>\n\n</span>\n</sup> This option will only appear if you do not have text entered in the message field.</li>\n<li>Tap the smiley face icon to insert emoji into your message.</li>\n</ul>\n"},{"title":"Attach media to your message (optional).","content":"\n To attach a file, your location, another person's contact information, or something from your gallery, tap the paperclip icon near the top-right corner, and then make your selection.\n<ul>\n<li>\n<b>Document</b>: This option lets you attach a file from your phone, tablet, or linked cloud account.</li>\n<li>\n<b>Camera:</b> This will bring up the camera to take a picture/video to add to your message.\n<ul><li>You may be prompted to allow you WhatsApp to access your Android's camera before using this feature.</li></ul>\n</li>\n<li>\n<b>Gallery:</b> This lets you choose a photo or video from your photo gallery.</li>\n<li>\n<b>Audio:</b> This allows you to record or attach an audio message, similar to the microphone button.</li>\n<li>\n<b>Location:</b> This shares your current or entered location in the message.</li>\n<li>\n<b>Contact:</b> This shares the stored information of one of your contacts in the message.</li>\n</ul>\n"},{"title":"Tap the Send button.","content":"\n It's the blue-and-white paper airplane icon at the bottom-right corner.  This sends your message to the selected contact(s).\n"}]},{"title":"KaiOS","tasks":[{"title":"Open the WhatsApp app on your phone.","content":"\n It's the green-and-white chat bubble icon with a telephone receiver inside.\n"},{"title":"Navigate to a contact and press the center button.","content":"\n This opens a conversation with that contact.\n"},{"title":"Include an attachment (optional).","content":"\n Before typing your message, you can select the  option to view a list of attachment options, including:\n<ul>\n<li>\n<b>Send picture:</b> This lets you take a photo with your camera or attach an existing photo from your gallery.<sup id=\"_ref-3\" class=\"reference\" aria-label=\"Link to Reference 3\"><a href=\"#_note-3\">[3]</a><span class=\"ts_popup \" hidden=\"\" id=\"ts_popup_3\" style=\"display: none;\">\n\t<span class=\"ts_close\">X</span>\n\t\t<span class=\"ts_name\">Research source</span>\n\t\t<span class=\"ts_description\"></span>\n\t\t\t\t<a href=\"#\" class=\"ts_source\" target=\"_blank\" rel=\"nofollow noreferrer noopener\"></a>\n\n</span>\n</sup>\n</li>\n<li>\n<b>Send video:</b> This works the same as the camera feature, but with video.</li>\n<li>\n<b>Send audio:</b> This lets you send an audio file that's already saved to your phone.</li>\n<li>\n<b>Send contacts:</b> This allows you to attach contact information from your phone.</li>\n<li>\n<b>Send location:</b> Inserts your location information into the message.</li>\n</ul>\n"},{"title":"Type your message.","content":"\n Enter the text you want to send.\n"},{"title":"Press the center key to send your message.","content":"\n Your message will be delivered to the recipient and appear in the conversation. \n"}]},{"title":"Computer","tasks":[{"title":"Open WhatsApp on your PC or Mac.","content":"\n If you haven't already done so, you can install the app from <a target=\"_blank\" rel=\"nofollow noreferrer noopener\" class=\"external free\" href=\"https://www.whatsapp.com/download\">https://www.whatsapp.com/download</a>. For more information on installing WhatsApp, see <a href=\"/Use-WhatsApp-on-a-Computer\" title=\"Use WhatsApp on a Computer\">How to Use WhatsApp on a Computer</a>.\n"},{"title":"Click the plus + to create a new message.","content":"\n It's near the top-left corner of the app.\n"},{"title":"Select a contact.","content":"\n This creates a new message to that contact.\n<ul><li>If you'd rather send a group message, click <b>New Group</b> at the top instead, and then enter your recipients.</li></ul>\n"},{"title":"Type a message.","content":"\n Click the  blank at the bottom of the app, and then type your message.\n<ul>\n<li>You can click the microphone to record an audio message. This option will only appear at the bottom-right corner if you haven't entered text.</li>\n<li>Click the smiley face icon to the left of the typing area if you want to insert an emoji.</li>\n</ul>\n"},{"title":"Attach media to the message (optional).","content":"\n Click the paperclip icon at the top-right corner of the message to open a list of media options.\n<ul>\n<li>Click the purple photo icon to attach up to 30 photos and/or videos to your message.<sup id=\"_ref-4\" class=\"reference\" aria-label=\"Link to Reference 4\"><a href=\"#_note-4\">[4]</a><span class=\"ts_popup \" hidden=\"\" id=\"ts_popup_4\" style=\"display: none;\">\n\t<span class=\"ts_close\">X</span>\n\t\t<span class=\"ts_name\">Research source</span>\n\t\t<span class=\"ts_description\"></span>\n\t\t\t\t<a href=\"#\" class=\"ts_source\" target=\"_blank\" rel=\"nofollow noreferrer noopener\"></a>\n\n</span>\n</sup>\n</li>\n<li>Click the rainbow camera icon to snap a new photo.</li>\n<li>Click the purple document icon to attach a file from your computer.</li>\n<li>Click the blue person icon to attach one of your contact's info to the message.</li>\n</ul>\n"},{"title":"Click the Send button.","content":"\n It's the outline of a paper airplane at the bottom-right corner of the window. Your message will appear in the conversation and be delivered to the selected recipient(s).\n"}]}],"questions":[]}