{"meta":{"description":"Advent is a really special time in the western-Christian tradition. It’s celebrated during the four weeks preceding Christmas, and it’s a time in which Christians reflect on the coming of Christ and on the remembrance of his birth. There are a lot of ways in which you can celebrate this holiday season: read a special Advent devotional, listen to Advent hymns, light candles on an Advent wreath, and spend time serving others. However you choose to observe this season, take time to prepare internally for the true meaning of Christmas.","title":"Celebrate Advent"},"todo_list":[{"title":"Reflecting on the Meaning of Advent","tasks":[{"title":"Read an Advent book with your family to focus on the season together.","content":"\n Many churches offer special devotional books during the Advent season to help its congregants focus on the season before Christmas. Pick one up from church or visit your local Christian bookstore and plan to read through the daily or weekly lessons with your family.\n<ul><li>Find a special time of the day that you can always gather together to read the devotional. You could try after dinner, before bed, or even at breakfast in the morning before everyone heads off to work or school.</li></ul>\n\n"},{"title":"Complete daily scripture readings to study the Bible.","content":"\n As well as providing a devotional, many churches also offer day-by-day scripture readings to bring you through the weeks of Advent with a more focused mind. Set aside 10 to 15 minutes each day to read these scriptures and reflect on them.\n<ul><li>You can also find Advent lessons online. Just search for “Advent scripture readings.”</li></ul>\n"},{"title":"Pray","content":"\n<a href=\"/Pray\" title=\"Pray\"><b class=\"whb\">Pray</b></a> If you can, coordinate your scripture readings with your prayer time. Take this time to think on what Christ’s birth means for you and how your life has meaning because of Him.\n<ul><li>Anytime you can fit in prayer is great! If you can’t do it when you read the scriptures or the devotional, just try to fit it in at some other time. Before you go to bed or when you first wake up in the morning is a great time to get into the habit of daily prayer.</li></ul>\n"},{"title":"Attend regular Advent services at your church.","content":"\n Many churches will offer special Sunday services during the four Sundays leading up to Christmas. They may also offer weeknight services for additional reflection. Check out what is available in your area and pick a few services to attend this Advent season.\n<ul><li>This can be a great way to focus your mind in the midst of the busy holiday season.</li></ul>\n"}]},{"title":"Using Symbols and Activities","tasks":[{"title":"Listen to Advent hymns to focus on the reason for the season.","content":"\n Make a special Advent playlist that you can listen to in the car or when you’re at home. You could even play this music while you’re eating meals with your family or while you’re exercising.\n<ul>\n<li>Some music services have Advent-specific stations that you can tune into.</li>\n<li>O Come O Come Emmanuel, O Come Divine Messiah, Come Thou Long Expected Jesus, Come Thou Fount, Hark! A Thrilling Voice is Sounding, and Gabriel’s Message are some great Advent hymns to add to your playlist.</li>\n</ul>\n"},{"title":"Put up a nativity scene with your family to focus on Christ’s birth.","content":"\n A nativity scene usually includes a stable or barn, a manger, Mary, Joseph, the three wise men, sheep, angels, and the infant Jesus. Set the nativity scene up all at once, or do it piece by piece, adding one new character each day until finally adding infant Jesus at the end of Advent.\n<ul><li>This can be a great way to teach young children about Advent and about Jesus’ birth story.</li></ul>\n"},{"title":"Light Advent candles to mark the passing of time until Christmas.","content":"\n Use five candles in total, three of which should be purple. One candle should be pink, which signifies joy. The final candle should be white. It’s customary to place the candles in an evergreen wreath. Each Sunday of Advent, light the following candles:\n<ul>\n<li>The first Sunday, light one purple candle, to symbolize hope.</li>\n<li>The second Sunday, light the first purple candle and an additional purple candle. This second purple candle reflects the faith of the season.</li>\n<li>The third Sunday, light the first two purple candles and the pink candle, which signifies joy.</li>\n<li>The fourth Sunday, light the first two purple candles, the pink candle, and the remaining purple candle, which signifies the last week before Christmas, which is marked by prayer and expectation.</li>\n<li>On Christmas Eve, light all the candles, including the white one. This is the “Christ candle,” and its color reflects the purity of Jesus Christ.</li>\n</ul>\n"},{"title":"Use an advent calendar to count down the days to Christmas.","content":"\n Advent calendars are great ways to get everyone involved in the season. There are plenty of different options you can buy (some of which come with a daily devotional, or even candy), but you could also create your own Advent calendar if you’d like to be a little more hands-on with the activity.\n<ul><li>With an Advent calendar, you usually get to lift a small flap or door every day, which then reveals a message, picture, or small gift.</li></ul>\n"},{"title":"Decorate a Jesse tree to reflect on the genealogy of Jesus.","content":"\n Use a small, artificial tree, get a live one, or you could even draw a tree on a piece of poster board. Make ornaments based off of 24 different scripture passages (1 ornament for each day of Advent). Focus on passages that surround Jesus’ birth. Decorate each ornament to reflect the meaning of that day’s scripture reading. Add one ornament to the Jesse tree every day until Christmas.\n<ul>\n<li>Search online for “Jesse tree scriptures” to find some pre-planned readings, or make up your own plan.</li>\n<li>You could make 1 ornament per day if you have the time, or make them all at once. If you make them all at once, just take a few minutes to reread the corresponding scripture each day when you hang the next ornament.</li>\n<li>To make the ornaments, you can get as creative as you’d like! Use paper, repurposed ornaments, felt, scraps of fabric, clay, or even different found objects that you feel you could mold to represent the scriptures.</li>\n</ul>\n"}]},{"title":"Focusing on Others","tasks":[{"title":"Reach out to neighbors and friends who might be lonely.","content":"\n The holidays can be a really hard time for people, for many different reasons. If you know of someone in your neighborhood or community who might be struggling, take some time to connect with them. Ask them out for coffee, have them over for a meal, or include them in some of your Advent plans.\n<ul><li>This is a great way to express Christ’s love for others. Be sensitive to those around you, and try to have a servant’s heart.</li></ul>\n"},{"title":"Pack up toys and clothes to donate in the weeks before Christmas.","content":"\n In a season that is often marked by consumerism and gifts, go against the flow by giving of yourself and your belongings to other people who are in need. Get a cardboard box and fill it with clothes, toys, and household goods that are still in good shape but that you don’t use anymore. Drop them off at a local charity in the weeks preceding Christmas.\n<ul><li>If you’re going to donate clothes, make sure they’re clean and in good shape.</li></ul>\n"},{"title":"Sign up for a volunteer activity during the Advent season.","content":"\n Another great way to serve others and give back to your community is to find a way to volunteer your time and services. You could work at a food bank, help run a toy drive, collect coats, gloves, and scarves for people in need, participate in Christmas-specific charities, or do anything else that you feel passionate about.\n<ul><li>You may even discover that you want to keep volunteering, even after the Advent season is over.</li></ul>\n"},{"title":"Adopt a family and give gifts to families in need for Christmas.","content":"\n If you’re interested in focusing on serving others, consider skipping buying gifts for yourself and your own family this year, and instead get everyone involved in adopting a family for the Christmas season. Check with your local charities to find a program. Most of the time, you’ll be given a list of needed items and can shop for and wrap the items yourself, which will then be delivered to the family in time for Christmas.\n<ul><li>This is a cool way to focus on what you’ve been given and to then give back to others.</li></ul>\n"}]}],"questions":[{"title":"How can I celebrate advent?","content":"Many Christians celebrate advent with a five week focus on Christ and the five aspects of him: Love, Joy, Peace, Hope, and Jesus. Many light a candle weekly with one candle per each word."},{"title":"How do I write a report on the topic of the true meaning of Christmas?","content":"Talk about what you believe about Christmas, and possibly start from when Mary met the angel."}]}