{"meta":{"description":"St. Lucia Day is celebrated on December 13th around the world, but it is especially popular in Sweden. The holiday is the feast day of the Catholic St. Lucia, but it originated as a pagan holiday celebrating the winter solstice. Learn to celebrate like the Swedish do by holding a St. Lucia procession, throwing a party, or celebrating St. Lucia Day at home in the traditional Swedish way.","title":"Celebrate St. Lucia Day"},"todo_list":[{"title":"Planning a St. Lucia Procession","tasks":[{"title":"Find your participants.","content":"\n St. Lucia Day processions are traditionally done by children and teenagers. There isn’t a required number of participants, but you need at least one older girl to portray St. Lucia. Other girls will be her Maidens, and boys participate as Star Boys. Very young children often participate as elves, gingerbread people, or other mythological creatures.\n<ul>\n<li>If you don't live in Sweden, contact your local Swedish cultural association to ask for volunteers.</li>\n<li>Ask your family and friends!</li>\n<li>You can also try posting a request for volunteers on your local neighborhood message boards.</li>\n</ul>\n\n"},{"title":"Schedule the procession.","content":"\n The procession should take place on the evening of December 13th, when it's dark enough for the candles to give off lots of light. You can hold the procession indoors or outdoors--some suitable places include parks, churches, Swedish cultural associations, or even your own neighborhood streets.\n"},{"title":"Buy or make the dresses for Lucia and the Maidens.","content":"\n St. Lucia and her Maidens wear long-sleeved white dresses with a red sash and red stockings. You can buy all of these at most big clothing stores, but you can also sew them yourself.\n"},{"title":"Buy or make the wreath.","content":"\n St. Lucia also wears an evergreen wreath (often called a crown) with seven candles on her head. Premade St. Lucia wreaths are available, but you can also make one yourself.\n"},{"title":"Find costumes for the boys.","content":"\n Star Boys wear white robes with a white cone-shaped hat with stars on it--very similar to a wizard’s hat. You can easily make the hats out of white posterboard and star cutouts.\n"},{"title":"Buy white candles.","content":"\n You will need one candle for each participant, as well as seven candles for St. Lucia’s wreath. Electric candles are recommended for safety.\n"},{"title":"Print out song lyrics and music.","content":"\n Make sure you have printouts of the traditional St. Lucia Day song. This is especially important if you plan to sing it in Swedish but have participants who don’t speak the language.\n"},{"title":"Turn off the lights and light the candles.","content":"\n Make sure all the lights in the room or outside are off. Everybody should have their candle on before the procession begins!\n"},{"title":"Walk in the procession.","content":"\n In the actual procession, St. Lucia walks ahead, with the Maidens immediately behind her. The Star Boys and other participants walk behind the Maidens. Traditionally, the procession would go along the entire main street of the town, but nowadays it is much shorter. The procession can be as short as a walk up the main aisle of the church.\n"},{"title":"Sing the Lucia song.","content":"\n After the walk is completed, St. Lucia stands in the center, with the Maidens in a semicircle behind her and the other participants along the sides and back of the semicircle. St. Lucia leads the whole group in singing the St. Lucia Day song, either in Swedish or in translation. You can listen to the Lucia song in Swedish <a target=\"_blank\" rel=\"nofollow noreferrer noopener\" class=\"external text\" href=\"http://www.youtube.com/watch?v=Mk0FyZqNp5Q\">here</a>.\n"}]},{"title":"Throwing a Party","tasks":[{"title":"Choose a time and location.","content":"\n The best time to throw a St. Lucia Day party is immediately after a procession, but if there is no procession in your area, just schedule it for the evening of December 13th. You can host a party in your home, a restaurant, a church, or your local Swedish cultural association--it’s up to you and your budget!\n"},{"title":"Invite your guests.","content":"\n If you are outside Sweden, it would be appropriate to invite members of the local Swedish community, especially if they are participating in a local procession. Otherwise, you can simply invite your own family and friends. Since St. Lucia Day is so close to Christmas, it would be a good idea to send out invitations several weeks in advance to be sure people can come.\n"},{"title":"Decorate for the holiday.","content":"\n St. Lucia’s colors are red and white, but you could also decorate with the Swedish flag. You can use crepe paper, bunting, and tablecloths in red and white. Most Christmas decorations would also be appropriate for St. Lucia Day, especially decorations with evergreens or candles.\n"},{"title":"Serve traditional Swedish foods.","content":"\n On St. Lucia Day, it’s traditional to serve a St. Lucia Crown Cake--usually a round coffee cake with seven candles placed in a circle on it. Adults traditionally drink glögg, a type of mulled wine, and you can serve coffee or lingonberry juice for non-drinkers. You can also serve traditional Swedish foods like meatballs, gingerbread cookies, and buns.\n"},{"title":"Arrange traditional entertainment.","content":"\n If there is a St. Lucia procession in your area, it is traditional for participants to sing St. Lucia Day songs at parties afterwards. If not, you can play recordings of St. Lucia Day songs and other traditional Swedish music.\n"}]},{"title":"Celebrating at Home","tasks":[{"title":"Buy the traditional dress or robe.","content":"\n It’s traditional in Swedish families for the oldest girl to dress as St. Lucia and wake her family at dawn on St. Lucia Day. She wears the same dress and wreath as the girl playing St. Lucia in the procession.\n<ul>\n<li>If you don’t already have the clothes, make sure you get these items ahead of St. Lucia Day--you’ll need them at dawn.</li>\n<li>If there are no daughters in your family, there’s no reason why another family member can’t stand in as St. Lucia!<sup id=\"_ref-10\" class=\"reference\" aria-label=\"Link to Reference 10\"><a href=\"#_note-10\">[10]</a><span class=\"ts_popup \" hidden=\"\" id=\"ts_popup_10\" style=\"display: none;\">\n\t<span class=\"ts_close\">X</span>\n\t\t<span class=\"ts_name\">Research source</span>\n\t\t<span class=\"ts_description\"></span>\n\t\t\t\t<a href=\"#\" class=\"ts_source\" target=\"_blank\" rel=\"nofollow noreferrer noopener\"></a>\n\n</span>\n</sup>\n</li>\n</ul>\n"},{"title":"Prepare the morning snacks in advance.","content":"\n Swedish families traditionally eat lussekatter on the morning of St. Lucia Day. Lussekatter are cat-shaped saffron buns, but any bun or roll is also suitable. They are eaten with glögg or coffee. Make sure you have the food and drink ready to go before you go to bed!\n"},{"title":"Wake up your family at dawn.","content":"\n The person playing St. Lucia should wake up the rest of the household at dawn to wish them a happy St. Lucia Day and to serve the traditional morning snack. Dawn represents the arrival of light in the winter darkness, so it’s important to get up early on St. Lucia Day.\n"},{"title":"Watch special holiday programs.","content":"\n In Sweden, television stations show big St. Lucia processions and concerts on the morning of St. Lucia Day. If you aren’t in Sweden, you can look up videos online to recreate the experience in your own home.\n"}]}],"questions":[{"title":"What culture or country celebrates St. Lucia Day?","content":"St. Lucia Day is celebrated in Scandinavia (Norway, Sweden, Denmark, etc.), some parts of Italy, Bosnia, Croatia, and St. Lucia (the Caribbean island)"},{"title":"How is St. Lucia day celebrated in Sweden?","content":"Children do a parade with candles on their heads (only girls) and bring their parents breakfast in bed."},{"title":"How many candles do women wear?","content":"The lead girl wears a crown with seven white candles. Everyone else carries one white candle."},{"title":"How early should the Saint Lucia wake up?","content":"Early enough for everyone else to still be in bed, so usually around dawn!"},{"title":"What are best hostess gifts?","content":"Simple things, such as food or flowers or just a simple card would be best. Do not overdo the presents, they should always be kept simple."},{"title":"Why are the drawings for St. Lucia day of white people when the natives of the island are black?","content":"Anyone who shares the faith can celebrate the holiday, so why limit it to a certain race? it isn't only exclusive to black people, so why must the pictures be? It is good to have a mix of all the different people who share in the celebration of St. Lucia."}]}