{"meta":{"description":"Change is hard for many people to accept. However, it's worth keeping in mind that part of growing as a person requires you to accept that life is constantly changing. We might lose our jobs, lose loved ones, have to relocate unexpectedly, or have other life changing things happen to us, but these changes are just part of life. We might not like how society is changing or how our community is changing, but we need to be able to cope with these changes in a positive way. Luckily, there are many ways to view change, to adjust, and to ultimately accept it.","title":"Accept Change"},"todo_list":[{"title":"Dealing with Change Intellectually","tasks":[{"title":"Embrace your feelings about change.","content":"\n Whatever type of change is unsettling you, embrace that feeling. There’s no way you’ll get past it, if you ignore it and don’t work through it. If you embrace your feelings, it will be a lot easier to grow and move on.\n<ul>\n<li>Express your feelings to others, but do so in a polite way.</li>\n<li>If a loved one has passed away, let yourself grieve.</li>\n<li>If you’ve lost your job, let yourself feel mad and/or disappointed.</li>\n<li>If your community is changing for the bad, articulate that to friends.<sup id=\"_ref-1\" class=\"reference\" aria-label=\"Link to Reference 1\"><a href=\"#_note-1\">[1]</a><span class=\"ts_popup \" hidden=\"\" id=\"ts_popup_1\" style=\"display: none;\">\n\t<span class=\"ts_close\">X</span>\n\t\t<span class=\"ts_name\">Research source</span>\n\t\t<span class=\"ts_description\"></span>\n\t\t\t\t<a href=\"#\" class=\"ts_source\" target=\"_blank\" rel=\"nofollow noreferrer noopener\"></a>\n\n</span>\n</sup>\n</li>\n</ul>\n\n"},{"title":"Understand that change is an inevitable part of life.","content":"\n Before the time comes for you to accept change, learn that it is necessary for old things to go and new things to come. The entire history of the world and the history of humanity can be defined by continual change, evolution and development. Change is part of life and existence, and change often brings new opportunities--sometimes good ones! \n"},{"title":"Try to put change in perspective.","content":"\n It is easy to get overwhelmed by change and let it take control of your emotions, but you can get into a more positive mindset if you take some time to put things into perspective for yourself. For example, you can use these techniques:\n<ul>\n<li>Reframe the situation. Ask yourself some questions about the change. For example, you can ask yourself “Why am I upset or worried about this change?” Then, “What is it that I believe will happen as a result of this change?” And then, “Are these thoughts and beliefs accurate and realistic?” Going through these questions can help you to determine if the change is really worth worrying about.<sup id=\"_ref-3\" class=\"reference\" aria-label=\"Link to Reference 3\"><a href=\"#_note-3\">[3]</a><span class=\"ts_popup \" hidden=\"\" id=\"ts_popup_3\" style=\"display: none;\">\n\t<span class=\"ts_close\">X</span>\n\t\t<span class=\"ts_name\">Research source</span>\n\t\t<span class=\"ts_description\"></span>\n\t\t\t\t<a href=\"#\" class=\"ts_source\" target=\"_blank\" rel=\"nofollow noreferrer noopener\"></a>\n\n</span>\n</sup>\n</li>\n<li>\n<a href=\"/Start-a-Gratitude-Journal\" title=\"Start a Gratitude Journal\">List the things that you are grateful for in life</a>. Among its many other benefits, practicing gratitude can help you to feel happier, sleep better, and possibly even overcome trauma. Practicing active gratitude is a great technique to use if you are dealing with a major life change.<sup id=\"_ref-4\" class=\"reference\" aria-label=\"Link to Reference 4\"><a href=\"#_note-4\">[4]</a><span class=\"ts_popup \" hidden=\"\" id=\"ts_popup_4\" style=\"display: none;\">\n\t<span class=\"ts_close\">X</span>\n\t\t<span class=\"ts_name\">Research source</span>\n\t\t<span class=\"ts_description\"></span>\n\t\t\t\t<a href=\"#\" class=\"ts_source\" target=\"_blank\" rel=\"nofollow noreferrer noopener\"></a>\n\n</span>\n</sup><ul><li>Every day, try to write down 10 things for which you are grateful. Add to the list every day. You can start by listing basic things like a place to sleep, food to eat, a warm shower, friends, family, etc. Then, as your list continues, try to notice smaller things, such as a beautiful sunset, a good cup of coffee, or chatting on the phone with a friend.</li></ul>\n</li>\n</ul>\n"},{"title":"Look on the bright side","content":"\n<a href=\"/Be-Positive\" title=\"Be Positive\"><b class=\"whb\">Look on the bright side</b></a> Even though change can have a negative effect on your life, in most circumstances, there is always something positive to look at. Use this as an opportunity to turn a loss or negative change into an opportunity or a way to rediscover your zest for life.\n<ul>\n<li>If you have a death in the family, think about all of the family members you have left. Let the experience be one that binds you together tighter as a family unit.</li>\n<li>If you have lost your job, look at it as an opportunity to find a new job, a new career, or a new way of supporting yourself that brings you more fulfillment.</li>\n<li>If you are separating from your significant other, consider that there are reasons for that, and that both of you might be happier in the long run, and might be able to find more fulfilling relationships.<sup id=\"_ref-5\" class=\"reference\" aria-label=\"Link to Reference 5\"><a href=\"#_note-5\">[5]</a><span class=\"ts_popup \" hidden=\"\" id=\"ts_popup_5\" style=\"display: none;\">\n\t<span class=\"ts_close\">X</span>\n\t\t<span class=\"ts_name\">Research source</span>\n\t\t<span class=\"ts_description\"></span>\n\t\t\t\t<a href=\"#\" class=\"ts_source\" target=\"_blank\" rel=\"nofollow noreferrer noopener\"></a>\n\n</span>\n</sup>\n</li>\n</ul>\n"},{"title":"Try to understand why the change unsettles you so much.","content":"\n It’s hard to come to grips with change and accept it, if you’re unclear about why it makes you so uncomfortable or unsettled. Thinking about it and looking inward, might just help you better understand yourself. This, as a result, might help alleviate some of your anxiety about change. Consider the following:\n<ul>\n<li>Does the death of a loved one make you face your own mortality?</li>\n<li>Does social change give you a feeling of uncertainty and make you feel like everything you know about the world is falling apart?</li>\n<li>Does breaking up with a significant other make you feel as if you're too emotionally fragile and lacking a support system?<sup id=\"_ref-6\" class=\"reference\" aria-label=\"Link to Reference 6\"><a href=\"#_note-6\">[6]</a><span class=\"ts_popup \" hidden=\"\" id=\"ts_popup_6\" style=\"display: none;\">\n\t<span class=\"ts_close\">X</span>\n\t\t<span class=\"ts_name\">Research source</span>\n\t\t<span class=\"ts_description\"></span>\n\t\t\t\t<a href=\"#\" class=\"ts_source\" target=\"_blank\" rel=\"nofollow noreferrer noopener\"></a>\n\n</span>\n</sup><sup id=\"_ref-7\" class=\"reference\" aria-label=\"Link to Reference 7\"><a href=\"#_note-7\">[7]</a><span class=\"ts_popup \" hidden=\"\" id=\"ts_popup_7\" style=\"display: none;\">\n\t<span class=\"ts_close\">X</span>\n\t\t<span class=\"ts_name\">Research source</span>\n\t\t<span class=\"ts_description\"></span>\n\t\t\t\t<a href=\"#\" class=\"ts_source\" target=\"_blank\" rel=\"nofollow noreferrer noopener\"></a>\n\n</span>\n</sup>\n</li>\n</ul>\n"},{"title":"Embrace your dynamic nature and ability to adapt.","content":"\n Try to view change as a challenge and a chance to grow. Remind yourself that you are a strong and dynamic person and that you will be stronger as a result of this change. Also, keep in mind that change can be a powerful motivator to help you achieve your goals.\n<ul><li>Try to use change as a motivation, if possible. For example, if you lose your job, then you might use this change as motivation to go back to school or to pursue a career that you have always dreamed about.</li></ul>\n"}]},{"title":"Taking Action","tasks":[{"title":"Manage your stress or uneasiness with change by engaging in stress-reducing activities.","content":"\n There are a number of tactics that will help you manage your stress and uneasiness with the changes that are taking place around you. Part of the trick is simply accepting this change, but trying to come to grips with it and find inner peace and self-fulfillment.\n<ul>\n<li>\n<a href=\"/Do-Yoga\" title=\"Do Yoga\">Practice yoga</a>.</li>\n<li>\n<a href=\"/Meditate\" title=\"Meditate\">Meditate</a>.</li>\n<li>\n<a href=\"/Exercise\" title=\"Exercise\">Exercise</a>.</li>\n</ul>\n"},{"title":"Stay busy","content":"\n<a href=\"/Be-Busy\" title=\"Be Busy\"><b class=\"whb\">Stay busy</b></a> If you’re going through a period in your life when change is negatively impacting you, make yourself busy. Making yourself busy, by working, producing something, engaging socially with others, will do more than just distract you – it will help you contribute to changing your life positively for the future.\n<ul>\n<li>Making yourself busy will help you move on and think about other aspects of your life.</li>\n<li>Making yourself busy might open new opportunities for you.</li>\n<li>Find a new hobby. Try something you've never done before! Finding pleasure in a new activity will help you enjoy life after the change. You will be glad you took the chance! <sup id=\"_ref-9\" class=\"reference\" aria-label=\"Link to Reference 9\"><a href=\"#_note-9\">[9]</a><span class=\"ts_popup \" hidden=\"\" id=\"ts_popup_9\" style=\"display: none;\">\n\t<span class=\"ts_close\">X</span>\n\t\t<span class=\"ts_name\">Research source</span>\n\t\t<span class=\"ts_description\"></span>\n\t\t\t\t<a href=\"#\" class=\"ts_source\" target=\"_blank\" rel=\"nofollow noreferrer noopener\"></a>\n\n</span>\n</sup>\n</li>\n</ul>\n"},{"title":"Talk it out.","content":"\n Talk to people about how the change unsettles you. Your friends and loved ones might sympathize or have different ideas about the consequences of the change that is unsettling you. If you talk to them, they might provide perspective that will alter your view of change and help you accept it.\n<ul><li>Another outcome might be that you find that others are as distressed as you when it comes to change. Knowing that others are in a similar situation might just give you the strength and gumption to accept change and move on.</li></ul>\n"},{"title":"Create a list of life goals for yourself.","content":"\n An important part of accepting change is finding a way to move on and think about your future. By looking ahead and looking to the future, you’ll be able to better deal with the past and accept it as something that had to happen for you to move forward. Think about:\n<ul>\n<li>Getting a better job.</li>\n<li>Exercising and becoming healthier.</li>\n<li>Traveling and seeing new places.<sup id=\"_ref-10\" class=\"reference\" aria-label=\"Link to Reference 10\"><a href=\"#_note-10\">[10]</a><span class=\"ts_popup \" hidden=\"\" id=\"ts_popup_10\" style=\"display: none;\">\n\t<span class=\"ts_close\">X</span>\n\t\t<span class=\"ts_name\">Research source</span>\n\t\t<span class=\"ts_description\"></span>\n\t\t\t\t<a href=\"#\" class=\"ts_source\" target=\"_blank\" rel=\"nofollow noreferrer noopener\"></a>\n\n</span>\n</sup>\n</li>\n</ul>\n"},{"title":"Try to build a better world.","content":"\n Accept the change that makes you uncomfortable, and determine that you’re going to try to use your energies to make an even better world. In this way, you’re accepting change but also turning it upside down and using it to fuel what you think is positive change. Consider these techniques:\n<ul>\n<li>Volunteering for a cause that you think is important.</li>\n<li>Helping someone in need that you know.</li>\n<li>Adopting a homeless pet.<sup id=\"_ref-11\" class=\"reference\" aria-label=\"Link to Reference 11\"><a href=\"#_note-11\">[11]</a><span class=\"ts_popup \" hidden=\"\" id=\"ts_popup_11\" style=\"display: none;\">\n\t<span class=\"ts_close\">X</span>\n\t\t<span class=\"ts_name\">Research source</span>\n\t\t<span class=\"ts_description\"></span>\n\t\t\t\t<a href=\"#\" class=\"ts_source\" target=\"_blank\" rel=\"nofollow noreferrer noopener\"></a>\n\n</span>\n</sup>\n</li>\n</ul>\n"}]}],"questions":[]}