{"meta":{"description":"So things didn't go as planned, and what do you do now? Be patient. Know that the situation can get better and there are alternatives. By learning to adapt, you can feel more in control. Take the next steps to find out options available outside of your original plans. Avoid dwelling on what went wrong and focus on how you can change things for the better.","title":"Adjust when Things Don%27t Go to Plan"},"todo_list":[{"title":"Being Flexible","tasks":[{"title":"Keep your cool.","content":"\n  Take a moment to breathe and calm yourself.  We all experience roadblocks in life, and things don't always go according to plan.  Avoid being hard on yourself or others.  Getting upset will like not make the situation any easier.  Take a step back for a moment.\n<ul>\n<li>Consider getting some distance from the situation for 30 minutes, 1 hour, or a day.  Take a walk.  Get a drink of water.  Distract yourself with something positive.</li>\n<li>Try using some self-soothing activities to help you calm down, such as listening to your favorite album, reading a book, or engaging with a favorite hobby, such as knitting, playing guitar, or baking.</li>\n<li>Come back to the situation when you're able to be patient and calm.</li>\n</ul>\n\n"},{"title":"Acknowledge that you are disappointed.","content":"\n  Once you have calmed down, you can begin to address the disappointment. The first thing you will need to do is to acknowledge that you are feeling disappointed.\n<ul>\n<li>Try saying something like, “I am disappointed that this did not go my way.”</li>\n<li>You can also try writing about the disappointment. What did not go your way? Why is it upsetting you? How can you move forward from this disappointment?</li>\n<li>Acknowledging your feelings allows you to process them and move on. Avoiding or suppressing your feelings might feel good in the short term, but it will only make you feel worse later on.<sup id=\"_ref-2\" class=\"reference trusted\" aria-label=\"Link to Reference 2\"><a href=\"#_note-2\">[2]</a><span class=\"ts_popup trustedsource\" hidden=\"\" id=\"ts_popup_2\" style=\"display: none;\">\n\t<span class=\"ts_close\">X</span>\n\t\t<a class=\"ts_trustworthy\" href=\"/wikiHow:Delivering-a-Trustworthy-Experience\">Expert Source</a>\n\n\t\t<span class=\"ts_name\"></span>\n\t\t\t<a class=\"ts_expert_link\" href=\"/Author/Amy-Chan\"><span class=\"ts_expert_image\"><picture><source type=\"image/webp\" srcset=\"/images/thumb/3/3b/Amy_chan.jpg/-crop-100-100-75px-Amy_chan.jpg.webp\"><img src=\"/images/thumb/3/3b/Amy_chan.jpg/-crop-100-100-75px-Amy_chan.jpg\" alt=\"Amy Chan\" loading=\"lazy\" width=\"30\" height=\"30\" style=\"max-width: 30px\"></picture></span>Amy Chan<br><span class=\"ts_blurb\">Relationship Coach</span></a>\n\n\t\t<span class=\"ts_description\">Expert Interview.  1 May 2019.</span>\n\n</span>\n</sup>\n</li>\n</ul>\n"},{"title":"Assess what went wrong.","content":"\n  Think about the situation from an objective standpoint.  Avoid blaming yourself or others.  Try to clearly see what happened.\n<ul>\n<li>Your judgment may be clouded by negative emotions or stress.  Instead listen to others that have a more objective view.  Take a neutral approach.</li>\n<li>Your assessment should be based on the pros and cons of the situation.  Evaluate both the good and the bad.  Consider writing down the pros and cons of the event.</li>\n</ul>\n"},{"title":"Accept what you can and cannot control.","content":"\n  Some things are simply out of our control.  For example, if you made plans to travel for the weekend, and a storm hits, things may not go as planned.  There are forces outside of yourself that influence and shape outcomes.\n<ul>\n<li>Avoid dwelling on things that you can't change, and focus on what you can.</li>\n<li>Think about how you can be a solution to a problem.</li>\n</ul>\n"},{"title":"Learn to adapt.","content":"\n  Adaptation is key when things go awry.  It is part of our evolution as people to learn to adapt to our environments.  The more flexible you are in your plans the more likely your expectations of what you wanted will be met.\n<ul>\n<li>Life is not a straight and easy path.  It is filled with twists and turns.  Each day we are learning how to adapt to our daily lives and challenges.</li>\n<li>For example, imagine how you get to school or work.  While there may be one specific way you do this, imagine the other possibilities available.  Some routes may be easier and shorter, others may be longer or harder.  But they still arrive at the same destination.</li>\n</ul>\n"}]},{"title":"Assessing Your Options","tasks":[{"title":"Explore what your expectations were.","content":"\n Sometimes we get frustrated when things don't go according to plan because they don't meet our expectations.  Think about the expectations you had for the situation.  Think about if your expectations may have been too strict or rigid.\n<ul>\n<li>One plan or goal is not a measure of your worth.  Just because things didn't work out this time, that doesn't mean they will never work out in the future.</li>\n<li>For example, you and your friends wanted to go to a special restaurant, and you find out it's closed.  You may be disappointed or upset because you were expecting a nice meal there.  Instead of thinking that the only good meal is at this one restaurant, evaluate the other places available.</li>\n</ul>\n"},{"title":"Restate your goal.","content":"\n Since your original plan hasn't come through, return to your original mission or goal for the situation.  You likely had a brainstorming phases about your goals and expectations.  Go back to that moment.\n<ul>\n<li>Talk about your goal again with those involved.</li>\n<li>Consider writing down your original goal.  Putting the situation in writing, particularly for bigger plans, can help to solidify what your goal is.</li>\n<li>Use this goal as a framework to restate and reimagine your alternative plans.</li>\n</ul>\n"},{"title":"Think about the options available.","content":"\n So your original plan hasn't worked out?  Now is the time to think about the other options available.  What is your Plan B or Plan C?  If you don't have an alternative plan in place, then evaluate other options to consider.\n<ul>\n<li>Gather information about other options available.  Consider writing down the other options available, and making a list of pros and cons.</li>\n<li>Reassess the strategies and possible outcomes to your plans.  Talk with others involved in the process--friends, family, co-workers.  See if they may have additional ideas.</li>\n<li>While these alternatives may not be your original plan, one or more of them may turn out as good as the original.</li>\n</ul>\n"},{"title":"Make a decision about next steps.","content":"\n Take action.  Be clear about next steps you're taking.  Avoid feeling defeated, as if the original plan was the best or only one available. Approach this next phase feeling positive and hopeful rather than negative.\n<ul><li>Be confident in your decision once you've evaluated the different options available.</li></ul>\n"}]},{"title":"Coping with Change","tasks":[{"title":"Build resilience","content":"\n<a href=\"/Develop-Your-Resilience\" title=\"Develop Your Resilience\"><b class=\"whb\">Build resilience</b></a> Having resilience means that you can keep working toward your goals even if things do not go your way. Building this skill takes time and practice, but it can help you to overcome disappointment more easily. To build resilience, you can:\n<ul>\n<li>\n<i>Put things into perspective</i>. When something does not go your way, consider if it is something that is worth spending time and energy on. For example, if you had hoped to get a job that you interviewed for and did not get it, then your time and energy might be better spent applying for different jobs. Take a moment to put your situation into perspective to help you build up your resilience.</li>\n<li>\n<i>Maintain good relationships</i>. If you have good relationships, then you will probably feel more secure when something does not go your way. Try to maintain healthy relationships with your friends and family to feel more secure during difficult times.</li>\n<li>\n<i>Challenge unhelpful thoughts</i>. Resilient people can alter their thinking to help themselves stay motivated and to continue working towards their goals. You can do this too by challenging thoughts that are untrue or unhelpful. For example, if you find yourself thinking, “I will always fail,” then you can challenge this untrue and unhelpful thought. Try telling yourself something like, “Things might not always go my way, but if I keep working towards my goals then I will achieve them.”</li>\n</ul>\n"},{"title":"Use the past for guidance rather than regret.","content":"\n  The past is just that, the past.  While you can't take back what has happened, you can use this experience as a helpful tool.  Think about how the best and the worst of the situation for you or others you care about.  What can you or others learn from this?\n<ul>\n<li>For example, let's say you're working an important project with a small team.  Maybe the project is bigger than expected, and more time consuming than you thought?  So the team ends up rushing to complete the project and it seems to you like the project is failing.</li>\n<li>This could be an opportunity to understand when to ask for additional help.  Maybe you and the team could take a different approach to the project? Maybe the project isn't as bad as it seems because you had too high expectations?</li>\n<li>While this is all in hindsight, it's important to see what happens next as a way to grow.</li>\n</ul>\n"},{"title":"Avoid giving up.","content":"\n  When something doesn't go the way you'd like, you may feel like you've failed.  Avoid seeing yourself with hate, and instead focus on what you are thankful for.  Resilience is key to keeping yourself motivated..\n<ul>\n<li>Giving up means giving into your own self-doubts.</li>\n<li>Reframe your negative thoughts by thinking about the good things that have happened.  Even if they are small things.</li>\n<li>For example, if you were hoping to get an A on an exam and instead got a C, think about how you can look at the bigger picture.  Maybe this is your only C on an exam this semester?  Maybe this isn't the only test for the class so you can study harder on the other exams?  Maybe the other students all got Cs on the exam too?</li>\n</ul>\n"},{"title":"Learn from mistakes.","content":"\n  Life is trial and error.  Some mistakes are our own, and some are those of others or simply forces beyond our control.  Own up to your mistakes, but avoid dwelling in them.  When you are honest with yourself, then you can learn to grow and become better.\n<ul>\n<li>Mistakes are learning opportunities.  They can push you to the invisible boundaries of what's possible and what's not.</li>\n<li>When you try new things, it's possible you'll make mistakes.  This is part of life. It can make you stronger and more prepared for the next time.</li>\n<li>Consider saying to yourself, \"I know that I messed up, but it's not the end of the world\" or \"I can learn from this.  I can be better.  I can be ready for the next time.\"</li>\n</ul>\n"},{"title":"Ask for help.","content":"\n  There's no shame in asking for input. Talk with people that you trust about what they think about the situation.  Get advice from a variety of people.\n<ul>\n<li>Seeking advice can help you feel less alone with your thoughts or concerns.</li>\n<li>People on the outside might have a better vantage point about what's going on.</li>\n</ul>\n"}]}],"questions":[{"title":"How can I calm down in the moment?","content":"Support wikiHow by unlocking this expert answer.\nTry the 4-7-8 Breathing Technique. Place the tip of your tongue on the roof of your mouth (right behind your front teeth) and breathe in through your nose for a count of 4 seconds. Hold your breath for 7 seconds, then release your breath from your mouth with a whooshing sound for a count of 8. Without a break, breathe in again for a count of 4, repeating the entire technique 3-4 times in a row, then resume normal breathing and activity."}]}