{"meta":{"description":"After spending a wonderful holiday over the Christmas and New Year period, some people feel blue and find that it's difficult to function normally in their daily rhythm. As defined by the DSM IV, holiday blues, holiday depression, or post-Christmas blues, these commonly used terms depict the mental distress occurring after the winter holidays and festival season. This article is focused on experiencing the \"blues” since this term suggests mild mental distress, a commonly occurring phenomenon when dealing with daily life stress and change.\n\nBelow are some suggested steps to get rid of your post winter festive season holiday blues.","title":"Cope With Post Holiday Syndrome"},"todo_list":[{"title":"Steps","tasks":[{"title":"Expect some letdown.","content":"\n The holiday season is both joyful and stressful at once. There is family to get along with, gifts to buy and return, people to visit, activities to throw yourself into, plenty of festive food to eat, sales to rush to, and parties to plan and attend. Topped off with the <a href=\"/Manage-Your-Excitement\" title=\"Manage Your Excitement\">excitement</a> of New Year's Eve, your adrenaline has probably been pumping a lot of the time during the Christmas and New Year's period. Returning to the usual routine and probably quieter workplace than normal can dampen your spirits just by the absence of exciting things to do and look forward to. Equally, if your Christmas and New Year's Eve period wasn't as enjoyable as you had hoped, you can be left feeling down about the lack of enjoyment you'd expected and this can sour your mood. Expecting to feel a little low is a way of telling yourself that this is a normal feeling and that it will soon pass once the routine re-establishes itself.\n<ul><li>Look at your past experiences to enlighten you as to your normal post-holiday feelings. Do you always fall into a slump after the holiday season? If you have spent period after last two holidays in despair, then the chances of this post holiday period continuing in despair are high. Look carefully about what you did last time and what <a href=\"/Relax\" title=\"Relax\">relaxed</a> you. And realize that generally this is a phase that is easily fixed.</li></ul>\n\n"},{"title":"Choose to see the benefits of post-holiday time.","content":"\n The good side to the end of the holidays is that you've had a chance to rest, to relax, and to enjoy yourself. The craziness prior to Christmas has ended both at the workplace and in the home, and the restful time after Christmas and New Year's Eve has hopefully given you the opportunity to do things that are different from your usual routine. And any break in the routine is good for the spirit, providing you with the chance to rejuvenate.\n<ul>\n<li>Take it easy when you're settling back down into your usual routine. Your more rested self is a good thing and gives you an opportunity to take a renewed perspective on your work, routine, study, or home life pace.</li>\n<li>Perhaps the break has given you perspective on your life, job, relationships etc. If so, this is a good time to consider making changes to improve your situation, especially because not making the changes can prolong your blues.</li>\n</ul>\n"},{"title":"Be gentle on yourself with respect to your New Year's Resolutions.","content":"\n If you set the bar too high and you already feel as if you're slipping, don't berate yourself. Instead, look at your resolutions realistically and assess whether they need some tweaking to ensure that they're achievable. Discard the resolutions that required you to be too harsh on yourself and reform them into ones that can be met now that the heady atmosphere of New Year's Eve is behind you. Think of it as a double checking of the details, and simply fiddle with the fine print!\n<ul><li>Ensure that any <a href=\"/Accomplish-a-Goal\" title=\"Accomplish a Goal\">goals</a> you've set are reasonable and most importantly achievable. Taking weight loss as an example, targeting for a size zero is unrealistic, but looking for 1 pound loss in a span of week seems to be more achievable.</li></ul>\n"},{"title":"Continue spending time around people.","content":"\n Some of the post-holiday season blues might be related to having been around many people over the Christmas break and then suddenly finding yourself surrounded by people you don't know that well, or even not by many people at all. Lift your spirits by continuing to <a href=\"/Interact-With-People\" title=\"Interact With People\">stay connected</a> with friends and family, and getting out and about to do activities where other people interact with you.\n"},{"title":"Do things that give you cause to look forward to something.","content":"\n Revive the excitement of anticipation by arranging fun activities, such as having dinner with friends, starting a new class for a hobby or interest, attending a sporting event regularly, going to the <a href=\"/Write-a-Movie-Review\" title=\"Write a Movie Review\">movies</a>, etc. Choose activities that meet your budget and interests, and that you know will give you a thrill.\n"},{"title":"Make healthy choices","content":"\n<a href=\"/Be-Healthy\" title=\"Be Healthy\"><b class=\"whb\">Make healthy choices</b></a> After the many indulgences over the holiday period, it can leave you feeling a little out of shape and worse for wear in the nutrition department. Aim to return to <a href=\"/Eat-Healthy\" title=\"Eat Healthy\">eating healthy food</a>, drinking healthy drinks, and ensuring that you keep getting a good amount of exercise. Eating well and <a href=\"/Exercise\" title=\"Exercise\">keeping up regular exercise</a> will enhance your mood and help you return to good shape and fitness levels. If you're worried about not keeping warm enough during the colder weather, have more healthy chunky, warming soups that will both warm and fill you up without carrying lots of calories. Warm salads are also an excellent choice during winter.\n<ul>\n<li>Eat away your blues. Eat foods that boost your serotonin (feel good) neurotransmitters. Suitable foods containing tryptophan (the building block for serotonin) include <a href=\"/Make-Banana-Bread\" title=\"Make Banana Bread\">bananas</a>, poultry, dairy produce, and peas.<sup id=\"_ref-5\" class=\"reference\" aria-label=\"Link to Reference 5\"><a href=\"#_note-5\">[5]</a><span class=\"ts_popup \" hidden=\"\" id=\"ts_popup_5\" style=\"display: none;\">\n\t<span class=\"ts_close\">X</span>\n\t\t<span class=\"ts_name\">Research source</span>\n\t\t<span class=\"ts_description\"> Winnie Yu, What to eat for what ails you: how to treat illnesses by changing the food and vitamins in your diet, p. 289, (2007), ISBN 978-1-59233-236-6</span>\n\n</span>\n</sup>\n</li>\n<li>Keep exercising no matter the weather, lethargy and weight excuses. Exercise will give you the mood-boost you need and gets you moving again. If you're living in a cold climate, there are plenty of winter exercising options such as walking, skiing, and gym workouts. You could also stay inside and exercise on an indoor exercise bike if you have one. For those in a hot climate, <a href=\"/Swim\" title=\"Swim\">swimming</a>, hiking, and water sports are ideal mood lifters.</li>\n</ul>\n"},{"title":"Make this a time for getting professional help and turning around things that have been bothering you.","content":"\n The holiday season tends to put a hold on pressing issues at work and in your personal life because the celebrations, meet-ups, and preparations require your foremost attention. Once this busyness dies down, you're returned to thinking about your general life issues and this might just be a good time to get help from the professionals, be it for anything from sorting out your finances, redecorating your home, or dealing with the unhappy feelings you're experiencing.\n<ul><li>If you didn't plan too well for the holidays and find yourself deep down in the debt rack, get financial advice immediately and start to sort out the finances sooner rather than later. It might reduce the indulgences for now but this is probably the best time to feel the least deprived about indulgences!</li></ul>\n"},{"title":"Expect to enjoy the year ahead.","content":"\n Trying to keep a positive frame of mind and planning for interesting and fulfilling events throughout the year is a good way to calm your current blues. Think ahead to the changing seasons and the sorts of things you'd like to be doing as the year moves on, and the sorts of activities and events you'd like to be a part of. Doing something about the things you'd like to happen is the first step and once you're immersed in planning and doing, you'll be too busy to fret.\n<ul>\n<li>If you want to travel, start <a href=\"/Plan-a-Trip\" title=\"Plan a Trip\">planning the trip</a> and budget now.</li>\n<li>If you've got big plans ahead like your own or someone else's wedding, having a baby, renovating a home, taking your parents on a cruise, etc., throw yourself into planning.</li>\n<li>If you're yearning for certain aspects of your life to change, such as going from being single to being part of a couple, use this time to plan how you will make this happen, such as putting yourself out there more, joining a club, or spending time using specific online sites, etc.</li>\n</ul>\n"}]}],"questions":[{"title":"What if my child is very sad Christmas is over? She starts crying when we take everything down and everybody goes home. What can I do for her?","content":"Remind her that Christmas will come around again before she knows it. Maybe also mention some other things she has to look forward to in the nearer future. Let her keep a decoration or two up in her room or around the house and keep her favorite Christmas movie on the DVR or on DVD for her to watch if she wants."},{"title":"Why do I feel so upset once Christmas is over?","content":"Because Christmas is a fun time and you've been looking forward to it. Once it's over, you feel like you don't have anything to be excited about anymore."},{"title":"What happens if you have a child who is missing Christmas?","content":"Talk to your child about next Christmas and things she might enjoy in the upcoming year to take her mind off of it."}]}