{"meta":{"description":"Changes are never far from our door, whether it's breaking up with an ex, relocating to a new city, the death of a relative, or the loss of a job. Even good changes, such as having a baby or getting a new job, can be stressful. Change isn't easy but there are ways to cope with change that can make it feel less scary.","title":"Deal with Change"},"todo_list":[{"title":"Coping With Change","tasks":[{"title":"Acknowledge your feelings.","content":"\n If you feel resistant to change or uncomfortable with impending change, then it is important to acknowledge your feelings. Don’t avoid your emotions, listen to them. Emotions are part of self-awareness. When you acknowledge an emotion, you accept it as if to say, “this isn’t so bad” and allow yourself to understand it and manage it.\n<ul>\n<li>Often, change brings up feelings of anxiety such as worry and fear. It’s okay to feel worried and feel fear.</li>\n<li>Grieve and take care of your feelings. Even if the big change in your life is a happy one like getting married or moving to a place you always wanted to live, accept that there will be some emotional losses and work through them.</li>\n<li>Try to identify the feelings you are having and why by writing or saying them out loud. For example, you might write or say something like, “I am feeling anxious and overwhelmed because I have to move to a new city next week.”</li>\n</ul>\n\n"},{"title":"Prepare yourself.","content":"\n No matter what sort of change you are facing, you can take steps to prepare yourself for the new situation. Think about what your new situation will be and then identify some ways that you can learn more about what you will be facing.\n<ul>\n<li>For example, if you plan to move to another city, state, or country, learn as much as you can about the new place before going. If you are starting a new job, find out as much as you can about what you will be doing.</li>\n<li>Try to create a plan for how you will approach the new situation. For example, if you are moving to a new city, you might ask: what restaurants do you want to check out? How will you get around the city? What other places would you like to explore?</li>\n<li>You can also make a plan to change your situation if it is not where you want to be in life.<sup id=\"_ref-2\" class=\"reference\" aria-label=\"Link to Reference 2\"><a href=\"#_note-2\">[2]</a><span class=\"ts_popup \" hidden=\"\" id=\"ts_popup_2\" style=\"display: none;\">\n\t<span class=\"ts_close\">X</span>\n\t\t<span class=\"ts_name\">Research source</span>\n\t\t<span class=\"ts_description\"></span>\n\t\t\t\t<a href=\"#\" class=\"ts_source\" target=\"_blank\" rel=\"nofollow noreferrer noopener\"></a>\n\n</span>\n</sup> For example, you might not like your new job, so you could create a plan to find a new one that you will enjoy by searching the job listings, applying for jobs that interest you, and attending job fairs.</li>\n</ul>\n"},{"title":"Create a mental script.","content":"\n If you are facing a life change that you cannot control, then it may be hard to accept the situation. However, you can work towards acceptance by reassuring yourself in the form of an accepting mental script.\n<ul><li>For example, when you are feeling upset or anxious about the oncoming change, you might repeat to yourself, “I do not like the change that is happening, but it is beyond my power to control. I may not like this change, but I will accept it and try to make the best of it.”</li></ul>\n"},{"title":"Remind yourself that you control your attitude and actions.","content":"\n Change may turn your world upside down but you still have control over how you respond to the situation. You can choose to approach the situation with anger and take your feelings out on other people, or you can choose to see the situation as a new opportunity and approach it with excitement.\n<ul><li>Some people find list-making to be an effective way to reduce anxiety and feel happier.<sup id=\"_ref-4\" class=\"reference\" aria-label=\"Link to Reference 4\"><a href=\"#_note-4\">[4]</a><span class=\"ts_popup \" hidden=\"\" id=\"ts_popup_4\" style=\"display: none;\">\n\t<span class=\"ts_close\">X</span>\n\t\t<span class=\"ts_name\">Research source</span>\n\t\t<span class=\"ts_description\"></span>\n\t\t\t\t<a href=\"#\" class=\"ts_source\" target=\"_blank\" rel=\"nofollow noreferrer noopener\"></a>\n\n</span>\n</sup> If you are feeling miserable about the situation, try writing down a list of positives. For example, if you have just gone through a breakup, then you might identify the positives as things like more free time, a chance to get to know yourself better, and more time to spend with your friends and family.</li></ul>\n"}]},{"title":"Decreasing Anxiety Around Change","tasks":[{"title":"Journal about your worries.","content":"\n Change can bring about lots of insecurities, worries, and negative thoughts. Especially if you feel overwhelmed by change, start writing down all the things that contribute to you feeling overwhelmed. Writing it down can help you realize that things are less negative than you imagine.\n<ul><li>If you feel overwhelmed by having a puppy and are having a difficult time adjusting to all the changes, write down what has changed in your life and what is difficult about it. Write down possible solutions to your issue, such as creating a schedule to help you manage the changes.</li></ul>\n"},{"title":"Talk to others with similar experiences.","content":"\n It can be comforting to talk to someone who’s going through a similar change as you. Maybe you are starting  college, having a baby, or changing careers. Talking to someone who’s “been there” can be comforting, knowing that he or she got through it okay.\n<ul>\n<li>Ask for advice on what you can do to get through the change well.</li>\n<li>If you’re going through a divorce, meet with other people who are experiencing the same thing, or have already gone through it.</li>\n</ul>\n"},{"title":"Accept uncertainty.","content":"\n If you worry about all the changes happening around you, you lose your ability to enjoy the moments and experience them in their fullness. Constantly worrying doesn’t make you any more capable of predicting the future or handling it any better.\n<ul><li>Accept that you are in a transition and that change is inevitable. You can say, “I accept that change is occurring, and it’s up to me how I handle it.”</li></ul>\n"},{"title":"Relax.","content":"\n Relaxation can help decrease stress and increase emotional health. Techniques such as meditation, deep breathing, and progressive muscle relaxation can help you relax and cope with stress more effectively.\n<ul><li>Practice progressive muscle relaxation by getting comfortable and starting to relax your body and your breathing. Now, tense your right fist for a few seconds, then release. Move up to your right forearm, tense and release. Move to your right shoulder, then do the same for your left arm. Continue throughout your body, including your neck, back, face, chest, hips, quads, calves, ankles, feet, and toes.<sup id=\"_ref-8\" class=\"reference\" aria-label=\"Link to Reference 8\"><a href=\"#_note-8\">[8]</a><span class=\"ts_popup \" hidden=\"\" id=\"ts_popup_8\" style=\"display: none;\">\n\t<span class=\"ts_close\">X</span>\n\t\t<span class=\"ts_name\">Research source</span>\n\t\t<span class=\"ts_description\"></span>\n\t\t\t\t<a href=\"#\" class=\"ts_source\" target=\"_blank\" rel=\"nofollow noreferrer noopener\"></a>\n\n</span>\n</sup>\n</li></ul>\n"},{"title":"Exercise.","content":"\n Exercise helps cope with stress and reduce anxiety. Do your body, mind, and emotions a favor by engaging in some activity. Aim to exercise for 30 minutes each day on most days.\n<ul><li>Take the dog for a walk, bike to groceries, or go for an evening hike after work. You can also exercise by dancing or running, or going to the gym.</li></ul>\n"}]},{"title":"Allowing Time to Adjust","tasks":[{"title":"Expect new patterns of living to take time.","content":"\n Change is a shock because it destabilizes the life you've made for yourself to this point. All habits and routines are up for questioning when change interferes, so going slowly and easing yourself into the new is an essential strategy for coping. Expect that any change will take time <a href=\"/Adjust\" title=\"Adjust\">to adjust</a> to; be realistic when enduring big life changes.\n<ul><li>Give yourself time to recoup. For example, if you're grieving after a death, be it a person or <a href=\"/Cope-After-the-Death-of-a-Pet\" title=\"Cope After the Death of a Pet\">a pet</a>, acknowledge that how you grieve and how long you grieve for are decisions only you can make. Nobody else can rush you, no matter what they insist.</li></ul>\n"},{"title":"See change as opportunity.","content":"\n Change is an opportunity to re-examine the life you've been leading to see whether you've been making positive choices or paying too much (time, money, effort) for leading a lifestyle that isn't bringing you happiness. Although sometimes painful, change can bring a silver lining.\n<ul><li>Learn to enjoy the process of change by creating positive reinforcements around change.<sup id=\"_ref-11\" class=\"reference\" aria-label=\"Link to Reference 11\"><a href=\"#_note-11\">[11]</a><span class=\"ts_popup \" hidden=\"\" id=\"ts_popup_11\" style=\"display: none;\">\n\t<span class=\"ts_close\">X</span>\n\t\t<span class=\"ts_name\">Research source</span>\n\t\t<span class=\"ts_description\"></span>\n\t\t\t\t<a href=\"#\" class=\"ts_source\" target=\"_blank\" rel=\"nofollow noreferrer noopener\"></a>\n\n</span>\n</sup> This can include treating yourself to ice cream after you finish physical therapy for your injury, or getting to spend a small amount of money each time you save up $100.</li></ul>\n"},{"title":"Leave complaining and blaming behind you.","content":"\n When a change thrusts you into constant complaining and blaming, it can be understandable for a short period of time. Friends and family will rally at the beginning of a misfortune. It’s important to keep a positive outlook when in the midst of change to help decrease stress and cope with difficulties.\n<ul><li>Find ways to see things in a positive light. If you struggle to find positive things, ask someone to help you look for them. Remember, changes can often provide opportunities for future endeavors that previously would not have been attainable.</li></ul>\n"},{"title":"Let go of what has happened and move on.","content":"\n Focusing on the past will not help you to move on with your life. It’s no use wanting your ‘old life’ back or spending all of your moments wishing things would go back to what they used to be.\n<ul>\n<li>Instead of focusing on the past, anchor yourself in the future by creating excitement and things to look forward to doing. Try something  that you’ve never done before like taking a painting class, going ice skating, or visiting a new city.</li>\n<li>If you still find yourself dwelling on the past and it is interfering with your life, then you may want to seek the help of a therapist to help you move forward in your life.</li>\n</ul>\n"}]},{"title":"Identifying Adjustment Disorder","tasks":[{"title":"Think about your situation.","content":"\n Adjustment disorder develops within  three months after you experience a stressful change. The change might be something positive or negative that caused significant stress in your life, such as moving, getting married, losing your job, or losing a family member.\n"},{"title":"Consider your symptoms.","content":"\n Those with adjustment disorder will exhibit some psychological symptoms that may help a mental health professional make a diagnosis. Symptoms include:\n<ul>\n<li>Severe stress. Someone with adjustment disorder will have stress that is more intense than what you would expect someone to feel in that situation. For example, someone who has just bought a new home, might feel severely stressed even after they have closed on the house and moved in.</li>\n<li>Difficulty functioning. People with adjustment disorder may have a hard time functioning in social, professional, or academic settings. For example, someone who has recently gone through a breakup may be incapable of having a conversation with friends.</li>\n</ul>\n"},{"title":"Reflect on the length of symptoms.","content":"\n Symptoms from adjustment disorder will not last longer than six months. If your symptoms last longer than six months, then you do not have adjustment disorder. You may have another mental health condition that is causing you to feel the way that you do.\n"},{"title":"See a therapist.","content":"\n If you think that you may have adjustment disorder, then you will need to see a therapist for a professional diagnosis and to get help. Even if you are not sure about whether or not adjustment disorder is to blame for the way you feel, seeing a therapist can help to get to the root of the problem.\n"}]}],"questions":[]}