{"meta":{"description":"There are two types of change management plans. One addresses the impact of change on an organization, easing the transition. The other tracks changes to a single project, creating a clear record of product tweaks or alterations to the project scope. Both of these plans aim to communicate what needs to be done clearly and accurately.","title":"Write a Change Management Plan"},"todo_list":[{"title":"Writing a Plan to Manage Organizational Change","tasks":[{"title":"Demonstrate the reasons for the change.","content":"\n List factors that led to the decision to change, such as performance gaps, new technology, or a shift in the organization's mission.\n<ul><li>One approach is to describe the current situation of the organization, and the future situation this plan intends to create.<sup id=\"_ref-1\" class=\"reference\" aria-label=\"Link to Reference 1\"><a href=\"#_note-1\">[1]</a><span class=\"ts_popup \" hidden=\"\" id=\"ts_popup_1\" style=\"display: none;\">\n\t<span class=\"ts_close\">X</span>\n\t\t<span class=\"ts_name\">Research source</span>\n\t\t<span class=\"ts_description\"></span>\n\t\t\t\t<a href=\"#\" class=\"ts_source\" target=\"_blank\" rel=\"nofollow noreferrer noopener\"></a>\n\n</span>\n</sup>\n</li></ul>\n\n"},{"title":"Define the type and scope of change.","content":"\n Briefly describe the expected nature of the change management project. Determine whether this will affect job roles, process changes, policy changes, and/or structural organization. List the departments, workgroups, systems, or other components that may change.\n"},{"title":"Describe stakeholder support.","content":"\n List all stakeholders affected by the plan, for example, senior management, project manager, project sponsor, end-users, and/or employees affected by the change. For each one, write whether the stakeholder supports the change.\n<ul>\n<li>Consider a chart to communicate this clearly and succinctly. One possible template lists Awareness, Degree of Support, and Influence for each stakeholder, rated on a scale of High/Medium/Low.</li>\n<li>If possible, conduct one-on-one interviews to gauge support.</li>\n</ul>\n"},{"title":"Create a change management team.","content":"\n This team is responsible for communicating with all stakeholders, listening to concerns, and ensuring that the change goes as smoothly as possible. Choose people with high credibility in the organization, and good communication skills.\n<ul><li>This should include a change sponsor at the senior executive level.<sup id=\"_ref-4\" class=\"reference\" aria-label=\"Link to Reference 4\"><a href=\"#_note-4\">[4]</a><span class=\"ts_popup \" hidden=\"\" id=\"ts_popup_4\" style=\"display: none;\">\n\t<span class=\"ts_close\">X</span>\n\t\t<span class=\"ts_name\">Research source</span>\n\t\t<span class=\"ts_description\"></span>\n\t\t\t\t<a href=\"#\" class=\"ts_source\" target=\"_blank\" rel=\"nofollow noreferrer noopener\"></a>\n\n</span>\n</sup> Stress that this involves active work promoting the changes, not just a sign-off on the plan.</li></ul>\n"},{"title":"Develop an approach with organization management.","content":"\n Complete support from organization heavyweights is critical for the success of the change. Allow each senior staff member to provide feedback on the change, and work with each one to create an active role in demonstrating and championing the changes.\n"},{"title":"Draw up a plan for each stakeholder.","content":"\n For each stakeholder, including those who support the change, assess the risks and concerns involved. Assign the change management team the task of addressing these concerns.\n"},{"title":"Create a communication plan.","content":"\n Communication is the most important component of change management. Communicate frequently with every person affected. Reinforce the reasons behind the change, and the benefits it will bring.\n<ul>\n<li>Stakeholders should receive personal, two-way communication. Face to face meetings are essential.<sup id=\"_ref-6\" class=\"reference\" aria-label=\"Link to Reference 6\"><a href=\"#_note-6\">[6]</a><span class=\"ts_popup \" hidden=\"\" id=\"ts_popup_6\" style=\"display: none;\">\n\t<span class=\"ts_close\">X</span>\n\t\t<span class=\"ts_name\">Research source</span>\n\t\t<span class=\"ts_description\"></span>\n\t\t\t\t<a href=\"#\" class=\"ts_source\" target=\"_blank\" rel=\"nofollow noreferrer noopener\"></a>\n\n</span>\n</sup>\n</li>\n<li>Communication should come from the high-level change sponsor, from the direct supervisor of each employee, and any additional spokespersons the stakeholder trusts.<sup id=\"_ref-7\" class=\"reference\" aria-label=\"Link to Reference 7\"><a href=\"#_note-7\">[7]</a><span class=\"ts_popup \" hidden=\"\" id=\"ts_popup_7\" style=\"display: none;\">\n\t<span class=\"ts_close\">X</span>\n\t\t<span class=\"ts_name\">Research source</span>\n\t\t<span class=\"ts_description\"></span>\n\t\t\t\t<a href=\"#\" class=\"ts_source\" target=\"_blank\" rel=\"nofollow noreferrer noopener\"></a>\n\n</span>\n</sup> All communication should have a consistent message.</li>\n</ul>\n"},{"title":"Track resistance.","content":"\n There is always resistance to change. This happens on the individual level, so communicate with stakeholders personally to discover the cause. Monitor grievances so the change management team can address them. These concerns commonly include:\n<ul>\n<li>No motivation to change, or no sense of urgency</li>\n<li>No understanding of the bigger picture or why the change is necessary</li>\n<li>Lack of input in the process</li>\n<li>Uncertainty concerning job security, future role, or future job requirements and skills</li>\n<li>Failure of management to meet expectations concerning change implementation or communication</li>\n</ul>\n"},{"title":"Address roadblocks.","content":"\n Many grievances should be met by an increase in communication or a change in a communication strategy that addresses specific issues. Others require additional approaches, which may be included in your plan or left to the change management team to implement as necessary. Consider which of these is right for your organization:\n<ul>\n<li>For any change in job roles or process, make employee training a top priority.<sup id=\"_ref-9\" class=\"reference\" aria-label=\"Link to Reference 9\"><a href=\"#_note-9\">[9]</a><span class=\"ts_popup \" hidden=\"\" id=\"ts_popup_9\" style=\"display: none;\">\n\t<span class=\"ts_close\">X</span>\n\t\t<span class=\"ts_name\">Research source</span>\n\t\t<span class=\"ts_description\"></span>\n\t\t\t\t<a href=\"#\" class=\"ts_source\" target=\"_blank\" rel=\"nofollow noreferrer noopener\"></a>\n\n</span>\n</sup>\n</li>\n<li>If you expect low morale or a stressful transition, alleviate this with a company event or employee perks.<sup id=\"_ref-10\" class=\"reference\" aria-label=\"Link to Reference 10\"><a href=\"#_note-10\">[10]</a><span class=\"ts_popup \" hidden=\"\" id=\"ts_popup_10\" style=\"display: none;\">\n\t<span class=\"ts_close\">X</span>\n\t\t<span class=\"ts_name\">Research source</span>\n\t\t<span class=\"ts_description\"></span>\n\t\t\t\t<a href=\"#\" class=\"ts_source\" target=\"_blank\" rel=\"nofollow noreferrer noopener\"></a>\n\n</span>\n</sup>\n</li>\n<li>If stakeholders are not motivated to change, provide incentives.<sup id=\"_ref-11\" class=\"reference\" aria-label=\"Link to Reference 11\"><a href=\"#_note-11\">[11]</a><span class=\"ts_popup \" hidden=\"\" id=\"ts_popup_11\" style=\"display: none;\">\n\t<span class=\"ts_close\">X</span>\n\t\t<span class=\"ts_name\">Research source</span>\n\t\t<span class=\"ts_description\"></span>\n\t\t\t\t<a href=\"#\" class=\"ts_source\" target=\"_blank\" rel=\"nofollow noreferrer noopener\"></a>\n\n</span>\n</sup>\n</li>\n<li>If stakeholders feel left out of the loop, hold a meeting to gather feedback and consider alterations to the plan.</li>\n</ul>\n"}]},{"title":"Tracking Changes to Any Project","tasks":[{"title":"Define change management roles.","content":"\n List the roles that will be assigned for this project. Describe the responsibilities and necessary skills for each role. At a minimum, include a project manager to enact changes on a day-to-day level, and a project sponsor to track overall progress and make high-level change management decisions.\n<ul><li>For broad projects in a large organization, you may need to divide the project management role among several people with specialized knowledge.</li></ul>\n"},{"title":"Consider a change control board.","content":"\n Software projects typically include a Change Control Board, made up of representatives from each stakeholder group. This board approves change requests instead of the project manager and communicates the decisions to stakeholders. This approach works well for projects with many stakeholders, and projects which may need frequent reevaluation of the scope and baseline goals.\n"},{"title":"Create a process for enacting change requests.","content":"\n Once someone on the project team identifies a step forward, how does it go from idea to reality? Describe this process here, as agreed upon by the team. Here's an example:\n<ul>\n<li>Team member fills out a Change Request form and sends it to the project manager.</li>\n<li>Project manager enters form into the Change Request Log, and updates this log as requests are implemented or rejected.</li>\n<li>Manager assigns team members to write a more specific plan and to estimate the effort required.</li>\n<li>Project manager sends plan to the project sponsor for approval or rejection.</li>\n<li>Change is implemented. Stakeholders are informed of progress frequently.</li>\n</ul>\n"},{"title":"Create a change request form.","content":"\n The following data should be included with every change request and entered in the changelog:\n<ul>\n<li>Date of change request</li>\n<li>Change request number, assigned by the project manager</li>\n<li>Title and description</li>\n<li>Submitter name, email, and phone number</li>\n<li>Priority (High, Medium, or Low). Urgent change management plans may require specific deadlines.</li>\n<li>Product and version number (for software projects)</li>\n</ul>\n"},{"title":"Add additional information to the changelog.","content":"\n The changelog must also track decisions and implementation. Besides the information copied from the change request form, you'll need space for the following: \n<ul>\n<li>Mark of approval or rejection</li>\n<li>Signature of the person approving or rejecting the request</li>\n<li>Change implementation deadline</li>\n<li>Change completion date</li>\n</ul>\n"},{"title":"Track major decisions.","content":"\n In addition to the day-to-day changelog, the project may benefit from a record of major decisions. This record may make it easier to track long term projects or projects that undergo leadership changes. This record can also guide communication with clients or senior management. For each change in deadlines, project scope or requirements, priority levels, or strategy, including the following information:\n<ul>\n<li>Who made the decision</li>\n<li>When the decision was made</li>\n<li>A summary of the reasons behind the decision, and the process used to reach it. Attach any documents related to this process.</li>\n</ul>\n"}]}],"questions":[]}