{"meta":{"description":"Whether you’re on a new diet or just trying to eat healthily, the grocery store can be a perilous place for a hungry shopper. After all, grocery stores spend millions of dollars every year strategically arranging products in order to encourage consumption and spending. Fortunately, you can fight temptation by preparing a list and eating a healthy snack beforehand, as well as following a few simple strategies while shopping, such as carrying a bottle of water and avoiding certain aisles entirely.","title":"Avoid Temptation at the Grocery Store"},"todo_list":[{"title":"Making Your List","tasks":[{"title":"Write a detailed list.","content":"\n Going to the store without a list is like going into battle without a plan: you’ll end up browsing the aisles, buying things you don’t need, and skipping things you do.  Improve your chances of success by mapping out your grocery trip ahead of time, listing all of the essentials for the week—for example, meat, dairy, and produce—as well as any snacks, non-grocery items such as toilet paper or toothpaste, and beverages. \n<ul>\n<li>If you’re having trouble figuring out what you’ll need for the week, try creating a meal plan for the week and then listing the ingredients needed for each meal.</li>\n<li>There are many mobile apps, such as BagIQ and GroceryPal, which can assist in list-making.<sup id=\"_ref-1\" class=\"reference\" aria-label=\"Link to Reference 1\"><a href=\"#_note-1\">[1]</a><span class=\"ts_popup \" hidden=\"\" id=\"ts_popup_1\" style=\"display: none;\">\n\t<span class=\"ts_close\">X</span>\n\t\t<span class=\"ts_name\">Research source</span>\n\t\t<span class=\"ts_description\"></span>\n\t\t\t\t<a href=\"#\" class=\"ts_source\" target=\"_blank\" rel=\"nofollow noreferrer noopener\"></a>\n\n</span>\n</sup>\n</li>\n</ul>\n\n"},{"title":"Include healthy snacks in your list.","content":"\n  While you want the majority of your cart to be taken up by essential meal components, you should also keep some ready-made, healthy nibbles handy.  Putting these diet-friendly foods, such as kale chips or shelled nuts, on your list will ensure that you have some snack options when you’re peckish without deviating from your basic, healthy plan.\n<ul><li>If you don’t trust yourself to opt for healthy snacks while in the store, sign up for a subscription box, such as Naturebox or Graze, that does your health-homework for you and sends delicious snacks right to your door.<sup id=\"_ref-2\" class=\"reference\" aria-label=\"Link to Reference 2\"><a href=\"#_note-2\">[2]</a><span class=\"ts_popup \" hidden=\"\" id=\"ts_popup_2\" style=\"display: none;\">\n\t<span class=\"ts_close\">X</span>\n\t\t<span class=\"ts_name\">Research source</span>\n\t\t<span class=\"ts_description\"></span>\n\t\t\t\t<a href=\"#\" class=\"ts_source\" target=\"_blank\" rel=\"nofollow noreferrer noopener\"></a>\n\n</span>\n</sup>\n</li></ul>\n"},{"title":"Plan one shopping trip a week.","content":"\n  Not only should you plan what you want to buy at the store, but you should also set a schedule for when and how often you’ll go shopping.  If you don’t do this, you’ll find you go to the grocery store more frequently, stopping in to buy ingredients or snacks on an ad hoc basis rather than consolidating your purchases in a single, weekly trip.\n<ul><li>Weekly trips might be insufficient to keep fresh fruit and veggies stocked in your house, so allow yourself semi-weekly trips to the produce market.</li></ul>\n"},{"title":"Make a ‘no-no’ list.","content":"\n  Everyone has a few unhealthy foods they find particularly difficult to resist.  Rather than pretending these items don’t exist when planning your grocery trip, it can help to draw up a special ‘no-no’ or ‘don’t buy’ list.  By doing so, you’re being honest with yourself about your particular weaknesses and making it an explicit priority to conquer them.\n<ul><li>For example, include potato chips, high-sugar cold cereals, candy bars, and pre-packaged baked goods on your ‘don’t buy’ list.</li></ul>\n"}]},{"title":"Sticking to Your List","tasks":[{"title":"Don’t go shopping when you’re hungry.","content":"\n   Studies have shown time and again that going shopping while hungry can cause you to make impulse buys and unwise indulgences at the grocery store.  Fortunately, you can easily sidestep this pitfall by eating a healthy snack, such as an apple, a salad, some nuts, or string cheese, before shopping.\n<ul><li>In the same way, avoid shopping when you’re tired.  Going shopping after work or on your way back from the gym can impair your ability to make good choices, as well as make you particularly drawn to high-sugar, high-fat foods.<sup id=\"_ref-5\" class=\"reference\" aria-label=\"Link to Reference 5\"><a href=\"#_note-5\">[5]</a><span class=\"ts_popup \" hidden=\"\" id=\"ts_popup_5\" style=\"display: none;\">\n\t<span class=\"ts_close\">X</span>\n\t\t<span class=\"ts_name\">Research source</span>\n\t\t<span class=\"ts_description\"></span>\n\t\t\t\t<a href=\"#\" class=\"ts_source\" target=\"_blank\" rel=\"nofollow noreferrer noopener\"></a>\n\n</span>\n</sup>\n</li></ul>\n"},{"title":"Challenge yourself to stick to a certain time limit and budget.","content":"\n  Studies have shown that setting specific goals for yourself—be it at work or in the gym—can improve your chances of success dramatically.  If you challenge yourself to attain a specific goal, you’re making yourself accountable as well as establishing incentive for your efforts.  Translate this principle into successful grocery shopping by making your trip a race against time and budgetary constraints.\n<ul><li>For example, challenge yourself to get all your shopping done in 30 minutes and for under $100.</li></ul>\n"},{"title":"Keep to the periphery of the store.","content":"\n  Most grocery stores are designed so that all the essential—and healthy—foods are stored on the perimeter of the store, meaning that you have to pass through aisles of processed, high-temptation foods in order to get to them.  So, even if you’ve dropped in for a bottle of milk and an onion, for example, you’ll have to traverse most of the store—and see a huge range of tempting products—in order to grab these basic items.\n<ul><li>Stay focused and on-task by skirting the periphery of the store rather than passing through the center aisles.</li></ul>\n"},{"title":"Sip on a bottle of water while shopping.","content":"\n  In addition to snacking on something healthy before going grocery shopping, you can keep your stomach full and cravings suppressed by drinking water as you navigate the store.  Just be sure that you opt for pure or sparkling water rather than juice or soda, as these sugary drinks can pack a calorific punch while actually making you crave food more quickly.\n<ul>\n<li>While diet sodas have no calories, they’re hardly a healthy option.  Studies have shown that the fake sugar contained within does just as much damage to your teeth as the full-sugar variety, and that it can actually spur cravings for sugar.<sup id=\"_ref-9\" class=\"reference\" aria-label=\"Link to Reference 9\"><a href=\"#_note-9\">[9]</a><span class=\"ts_popup \" hidden=\"\" id=\"ts_popup_9\" style=\"display: none;\">\n\t<span class=\"ts_close\">X</span>\n\t\t<span class=\"ts_name\">Research source</span>\n\t\t<span class=\"ts_description\"></span>\n\t\t\t\t<a href=\"#\" class=\"ts_source\" target=\"_blank\" rel=\"nofollow noreferrer noopener\"></a>\n\n</span>\n</sup>\n</li>\n<li>Carrying around an aluminum or plastic reusable water bottle is a good idea at all times, not just when you’re out grocery shopping.  This simple practice encourages you to sip throughout the day, meaning you feel fuller and also that your body receives sufficient hydration to function properly.<sup id=\"_ref-10\" class=\"reference\" aria-label=\"Link to Reference 10\"><a href=\"#_note-10\">[10]</a><span class=\"ts_popup \" hidden=\"\" id=\"ts_popup_10\" style=\"display: none;\">\n\t<span class=\"ts_close\">X</span>\n\t\t<span class=\"ts_name\">Research source</span>\n\t\t<span class=\"ts_description\"></span>\n\t\t\t\t<a href=\"#\" class=\"ts_source\" target=\"_blank\" rel=\"nofollow noreferrer noopener\"></a>\n\n</span>\n</sup>\n</li>\n</ul>\n"}]},{"title":"Avoiding Pitfalls","tasks":[{"title":"Shop alone in order to avoid peer pressure.","content":"\n  Having a companion at the grocery store can make an otherwise tedious chore fun and diverting.  Unfortunately, though, it can also distract you from list-focused goals and present you with additional temptations.  Kids in particular can pressure you to purchase unhealthy snacks and beverages, so leave anyone who encourages splurging and bad behaviors at home when it’s time to grocery shop.\n<ul><li>In contrast, if you have a gym buddy or other like-minded friend in your life, feel free to take them along!  A health-conscious companion can help you resist temptation and stick to your list.</li></ul>\n"},{"title":"Say no to samples.","content":"\n  Though a tiny piece of cheese or a bit of sausage might seem harmless, indulging in a free sample can actually derail your whole shopping trip.  After all, free samples are designed to encourage you to buy something you wouldn’t ordinarily, and they can cause a craving for something sweet or salty which you didn’t have when entering the store.\n<ul><li>Massive chain retailers like Costco are particularly sample-heavy, so avoid temptation by frequenting local markets instead.</li></ul>\n"},{"title":"Don’t buy something just because it’s on promotion.","content":"\n Just like free samples, these in-store promotions are designed to get you to deviate from your list, to buy items you weren’t planning on purchasing when you entered the store in the first place.  So, while it might seem cost-efficient to go for something on a two-for-the-price-of-one promotion, remember that your priority is sticking to your list, not buying as much food as possible at reduced prices.  \n<ul><li>This isn’t to say that you can’t take advantage of special sales and discounts.  Do so in a smart way, though, by signing up for your store’s customer loyalty card, or using a mobile coupon app that helps you find discounts on items already included on your list.</li></ul>\n"},{"title":"Shop farmers’ markets and other specialty produce shops.","content":"\n  Foregoing the supermarket in favor of your local farmers’ market has many health and financial benefits.  Not only do you support local businesses, but you also pack your visual horizon with fresh, whole foods while limiting your exposure to those processed, tempting items which fill the supermarket.\n<ul><li>If there are some items on your list not available at the farmers’ market, wait to visit the supermarket until after you’ve done your shopping at the farmers’ market.</li></ul>\n"},{"title":"Use an online shopping and delivery service like Peapod.","content":"\n  If you still find yourself struggling and failing to stay on-track at the grocery store, fret not!  Simply sign up for an online grocery delivery service and you can shop the once-hazardous aisles of your grocery store from the comfort of your own home.  This practice allows you to find all the items you need, while eliminating your ability to browse unnecessary items and make impulse buys.\n<ul><li>If you’re trying to get into cooking but still find ingredient-shopping challenging, try a subscription box, such as Blue Apron, PlateJoy, or HelloFresh.  These services deliver specific recipes, as well as the necessary, measured-out ingredients for said recipes, to your door every week.<sup id=\"_ref-16\" class=\"reference\" aria-label=\"Link to Reference 16\"><a href=\"#_note-16\">[16]</a><span class=\"ts_popup \" hidden=\"\" id=\"ts_popup_16\" style=\"display: none;\">\n\t<span class=\"ts_close\">X</span>\n\t\t<span class=\"ts_name\">Research source</span>\n\t\t<span class=\"ts_description\"></span>\n\t\t\t\t<a href=\"#\" class=\"ts_source\" target=\"_blank\" rel=\"nofollow noreferrer noopener\"></a>\n\n</span>\n</sup>\n</li></ul>\n"}]}],"questions":[]}