{"meta":{"description":"Rhubarb is a vegetable that many people treat like a fruit. Its tart flavor pairs well with dishes cooked with sugar, ginger, or strawberries.[1] You might dream of a making a fresh rhubarb pie or having an endless supply for cooking, baking, and drinks. You can buy rhubarb for cooking either in stores for immediate use or as seeds or small plants for your garden.","title":"Buy Rhubarb"},"todo_list":[{"title":"Getting Rhubarb for Cooking","tasks":[{"title":"Recognize the different rhubarb crops.","content":"\n Knowing the seasons and crops of rhubarb can help you buy the most optimal one for your purposes. The first, or forced, crop grows in pots and is harvested between January and early February. This rhubarb is more tender and delicately flavored. The second, or maincrop, crop arrives between late March and early June. It has a more intense flavor and robust texture than the early crop.\n<ul><li>In some places, there is a third crop from late July to early August.<sup id=\"_ref-3\" class=\"reference\" aria-label=\"Link to Reference 3\"><a href=\"#_note-3\">[3]</a><span class=\"ts_popup \" hidden=\"\" id=\"ts_popup_3\" style=\"display: none;\">\n\t<span class=\"ts_close\">X</span>\n\t\t<span class=\"ts_name\">Research source</span>\n\t\t<span class=\"ts_description\"></span>\n\t\t\t\t<a href=\"#\" class=\"ts_source\" target=\"_blank\" rel=\"nofollow noreferrer noopener\"></a>\n\n</span>\n</sup>\n</li></ul>\n\n"},{"title":"Find plump stalks.","content":"\n Look for rhubarb at your local farmer’s market or grocery store. Sort through the plants and look for stalks that are plump. These are often the best stalks of rhubarb for consumption.\n<ul><li>Some plump stalks may be green, which can indicate that they are older. These may be less flavorful.<sup id=\"_ref-5\" class=\"reference\" aria-label=\"Link to Reference 5\"><a href=\"#_note-5\">[5]</a><span class=\"ts_popup \" hidden=\"\" id=\"ts_popup_5\" style=\"display: none;\">\n\t<span class=\"ts_close\">X</span>\n\t\t<span class=\"ts_name\">Research source</span>\n\t\t<span class=\"ts_description\"></span>\n\t\t\t\t<a href=\"#\" class=\"ts_source\" target=\"_blank\" rel=\"nofollow noreferrer noopener\"></a>\n\n</span>\n</sup>\n</li></ul>\n"},{"title":"Feel the stalk for texture.","content":"\n Good quality rhubarb stalks are firm to the touch. They should also be crisp, which you can test by snapping off a small bit. Getting firm, crisp stalks of rhubarb can help you turn them into a wonderful dish.\n<ul><li>Keep in mind first crop rhubarb stalks may be more tender in texture than second crop ones.</li></ul>\n"},{"title":"Examine the stalk color.","content":"\n Rhubarb can range in color from green to a deep red. Opt for redder stalks of rhubarb. These are younger, more tender, and sweeter. They may also taste better. Some stalks may have a slight green-ish tinge to them, which is normal. Buy these if there aren’t any perfectly, deep red stalks available.\n"},{"title":"Look at the stalk’s luster.","content":"\n One final trait that can signal the quality of a rhubarb stalk is the luster. Check for shinier plants, which can indicate that they are young, fresh and delicious.\n"},{"title":"Check the leaves.","content":"\n Many stores and markets will remove rhubarb leaves because you can’t eat them. If the leaves are still attached, they can also help you pick out the best rhubarb. Find leaves that are a brighter green color. They should also be perky and not wilted. This can help tell if the stalks are older or haven’t received proper care.\n<ul><li>Rhubarb plants leaves are poisonous when consumed in large quantities.</li></ul>\n"}]},{"title":"Purchasing Rhubarb Plants","tasks":[{"title":"Choose different types of plant.","content":"\n There are many different kinds of rhubarb. They have subtle variations in appearance and taste. Plant different kinds to enhance your flavor experience or stick to one you know you like. The following are types of rhubarb plant:\n<ul>\n<li>McDonald’s Canadian Red: a deep red plant good for canning, freezing, or baking</li>\n<li>Canada Red: cherry-red color that has a sweet, juicy flavor</li>\n<li>Colorado Red: pure red good for jams and jellies</li>\n<li>Cherry red: cherry-red color that has a sweet flavor</li>\n<li>German-wine: green stems with pink speckles that have a very sweet flavor</li>\n<li>The Sutton: green and red streaked that has a very fragrant, tender and sweet taste</li>\n</ul>\n"},{"title":".","content":"\nGrow plants from seeds Rhubarb is a hearty plant that can withstand winters and drought. It may take two years for the seeds and plants to establish themselves, but once they do, your yields will increase every year. Buying seeds of your chosen rhubarb plants can give you a never ending supply of this tangy vegetable. Soak the seeds for 1-2 hours before planting to speed germination. Then add 2 seeds per 2- to 3-inch pot.\n<ul><li>Keep the plants in a warm area to <a href=\"/Germinate-Seeds\" title=\"Germinate Seeds\">speed germination</a>. If they are in a sunny spot, make sure the plants have afternoon shade during the hottest months.</li></ul>\n"},{"title":"Plant rhubarb crowns","content":"\n<a href=\"/Grow-Rhubarb\" title=\"Grow Rhubarb\"><b class=\"whb\">Plant rhubarb crowns</b></a> Another way to buy rhubarb plants is using a rhubarb crown. This is a bare, dormant plant crown and its root systems. Purchase these at most garden and home stores, or ask a friend with a rhubarb plant to give you one.\n<ul><li>Place the crown with the dormant bud facing into the ground in a sunny spot. Plant additional crowns about 3 feet apart.</li></ul>\n"},{"title":"Buy seedlings.","content":"\n Many markets and gardening or home stores sell rhubarb seedlings. These are rhubarb plants that are about 4 inches tall. They are also ready to plant in your garden. Purchase seedlings with green, perky and unbroken leaves. Check the soil to ensure it’s moist. Doing this can ensure you buy healthy, viable seedlings that grow into delicious plants.\n<ul><li>Plant your seedlings in a protected, warm spot. They should receive afternoon shade during the hottest months of the year.</li></ul>\n"}]}],"questions":[{"title":"Where can I buy forced rhubarb in January to cook?","content":"Support wikiHow by unlocking this staff-researched answer.\nIf you live near a place that grows rhubarb in \"forcing sheds,\" then it may be possible for you to get it all year round. Forcing sheds are common in North America and the U.K., but you don't mention where you are or what season January is for your location, so you'll need to do some research for the availability of such growers in your area."}]}