{"meta":{"description":"Eating locally produced food has many benefits, ranging from quality and freshness to a smaller carbon footprint. You can buy food directly from local producers by visiting your farmers’ market, joining a CSA, or buying directly from a local farm. You can also purchase local foods at food cooperatives, in restaurants, and at your local grocery store.","title":"Buy Local Food"},"todo_list":[{"title":"Buying from Local Producers","tasks":[{"title":"Visit your local farmers’ market.","content":"\n Many communities host farmers’ markets where local producers sell meat, produce, and other locally produced items. In some locations, you can even use your federal food assistance funds to purchase fresh, local food. Call your local chamber of commerce or visit your city or town’s website to see when your local farmers’ market is scheduled.\n\n"},{"title":"Join a CSA.","content":"\n Community Supported Agriculture, also referred to as CSA, is a direct farm-to-consumer program. When you join a CSA, you agree to pay upfront for a season’s worth of local food, and receive a share weekly or biweekly. This arrangement helps the farmer pay for costs throughout the season, and guarantees a paying customer base.\n<ul><li>Most CSAs will require you to pick up your share each week at a predetermined spot in the local community.</li></ul>\n"},{"title":"Explore options at local farms.","content":"\n While CSAs and farmers’ markets are two of the most popular ways to buy local produce, you can also eat locally by exploring farms in your area. Many farms allow you to pick your own produce when it is <a href=\"/Buy-in-Season\" title=\"Buy in Season\">in season</a>, or sell meat and poultry directly to consumers. Call around to local farms, or visit their websites, and ask what options they have for buying local food.\n"},{"title":"Enjoy local produce stands.","content":"\n Many local producers will set up produce stands during peak season as a way to sell food directly to consumers. Sometimes these stands are located on the agricultural property itself, while other times producers set up stands along roadways or in other popular areas. Keep an eye out for local produce stands and pick up a few melons the next time you pass one.\n"}]},{"title":"Buying from Local Shops and Restaurants","tasks":[{"title":"Check out your local food co-op.","content":"\n If your community has a food co-op, take some time to explore local foods there. Most co-ops offer local produce, and many also sell local meat, dairy, eggs, and prepared foods. Ask the staff what foods are produced locally before you buy.\n"},{"title":"Visit restaurants that offer local food.","content":"\n It is becoming increasingly common for restaurants to serve dishes made with local, seasonal ingredients. If you want to eat local food on the go, or enjoy it in your own town, visit a restaurant that serves up local ingredients. Check out the restaurant’s website or call ahead of time to see what’s in season and on the menu.\n"},{"title":"Visit your grocer.","content":"\n In many locales you can access locally produced food at your everyday grocery store. Many stores carry local or regional produce when in season, and some also offer local dairy, meat, and eggs. Ask the manager of your local grocery store about what foods are available for purchase throughout the year.\n"}]}],"questions":[]}