{"meta":{"description":"This wikiHow shows you how to order groceries from Walmart using an Android smartphone, with either the Walmart Grocery app or by accessing the Walmart Grocery website. You’ll need a Walmart Online account in order to place orders, so it’s important you set up an account before proceeding.","title":"Order Groceries Online from Walmart on Android"},"todo_list":[{"title":"Using Walmart Grocery App","tasks":[{"title":"Open the Google Play Store app.","content":"\n It’ll have a white icon with a red, orange, blue, and green arrow in it and can be accessed from the homescreen.\n\n"},{"title":"Navigate to the Walmart Grocery app.","content":"\n Simply type “walmart grocery” into the <div class=\"mwimg  t techicon floatright \" style=\"max-width:36px\"><a href=\"#/Image:Android7search.png\" class=\"image\"><img alt=\"Image titled Android7search.png\" src=\"https://www.wikihow.com/images/1/1a/Android7search.png\" decoding=\"async\" class=\"whcdn\" data-srclarge=\"/images/thumb/1/1a/Android7search.png/30px-Android7search.png\" data-width=\"460\" data-height=\"460\" id=\"33a91fcb1038c91879fe07a681f8278b\"><div class=\"image_details\" style=\"display:none;\"><span style=\"display:none;\">{\"smallUrl\":\"https:\\/\\/www.wikihow.com\\/images\\/1\\/1a\\/Android7search.png\",\"bigUrl\":\"\\/images\\/thumb\\/1\\/1a\\/Android7search.png\\/30px-Android7search.png\",\"smallWidth\":460,\"smallHeight\":460,\"bigWidth\":30,\"bigHeight\":30,\"licensing\":\"&lt;div class=\\\"mw-parser-output\\\"&gt;&lt;p&gt;I edited this screenshot of an Android icon\\n&lt;\\/p&gt;&lt;p&gt;License: &lt;a target=\\\"_blank\\\" rel=\\\"nofollow noreferrer noopener\\\" class=\\\"external text\\\" href=\\\"http:\\/\\/en.wikipedia.org\\/wiki\\/Fair_use\\\"&gt;Fair Use&lt;\\/a&gt;&lt;br&gt;\\n&lt;\\/p&gt;&lt;\\/div&gt;\"}</span></div></a></div>search bar and tap on  (orange icon with six white lines) in the list of search results.\n"},{"title":"Select Install.","content":"\n This will download the app onto your phone.\n"},{"title":"Open the Walmart Grocery app.","content":"\n You'll usually find its icon in the app drawer or on the home screen, or you can simply tap  on the app’s Play Store page.\n"},{"title":"Sign in to your Walmart Online account.","content":"\n Tap the  tab in the bottom-right of the menu pane at the bottom of the screen, which will direct you to a page with more options. Once there, scroll down and select .\n<ul><li>If you don’t have an account already set up, follow the directions for setting up an account after selecting <b>Sign In/Create Account</b>.</li></ul>\n"},{"title":"Search for groceries you want to order.","content":"\n Simply tap the  tab next to Account in the menu pane at the bottom of the screen and enter the name of the food(s) you want to order in the <div class=\"mwimg  t techicon floatright \" style=\"max-width:36px\"><a href=\"#/Image:Android7search.png\" class=\"image\"><img alt=\"Image titled Android7search.png\" src=\"https://www.wikihow.com/images/1/1a/Android7search.png\" decoding=\"async\" class=\"whcdn\" data-srclarge=\"/images/thumb/1/1a/Android7search.png/30px-Android7search.png\" data-width=\"460\" data-height=\"460\" id=\"33a91fcb1038c91879fe07a681f8278b_1\"><div class=\"image_details\" style=\"display:none;\"><span style=\"display:none;\">{\"smallUrl\":\"https:\\/\\/www.wikihow.com\\/images\\/1\\/1a\\/Android7search.png\",\"bigUrl\":\"\\/images\\/thumb\\/1\\/1a\\/Android7search.png\\/30px-Android7search.png\",\"smallWidth\":460,\"smallHeight\":460,\"bigWidth\":30,\"bigHeight\":30,\"licensing\":\"&lt;div class=\\\"mw-parser-output\\\"&gt;&lt;p&gt;I edited this screenshot of an Android icon\\n&lt;\\/p&gt;&lt;p&gt;License: &lt;a target=\\\"_blank\\\" rel=\\\"nofollow noreferrer noopener\\\" class=\\\"external text\\\" href=\\\"http:\\/\\/en.wikipedia.org\\/wiki\\/Fair_use\\\"&gt;Fair Use&lt;\\/a&gt;&lt;br&gt;\\n&lt;\\/p&gt;&lt;\\/div&gt;\"}</span></div></a></div>Search bar.\n"},{"title":"Add items to your order.","content":"\n Tap the  button that appears in the bottom-right of the icon displaying the item you want to order.\n"},{"title":"Review your order before purchasing.","content":"\n You can tap the Cart icon in the top-right corner of the screen to pull up your order and make changes to it, such as editing the quantity of a certain item or removing any items you decide not to purchase.\n"},{"title":"Select Proceed to Checkout.","content":"\n\n"},{"title":"Tap Pickup or Delivery at the top of the page.","content":"\n\n<ul>\n<li>\n<b>Delivery</b> requires an extra fee and is not available in all areas. The app prompts you to enter your delivery address if you choose this option. Click <b>Add</b> in the upper right corner of the screen to add your address.</li>\n<li>If you choose the <b>Pickup</b> option, you'll need to choose your preferred store by clicking the <b>Change</b> option. You'll also need to select a pickup date and time.</li>\n</ul>\n"},{"title":"Tap Continue.","content":"\n\n"},{"title":"Enter your payment information when prompted.","content":"\n\n"},{"title":"Submit your order.","content":"\n This may require you to tap on  to complete the process. \n"}]},{"title":"Using the Walmart Grocery Website","tasks":[{"title":"Open your phone’s Internet browser and go to https://grocery.walmart.com/.","content":"\n This will direct you to Walmart’s Grocery website.\n"},{"title":"Sign in to your Walmart Online account.","content":"\n Tap the  tab in the top-right of the page and enter your email and password.\n<ul><li>If you don’t have an account, select <b>Create a new account</b> at the bottom of the login page and follow the directions for setting up an account.</li></ul>\n"},{"title":"Select pickup location and date.","content":"\n\n"},{"title":"Search for the items you want to order.","content":"\n Simply enter the name of each item in the <div class=\"mwimg  t techicon floatright \" style=\"max-width:36px\"><a href=\"#/Image:Android7search.png\" class=\"image\"><img alt=\"Image titled Android7search.png\" src=\"https://www.wikihow.com/images/1/1a/Android7search.png\" decoding=\"async\" class=\"whcdn\" data-srclarge=\"/images/thumb/1/1a/Android7search.png/30px-Android7search.png\" data-width=\"460\" data-height=\"460\" id=\"33a91fcb1038c91879fe07a681f8278b_2\"><div class=\"image_details\" style=\"display:none;\"><span style=\"display:none;\">{\"smallUrl\":\"https:\\/\\/www.wikihow.com\\/images\\/1\\/1a\\/Android7search.png\",\"bigUrl\":\"\\/images\\/thumb\\/1\\/1a\\/Android7search.png\\/30px-Android7search.png\",\"smallWidth\":460,\"smallHeight\":460,\"bigWidth\":30,\"bigHeight\":30,\"licensing\":\"&lt;div class=\\\"mw-parser-output\\\"&gt;&lt;p&gt;I edited this screenshot of an Android icon\\n&lt;\\/p&gt;&lt;p&gt;License: &lt;a target=\\\"_blank\\\" rel=\\\"nofollow noreferrer noopener\\\" class=\\\"external text\\\" href=\\\"http:\\/\\/en.wikipedia.org\\/wiki\\/Fair_use\\\"&gt;Fair Use&lt;\\/a&gt;&lt;br&gt;\\n&lt;\\/p&gt;&lt;\\/div&gt;\"}</span></div></a></div>Search bar at the top of the website’s home page.\n"},{"title":"Add items to your cart.","content":"\n Tap the  option next to the item you want to add.\n<ul><li>You’ll need a minimum total of $30 to check out, so make sure you order everything you need.</li></ul>\n"},{"title":"Review your order before purchase.","content":"\n Tap the Cart button in the top-right corner of the screen to view all items in your current order and make any changes to the order before placing it.\n"},{"title":"Tap Check Out.","content":"\n Once you’ve made sure your order is ready to go, you can proceed to complete your purchase.\n"},{"title":"Select your preferred method for receiving your order.","content":"\n You can either continue with the pickup options or can select Delivery to have your groceries delivered to your home.\n<ul>\n<li>Delivery may not be available in your area, so it's best to go with Pickup when unsure if groceries will be delivered to your address or if you don't want to pay the delivery fee.</li>\n<li>To change the pickup location, tap on the <b>Change</b> button in the <b>Pickup from</b> tab.</li>\n<li>To change the pickup date, tap the <b>See times</b> button in the <b>Reserve a time slot</b> tab.</li>\n</ul>\n"},{"title":"Tap Place Order.","content":"\n Your order will be processed and delivered to your arranged pickup location or your home address.\n"}]}],"questions":[]}