{"meta":{"description":"A laser pointer is a small handheld device, which emits a narrow and coherent beam of light. A homemade laser pointer is cheap, and easy to make. This quick guide will teach you how to make a laser pointer at home.","title":"Build a Laser Pointer"},"todo_list":[{"title":"Steps","tasks":[{"title":"Gather your materials.","content":"\n Most of the materials mentioned in the things you'll need section can be procured at online shopping sites or hardware retail shops. Some, such as the laser diode, can be found in other electronic devices such as a disk burner.\n\n"},{"title":"Keep the law in mind.","content":"\n Many countries have laws governing the use and power of laser pointers. You can even be prosecuted for having a laser pointer which exceeds the permissible power limit. Be sure to keep the law in mind and tone down your laser pointer as and when necessary.\n"},{"title":"Drill the holes.","content":"\n You will need to drill two holes in the casing. Drill one on the top of the casing. This will be the switch. Drill another hole on the side of the casing for the laser.\n"},{"title":"Insert the laser diode into the casing.","content":"\n Some casings come with laser diodes built in. If your casing comes with a built in laser diode, check whether it is powerful enough for your needs. If it isn't, gently remove the laser diode and replace it with a new one.\n"},{"title":"Add a power source to your laser.","content":"\n Any battery pack will do, as long as it is powerful enough.\n"},{"title":"Attach the power source to the laser diode.","content":"\n You can solder pins on the laser diode to make the attachment easier.\n"},{"title":"Put on the finishing touches.","content":"\n Add a switch, and solder all the components to the casing.\n"},{"title":"Test your laser pointer.","content":"\n Check whether it works. If it doesn't , you may need to replace the power source or check whether all the components are attached correctly.\n"}]}],"questions":[{"title":"How can I increase the power of the pointer to 1 watt?","content":"Get a new (more powerful, more expensive) laser diode. They can be purchased on eBay and various Chinese sites (Banggoood, LightInTheBox, etc.)."},{"title":"Is a laser pointer harmless if I touch the beam?","content":"It depends on the power of the laser, laser pointers like the one you will find in pens are mostly harmless unless you shine them in someone's eyes. Though burning lasers will burn you hand but a laser pointer is not that kind of laser."},{"title":"What is an ideal battery when building a laser pointer?","content":"The ideal battery should be reliable, rugged (doesn't break when you drop the thing), rechargeable (so you can keep using the pointer), capable of storing tons of power and match the voltage and amperage requirements of the diode."}]}