{"meta":{"description":"In this instructional guide, we will be learning how to build a high powered laser system out of simple household materials, which, in this case, are a broken down desktop with a DVD drive. The laser will be a red-type laser, meaning it operates under a wavelength of 635-680 nm. The laser in our case will be powered by the desktop's power module (or PSU), which will eventually give an output of 250 Mw. The laser diode we will be using will be extracted from the DVD burner itself, saving us more money on parts. What we will be doing overall is inserting the laser diode into the heat sink extracted from the desktop computer, and hooking it up to a regulation module. That module will then be hooked up the computer's PSU and that would hopefully give us a fully functioning burning laser.","title":"Build a High Powered Laser"},"todo_list":[{"title":"Steps","tasks":[{"title":"Lay the desktop computer on its side and open the cover; this should be relatively easily done by unscrewing the screws running alongside of the cover.","content":"\n\n\n"},{"title":"Remove the cover.","content":"\n Extract two of the main components, the PSU and the DVD burner.\n<ul><li>The PSU should come right out, and the DVD burner might be anchored down with two small screws. Undo those and it should come right out of place.</li></ul>\n"},{"title":"Extra the heat sinks.","content":"\n After extracting the first two main components, you need to extract the heat sinks; they will easily pop out with no effort and are usually located on the motherboard. The picture above is what the heat sinks look like The second heat sink will be a smaller version of the one shown, it will be placed directly on top of the motherboard, so when you open the computer and take our components out will see a tiny heat sink sitting on top o what looks like a giant microchip, just pull it out.\n"},{"title":"Open the DVD burner and extract the sled.","content":"\n After extracting the sled, you will need to remove the laser diode located in the sled.\n<ul><li>The sled should be relatively easy to remove, as it is located on the upper face of the burner.</li></ul>\n"},{"title":"Unscrew the diode head Once you remove the sled, and file down the soldered metal to make a smooth shape around the base.","content":"\n You should end up with a lense diode that is captured in the picture above.Most DVD burners will have the same set-up, however, if your burner is different, your diode will still look like the one in the picture, if you need further guidance on how to remove the diode refer to the following youtube video from user \"tingawinga5\" :<a target=\"_blank\" rel=\"nofollow noreferrer noopener\" class=\"external free\" href=\"https://www.youtube.com/watch?v=ndHKivuU7RQ\">https://www.youtube.com/watch?v=ndHKivuU7RQ</a>\n"},{"title":"Press the laser diode into an AIXIS module.","content":"\n Those can be purchased on <a href=\"/Buy-on-eBay\" title=\"Buy on eBay\">eBay</a> for around $3-8 each, and can be easily assembled and re-assembled.\n"},{"title":"Ensure you've squeezed the diode into the module.","content":"\n Make sure that you attach long wires into the diode following this schematic.\n<ul><li>Your positive IN will show a thick circle around the attachment point so will your PD (unused). However, your negative will show a thinner circle around its entry point, and they will be arranged in the same order as this schematic. Solder your wires into the proper points and your end product should look like figure two above.</li></ul>\n"},{"title":"Do not reverse the polarity.","content":"\n In this step, you will need to be very careful as to not reverse the polarity when soldering wires; make sure you clearly marked your (+) and (-) wires on your laser diode. Solder the positive output wire to the 3 ohm resistor, then continue by soldering the second end of the resistor to the output tongue of your lm 371 module(3). As for your diode's negative wire, solder that directly into the ground tongue of your module(2) and create a wire for running to a negative wire. From your input tongue on your module(1), solder the positive running wire. When soldering it is suggested  that use a plastic card is used as a separator all between elements to avoid run off of the liquid metal, if you are new to using a soldering iron, practice on some spare wires first by following this video from youtube user \"cold restart\":<a target=\"_blank\" rel=\"nofollow noreferrer noopener\" class=\"external free\" href=\"https://www.youtube.com/watch?v=BLfXXRfRIzYbr\">https://www.youtube.com/watch?v=BLfXXRfRIzYbr</a>>\n"},{"title":"Drill a ½ inch hole horizontally into your heat sink.","content":"\n After that, clean the whole form (all metal debris), and insert your laser diode assembly into it, making sure the side with the lense sits flush against the edge of the heat sink. After carefully positioning the diode assembly, use thermal glue to permanently affix it into place. Allow ample time for the finished product to dry. (During this time you will start working on the PSU.)\n"},{"title":"Start working on the PSU.","content":"\n\n<ul>\n<li>The PSU can be slightly tricky, break it down to the following steps:</li>\n<li>Clip off all of the white plastic wire connectors.</li>\n<li>Sort the wires by colors; this will make the job way easier.</li>\n<li>Find the black and green wires, clip them, and then tie them together (make sure&nbsp;you cover the exposed area with electric tape)</li>\n<li>The yellow wire will be your (+), the red wire your (-).</li>\n<li>Solder the wires to your module wires as directed in step eight.</li>\n<li>You may want to glue the second heat sink to the module chip, since this chip might get really hot.</li>\n</ul>\n"},{"title":"Make sure all of your wire connections are properly insulated and soldered, since we are working with a 110V power supply all naked wires must be covered to make sure no exposed wires are rubbing on each other.","content":"\n\n"},{"title":"Put on safety goggles.","content":"\n <i>While wearing safety goggles,</i> make sure that the diode is facing a wall of a hard surface, and plug the PSU into a power outlet. Turn on the power button and enjoy your new laser.  #*The laser can run for prolonged periods of time without getting hot since the heat sinks will help dissipate the heat from both the diode and the module.\n"}]}],"questions":[{"title":"What is the heat sink for?","content":"The laser becomes very hot, and with electronics, heat is bad. With too much heat, components wear out or fail completely."},{"title":"What’s the most that this laser can burn?","content":"This is a 100mw laser diode, so it could light a match, burn the surface of wood, and possibly cut electrical tape."},{"title":"How do this work?","content":"It works by using a driver to regulate the power coming from the laser, and from there the power flows into the diode, lighting it up and producing a lot of light, which can be focused into a single point. The heat sink is to make sure that the diode does not overheat, but you still should not run it for a long time, because it still heats up."},{"title":"Could I modify these plans to use a green laser diode from a laser pointer with a wavelength of 532nm and a \"maximum\" output of 240mw (many people have gotten higher power output with this model)?","content":"It is not really a modification, but yes you can. The first thing you need to do is adjust the driver to your desired current. After that, you should connect the driver to the diode, and last but not least, put the driver and diode in a module and hook it up to a power source. Make sure you use eye protection."},{"title":"Can the laser burn wood?","content":"It can burn the surface of wood if it is focused, but it will not burn through it."}]}