{"meta":{"description":"Lasers have fascinated people for years. They bring to mind both science fiction and science fact, making them a lot of fun to play with. Low powered laser pointers are commonplace as classroom tools or pet toys, but if you get the right diode you can construct and focus a laser that is powerful enough to burn through objects or set them on fire. That said, such a laser can be dangerous and should not be taken lightly.","title":"Make a Burning Laser"},"todo_list":[{"title":"Obtaining a Diode","tasks":[{"title":"Select a diode strength and color.","content":"\n The strength of a diode will be listed in microwatts (mW). The color of the diode will be determined by its wavelength (measured in nanometers, nm). A wavelength of 650 nm corresponds to a red laser, a wavelength of 405 nm corresponds to a blue laser, and  a green laser has a wavelength around 520 nm. Green lasers are the most expensive, followed by blue. Red is the cheapest.\n<ul><li>You can buy diodes online and sometimes at electronic supply stores. The diode costs can range anywhere from tens to thousands of dollars, depending on the laser you choose.</li></ul>\n\n"},{"title":"Take apart an old DVD or Blu-Ray disk burner.","content":"\n If you aren't picky about the color, you can take apart an old DVD or Blu-Ray disk burner. There will be two diodes. Find the diode on the disk burning side. The one on the disk reading side is not strong enough to produce a burning laser.\n<ul><li>The diode will look like a small round light. It is likely encased in metal and will be positioned so that it can shine on the bottom of the DVD/Blu-Ray tray.</li></ul>\n"},{"title":"Salvage the diode from the disk burner.","content":"\n Once you have located the disk burning diode, remove it from the DVD (or Blu-Ray) burner. You may have to remove small screws or cut the diode away from the rest of the burner. It is possible that the diode is encased in a metal casing. If this is the case, the casing can be left on the diode after you remove it.\n"}]},{"title":"Constructing the Laser","tasks":[{"title":"Connect the diode to a laser driver.","content":"\n The laser driver is the electrical component that controls the functioning of the laser. The diode will likely need soldered to the laser driver. There should be two leads coming from the diode for this purpose. Use a soldering gun to solder the leads to the driver at the positive and negative terminals. These terminals should be labeled on the driver and extend to the edge of the driver for soldering purposes.\n<ul><li>The driver should not be connected to any power source until soldering is complete.</li></ul>\n"},{"title":"Power the laser with batteries.","content":"\n After the diode has been connected to the driver, you can connect the driver to a power source. Batteries are the go to choice since they make your laser portable. You will need at least AA batteries to produce a burning laser.\n<ul><li>The driver will have leads for a power supply. These leads will need to be connected to a battery pack or directly to the battery. If the leads need soldered, you will have to use a battery pack. You cannot solder onto a battery.</li></ul>\n"},{"title":"Encase the laser.","content":"\n You can buy a laser casing online to house the parts of your laser. Alternatively, you can make a laser casing from things lying around your house. Popular items used to make casings include Altos mint cans, bic lighters, and the casings of weaker laser pointers.\n"}]},{"title":"Focusing the Laser","tasks":[{"title":"Obtain a laser lens.","content":"\n A laser lens is needed to condense the light from a wide pattern to a thin beam. This concentrates the energy of your laser. This concentrated beam is what allows you to burn things with your laser.\n<ul><li>Glass lenses are better than plastic lenses, but they are more expensive.</li></ul>\n"},{"title":"Concentrate the beam.","content":"\n Adjust the lens to concentrate the beam when you are using the laser. This will make the beam powerful enough to burn through some materials and ignite matches or paper. Be very careful when using this laser. Do not point it at anyone or anything that does not belong to you. The laser is very dangerous when focused.\n<ul><li>It is a crime to point the laser at aircraft and/or motor vehicles.</li></ul>\n"},{"title":"Widen the beam when you are finished.","content":"\n Adjust the beam so that the laser is spread out. This will make the laser less powerful when hitting any one spot. This is the safest way to store the laser in case it accidentally gets turned on. Keep in mind that the laser can still be dangerous, however. It should never be within reach of children.\n"}]}],"questions":[{"title":"Can I use the laser from a DVD player?","content":"No, a DVD reader laser is not powerful enough to burn. However, it would make a simple, fun pet laser pointer."},{"title":"How big does the flashlight have to be?","content":"This depends on your Aziz laser housings size and the average would be a medium sized flashlight that could fit an AA battery."},{"title":"Can a burning laser light a candle?","content":"It depends on how powerful the laser itself is. If you can make smoke from a laser, it can light a candle."},{"title":"Can it go through wood?","content":"If the laser beam is concentrated on one point for an extended period of time, yes, it's likely it could burn through wood."},{"title":"Is this burning laser a lethal weapon?","content":"No, it's not a lethal weapon."},{"title":"Can a burning laser go through cloth?","content":"If the laser is strong enough, it can go through cloth. It could even set the cloth on fire."},{"title":"Can I hook this up to the PSU or a 9-volt?","content":"It depends on how much your diode requires. If you buy a simple laser diode from an electronic shop for DIY projects, they will give you a diode in brass casing - those can be connected directly to 9-volt. It's a DVD one, you will need a particular circuit."},{"title":"Can the laser penetrate tungsten?","content":"No, the laser here isn't strong enough. It is more useful to use an actual plasma cutter."},{"title":"What would be the best diode to use?","content":"The best diode depends on what you want your laser to do. The best diode for visibility or seeing the beam is any diode with a wavelength closes to 555nm. The best color diode for burning is usually green. Here is a link to a diode that is very visible and powerful."},{"title":"Can the laser cause damage to the skin?","content":"Whenever you see a \"burning laser\" your skin is something that it can burn. So, yes it can burn your skin."}]}