{"meta":{"description":"If you’re putting together a news report, a documentary film, or gathering oral history for any kind of personal project, you’ll likely need to perform 1 or more research interviews to gather the information you need. While these interviews can be relatively informal (unless they’re being broadcast live), you’ll need to make a few preparations beforehand, including having a written list of questions to ask. Let the interviewee answer the questions as they see fit, and guide the interview so that all of your questions are adequately answered.","title":"Conduct Interviews for Research"},"todo_list":[{"title":"Laying Groundwork for an Interview","tasks":[{"title":"Research the interview topic to prepare yourself before the interview.","content":"\n If you’re interviewing someone in a field you’re not already familiar with, take 2 or 3 days before the interview to learn about the field. If you walk into the interview without a firm grasp of the basic facts you’ll be asking about, your ignorance will come across to the interviewee and the interview won’t produce much interesting information.\n<ul><li>For example, if you’re interviewing a local biologist about declining frog populations, read up on what types of frogs and frog predators inhabit the area, and find out how much of the frog population has died off.</li></ul>\n\n"},{"title":"Explain the purpose of the interview at least a week beforehand.","content":"\n Clarifying the interview’s purpose to the interviewee will help the person you’re interviewing know what they can expect from the course of the interview and will allow them to feel at ease. Mention roughly how many questions you have, what some of them will address, and approximately how long you think the interview will take.\n<ul><li>If you set up the interview over the phone or via email, say something like, “Thank you for agreeing to answer a few questions. I’m mostly interested in asking you about your extensive knowledge of the publishing industry. I have about 10 questions, but I don’t think this will take more than 30 minutes.”</li></ul>\n"},{"title":"Choose a setting where both you and the interviewee are comfortable.","content":"\n Meet to conduct the interview in a neutral space. Try to avoid a space with distractions, such as a room next to a busy highway. For example, schedule the interview for an empty conference room at a hotel or library, rather than asking the subject to come to your home.\n<ul><li>If you’re conducting the interview over the phone, find a time when you and the interviewee are both free.</li></ul>\n"},{"title":"Bring a video camera or voice recorder to record the interview.","content":"\n Most smartphones have apps that can record audio, so you may already have a suitable recording device in your pocket. If you’d prefer a higher-quality recording, use a video camera or another type of audio recorder. At the very least, bring a pen and paper with you to write down the subject’s answers.\n<ul><li>Don’t tell yourself that you’ll remember the interview! If you don’t record the questions and answers, you’re likely to forget details.</li></ul>\n"}]},{"title":"Writing and Asking Effective Questions","tasks":[{"title":"Write out 6–8 questions to ask during the interview.","content":"\n Plan to have your questions on a sheet of paper with you when you walk into the interview room. It’s fine if you spontaneously come up with a handful of follow-up questions over the course of the interview, but it’s important that the main questions are composed before you sit down with the subject. For example, if you’re interviewing a publishing specialist, write questions like:\n<ul>\n<li>“How did you get your start in the industry?”</li>\n<li>“What’s your favorite type of book to see published?”</li>\n<li>“What would you recommend for any young men or women who’d like to get into publishing?”</li>\n</ul>\n"},{"title":"Craft questions that will generate more than a yes or no answer.","content":"\n In order to elicit articulate, thorough responses from your interviewee, give them open-ended questions that allow them to elaborate and provide their thoughts on the issue. Avoid asking simple questions that can be answered with a single word. Good introductory phrases for open-ended questions include “What do you think …” “Say more about …” or “What would you suggest … .”\n<ul>\n<li>For example, if you ask something like, “Do you think the city planners have done a good job of laying out the new downtown area?” the subject can just answer “yes” or “no.”</li>\n<li>Instead, ask, “What do you think are some of the strengths and weaknesses of the ways the city planners laid out the new downtown area?”</li>\n</ul>\n"},{"title":"Structure your questions objectively and without bias.","content":"\n If the questions that you’re asking become too subjective, or if you try to lead the interviewee to give a specific answer, the interview will lose some of its objectivity. Regardless of any personal feelings on the subject of your question, word your question so that the interviewee can express their personal stance without feeling lead or antagonized.\n<ul>\n<li>For example, avoid a question like, “Isn’t it true that the publishing industry refuses to pay women as much as it pays men?”</li>\n<li>Try asking instead: “What are your views on what some people perceive to be a gender pay gap in the industry?”</li>\n</ul>\n"},{"title":"Ask questions that are clear, generous, and jargon-free.","content":"\n Unless you’re planning to conduct a very aggressive interview (which isn’t recommended), start out with questions that are broad in scope, and get more specific as the interview progresses. Avoid using industry-specific jargon (especially if the interviewee isn’t familiar with the terms). Finally, word your questions as clearly as possible to avoid miscommunicating.\n<ul>\n<li>For example, avoid asking, “Do pay-to-print or vanity presses hurt the fiscal state of big publishing houses?”</li>\n<li>Instead, ask something like, “Are there any trends within publishing that you think are harmful to the industry overall?”</li>\n</ul>\n"}]},{"title":"Behaving During the Interview","tasks":[{"title":"Obtain verbal or written permission to conduct the interview.","content":"\n It's crucial that you get each subject’s verbal consent to being recorded before you begin the interview. Without this consent, the interviewee could allege that you recorded them illegally. Turn on the recorder or video camera, and ask the interviewee to say something like, \"I voluntarily consent to be interviewed for the purpose of academic and historical research.\"\n<ul>\n<li>If you'd rather not ask immediately before the interview, ask the interviewee to fill out a consent form a week before the interview takes place. If the subject refuses to give their consent, you'll be unable to legally do the interview.</li>\n<li>For a sample consent form, look online at: <a target=\"_blank\" rel=\"nofollow noreferrer noopener\" class=\"external free\" href=\"https://managementhelp.org/businessresearch/consent-form.htm\">https://managementhelp.org/businessresearch/consent-form.htm</a>.</li>\n</ul>\n"},{"title":"Guide the interview along the sequence of questions you’ve planned.","content":"\n Bear in mind that you’re in charge of the pace and direction of the interview. If the conversation is moving too slowly, or if you’re ready to move on to, don’t hesitate to bring up the next question. The pacing of the interview is especially important when conducting research, since in some settings, you’ll need to interview multiple individuals in a small amount of time.\n<ul><li>If the interviewee lingers too long on a specific question, try moving things along. Say something like, “I appreciate your insights. I’d like to turn to a different topic at this point: what’s the best college major for a career in publishing?”</li></ul>\n"},{"title":"Listen attentively and maintain composure as the interviewee speaks.","content":"\n Show that you’re engaged with and interested in what the interviewee is saying by maintaining good eye contact and reacting verbally to their major points. That said, avoid looking surprised or giving away a personal bias. This kind of behavior could influence the interviewee to change their response, diminishing the objectivity of the interview.\n<ul><li>For example, even if the interviewee says something surprising like: “I think it’s good that the frogs are dying!” avoid jumping up or shouting “What!?”</li></ul>\n"},{"title":"Display sensitivity and sympathy with the interviewee’s answers.","content":"\n During the course of an interview, sensitive or serious topics may arise, or the subject may say things that are meaningful to them. In these instances, show sensitivity and sympathy in your facial expression and body language. Smile and nod to show your interest in what the interviewee says, or shake your head and frown if they bring up an unpleasant statistic.\n<ul><li>For example, say that the interviewee says, “I became interested in city planning after a friend was killed in a poorly-designed intersection.” It would be inappropriate to say, “So what?” or “That sucks.” Instead, say something like, “I’m sorry to hear that; it’s a real tragedy.”</li></ul>\n"},{"title":"Jot down any final notes after the interview has concluded.","content":"\n Take 5 minutes after the interview to gather your thoughts and make any follow-up notes to the information discussed in the interview. Write a note if, for example, the interviewee used any strange body language that could convey discomfort. Or, make a few notes towards an introductory paragraph you’ll write for the interview.\n<ul><li>This would also be a good time to scroll through the audio or video file that you recorded and make sure that it’s all clear and audible.</li></ul>\n"}]}],"questions":[]}