{"meta":{"description":"Whether you are a student or a professional, you may need to conduct academic research. Strong research involves accessing and evaluating various forms of information. You then analyze the information you find to answer a question or come to a conclusion about an issue. Once your research is complete, you'll present your findings, typically in a research paper or a presentation.[1]","title":"Conduct Academic Research"},"todo_list":[{"title":"Defining Your Research Question","tasks":[{"title":"Determine a broad topic for your research.","content":"\n If you're doing research for a class project, you'll likely already have a broad topic provided by the class. Likewise, if you're doing research for work, your supervisor may indicate what they want you to look into. \n<ul><li>For example, if you're taking a history course on Europe in World War II, the title of the course may be your broad topic. Your instructor might limit your topic further, such as asking you to focus on France.</li></ul>\n\n"},{"title":"Explore the broad topic to find a potential question.","content":"\n Within the broad topic of your project, think about a more specific thing you'd like to know, or question you'd like to answer. Depending on the context of your research, you may need approval from an instructor or supervisor.\n<ul>\n<li>For example, you may decide you want to research the activities of the French Resistance in aiding the Allies during World War II. A potential research question might be \"How did the French Resistance provide intelligence to the Allies?\"</li>\n<li>Some instructors may provide a list of research questions, or other information to help you narrow your topic. If you want to deviate from the list, talk to your instructor about your interests.</li>\n</ul>\n"},{"title":"Conduct an initial search to test your question.","content":"\n Search online or use library databases to get a general idea of how much information is out there about your research question before you commit to it. If you get a lot of results back, you may want to narrow your question. If you have a hard time finding anything, you may need to broaden your scope.\n<ul>\n<li>Identify key words to search, and try different combinations to fully test your question. For example, if you are researching the French Resistance during World War II, you might do a search for \"French Resistance intelligence\" and another for \"French assistance Allies.\"</li>\n<li>If you find articles or books that address your research question exactly, choose a different question. You might review the article or book you find to see if it mentions additional questions that still haven't been answered.</li>\n</ul>\n"},{"title":"Reevaluate your research question based on what you've learned.","content":"\n After your test searches, look at your research question again. Decide whether your original research question is actually in line with the scope of your project. If it isn't, you may need to expand or narrow your focus.\n<ul><li>If you're writing a research paper, consider its length. Generally, a shorter paper should cover a narrower topic. Make sure you have enough sources available.</li></ul>\n"}]},{"title":"Finding Research Sources","tasks":[{"title":"Use non-academic sources as a starting point.","content":"\n Books, as well as newspaper and magazine articles, can increase your familiarity with your topic. They may also introduce you to academic sources and experts whose work you can seek out.\n<ul>\n<li>Documentary films can also serve as good introductory sources.</li>\n<li>You won't necessarily be referencing any of these sources in your project, you're simply using them to get a better feel for your topic, the experts in the field, and the sources available.</li>\n</ul>\n"},{"title":"Identify locations of likely sources.","content":"\n Based on your preliminary research, determine what kind of sources are most likely to have information that will help you answer your research question. In most cases, you'll use a mixture of books, scholarly articles, and online sources.\n<ul>\n<li>For example, if you're researching history, your likely sources will be published books and scholarly articles by historians. If you're researching the development of smart phones, on the other hand, you'll probably find most of your sources online or in tech magazines.</li>\n<li>You may need to use a university or specialty library, which likely has resources that aren't available at libraries open to the general public. Contact the library you want to use to find out how you can gain access.</li>\n</ul>\n"},{"title":"Search for books and scholarly articles.","content":"\n Published books and scholarly articles are typically preferred sources for academic research. Retrieving sources typically involves making a trip to the <a href=\"/Find-Books-in-a-Library\" title=\"Find Books in a Library\">library</a>. You may be able to use the catalogue on the library's website to request titles before you go.\n<ul>\n<li>Depending on your topic, it may be possible to do all of your research online. This is likely if you're researching something trendy or cutting edge, such as a new tech development.</li>\n<li>Many scholarly articles can be found in electronic databases. University libraries typically allow free access to these databases for students and faculty.</li>\n</ul>\n"},{"title":"Get a research librarian to assist you.","content":"\n Research librarians are specifically trained to find sources of information. They can help locate books, articles, and other sources of information that you may not have been able to find on your own.\n<ul>\n<li>In the library, look for the desk called the \"research desk\" or \"reference desk.\" These desks are often towards the back of the library. You can ask at the main desk or circulation desk if you aren't sure where to go.</li>\n<li>Tell the research librarian your research question, and let them know what sources you've found so far, as well as what types of sources you're looking for. They may have additional sources or different search terms to suggest.</li>\n</ul>\n"},{"title":"Keep organized notes on each of your sources.","content":"\n Get a stack of index cards to use for notes. For each source, write the author's name and the title on one side of the index card. On the other side, make a note of any information related to your research question.\n<ul>\n<li>If you read material that you want to quote, write the quote exactly on a note card, then write the page number where that quote can be found. This will differentiate quotes from other notes.</li>\n<li>It can also help to write a key word that identifies the issue the notes on the card relate to, so you can organize cards related to different sections of your paper as you go. This way you'll be able to tell at a glance if there's a part of your paper that needs more sources or information.</li>\n</ul>\n"},{"title":"Synthesize your information and tie up loose ends.","content":"\n As you approach the end of your research, you may find areas that you need to explore further. Try to fill in any gaps in understanding that you have. Any further research you need to do at this point shouldn't be too involved.\n<ul><li>If your research raises additional questions that are outside the scope of your project, you could simply acknowledge that they exist and would require further research.</li></ul>\n"},{"title":"Craft your thesis statement based on what you've found.","content":"\n Your <a href=\"/Write-a-Good-Thesis\" title=\"Write a Good Thesis\">thesis statement</a> is essentially the answer to your research question, our the conclusion that you've come to as a result of your research.\n<ul>\n<li>Your thesis statement makes a claim, or takes a position, and tells your readers why your position is important.</li>\n<li>For example, if you're writing a paper about the French Resistance in World War II for a history class, your thesis statement might be \"By providing intelligence to the Allies, sabotaging German efforts, and rescuing Allied pilots whose planes were shot down, the French resistance weakened the Nazi regime.\"</li>\n</ul>\n"}]},{"title":"Evaluating Your Sources","tasks":[{"title":"Identify what type of source you're using.","content":"\n Sources may be primary or secondary. Primary sources are original material, while secondary sources interpret, evaluate, or collect information from primary sources. For most academic research, primary sources are preferred over secondary sources.\n<ul>\n<li>If you have a secondary source, look in the footnotes or bibliographies to get information about the original source. The citation should allow you to find the primary source and evaluate it yourself.</li>\n<li>You may need to use a secondary source if the primary source is not available to you. For example, if you read an article in which a book is quoted, you would want to find the quoted book if at all possible. However, if the book was published a long time ago and is out of print, you may have no choice but to use the secondary source.</li>\n</ul>\n"},{"title":"Review the credentials of the author or producer of the source.","content":"\n In most cases, the author of a source you're using for academic research will be a professor in the field. If they aren't a professor, look at their background and experience to determine whether they should be considered an expert.\n<ul>\n<li>For science or tech topics, professionals working in the field are often just as reliable as professors or other academic experts.</li>\n<li>If you find the author's name mentioned by other sources, that often means they are respected in the field. If other professionals have relied on their work, that's a good sign that you can rely on it as well.</li>\n</ul>\n"},{"title":"Check the year the source was published.","content":"\n Generally, you want your research to include the most up-to-date information. If a source was published 5 or 10 years ago, the information may be outdated. For research in more cutting edge or rapidly developing fields, information may be outdated after a year or less.\n<ul><li>Whether the year of publication affects the reliability of the information depends on your overall topic. For example, if you're conducting research on ancient Greek philosophy, the date of publication wouldn't necessarily matter. However, if you were conducting research on social media and voting, you would want to use sources published within the last year.</li></ul>\n"},{"title":"Assess the reputation of the publisher of the source.","content":"\n Books and journals typically are published by a university press or other academic publisher. You might also find books published by mainstream publishing companies, such as Penguin or Random House.\n<ul>\n<li>Be wary of small, independent presses or self-published books. They don't have robust fact-checking and editing like larger, established presses do.</li>\n<li>Reputation is particularly important for online sources. Search for reviews or complaints about websites to find out if people in the field consider it to be a good source of information. You can also ask your instructor or supervisor if you're not sure.</li>\n</ul>\n"},{"title":"Consider the reliability of online sources.","content":"\n Your reader should be able to find the sources you used in your research. Find out how long a website has been online, whether it is attached to an established institution, and the likelihood the website will remain online.\n<ul><li>For example, a website run by a university history department would likely be considered a reliable online source.</li></ul>\n"}]}],"questions":[{"title":"How do you make your research original?","content":"Think about building on other research, not creating something from scratch. Most research — in psychology and other fields — builds upon the findings of previous research."},{"title":"How do you find a research question?","content":"As you read, look for unanswered questions in the literature. Good research questions often start as an attempt to address something unexplained by past research or as an attempt to extend the findings of previous research to new situations or stimuli. In science, it’s also important that a research question be testable – meaning that it can be answered through experimentation."},{"title":"How can I write a discussion?","content":"A discussion section should provide your research insights based on your work. It should highlight points which are noteworthy, and might include surprising or unexpected findings, and why you suspect your results (interesting or otherwise) came to be. It can be used to set the stage for a recommendation on further research or experimentation within the conclusion."},{"title":"How can I conduct research on teaching methods?","content":"You can get a sample of students and use the different teaching methods on them. For example, if you want to see how kids react to verbal instruction, give them only verbal instruction for a week. Repeat for other methods and then compare the results."},{"title":"Is agriculture a solution to economic development in South Africa?","content":"Yes. Agriculture development feeds the nation and helps sustain development."}]}