{"meta":{"description":"If you need original research for a paper or other project, chances are you're going to be looking for scholarly journals. Most of these journals are digitized and available online. However, not all are available for free. Many are contained in databases that require a subscription to access. Once you've found a research article you think you might be able to use, you'll also want to make certain that the article you're reading is primary research. In the sciences, a primary research article discusses a study conducted by the authors of the article and the results of that study, rather than merely summarizing the findings of others.[1]","title":"Find Research Articles"},"todo_list":[{"title":"Using Free Academic Search Engines","tasks":[{"title":"Bookmark academic search engines that are available for free.","content":"\n Academic search engines provide an alternative to traditional search engines that might return sources that aren't appropriate for scholarly research. These search engines allow you to search journals and other academic sources for free. Some popular academic search engines are:\n<ul>\n<li>Google Scholar (<a target=\"_blank\" rel=\"nofollow noreferrer noopener\" class=\"external free\" href=\"http://scholar.google.com\">http://scholar.google.com</a>): covers all disciplines</li>\n<li>ScienceDirect (<a target=\"_blank\" rel=\"nofollow noreferrer noopener\" class=\"external free\" href=\"http://www.sciencedirect.com/science/search\">http://www.sciencedirect.com/science/search</a>): covers all science and medical disciplines</li>\n<li>IEEE Xplore (<a target=\"_blank\" rel=\"nofollow noreferrer noopener\" class=\"external free\" href=\"http://ieeexplore.ieee.org/Xplore/guesthome.jsp\">http://ieeexplore.ieee.org/Xplore/guesthome.jsp</a>): covers computer sciences, electronics, and electrical engineering\n</li>\n</ul>\n\n"},{"title":"Read guides and help pages to get the most out of academic search engines.","content":"\n Each of the academic search engines operates somewhat differently. Before you start searching, take a few minutes to read any available guides that can help you get started.\n<ul><li>The guides will tell you how to search the most efficiently, including symbols and punctuation you can add to your searches to limit them and weed out unhelpful results.</li></ul>\n"},{"title":"Search the full title of the research article on the internet.","content":"\n Since academic search engines typically only let you see the citation and abstract of the article, if you want to read the full article, you'll have to find it someplace else. However, the benefit of academic search engines is that you'll know exactly what you're looking for.\n<ul>\n<li>Read the abstract and any other information available about the article to find out if it might be of help to you. Then search the title in quotation marks. If the full text of the article is available on the internet, you'll be able to find it with this search.</li>\n<li>Keep in mind that this search will pull up any pages where the title of the article appears, many of which likely won't include the full text of the article. You may have to dig through a few links to find the full text.</li>\n<li>Some of the links you find will be to a subscription-based database with a paywall. These sites typically won't let you view more than the abstract for free.\n</li>\n</ul>\n"},{"title":"Download a browser extension to get past paywalls.","content":"\n Searching the internet yourself for the full text of an article can sometimes be a cumbersome and frustrating process. There are a couple of browser extensions, Unpaywall and Open Access Button, that can do this work for you.\n<ul>\n<li>These browser extensions search the web for a full-text copy of the article on the internet. They don't \"hack\" subscription databases or allow you to access articles illegally. Rather, they search for free copies of the article that already exist.</li>\n<li>For example, the author of the article might have uploaded a PDF of the article on their own website or on their university faculty page. The browser extensions may help you find the article more quickly than you could on your own.</li>\n</ul>\n"}]},{"title":"Accessing Scholarly Databases","tasks":[{"title":"Find out what subscriptions are available through your school's library.","content":"\n If you attend a larger college or university, the library likely maintains subscriptions for a lot of the scholarly databases where you can find quality research articles. Your school's librarian will be able to tell you which databases you can access. There might also be a list on the library's website.\n<ul><li>If you've already graduated, find out if you can get alumni access to scholarly databases.\n</li></ul>\n"},{"title":"Search for articles on government-run scholarly databases.","content":"\n Government institutions often maintain online repositories of scholarly articles for researchers to access free of charge. Many of these databases provide the full-text of the article. Some extensive databases include:\n<ul>\n<li>PubMed (<a target=\"_blank\" rel=\"nofollow noreferrer noopener\" class=\"external free\" href=\"https://www.ncbi.nlm.nih.gov/pubmed/\">https://www.ncbi.nlm.nih.gov/pubmed/</a>): offered by the National Center for Biotechnology Information in the US. Not all of the articles are free, but you can limit your search to full-text articles.</li>\n<li>Education Resources Information Center (ERIC) (<a target=\"_blank\" rel=\"nofollow noreferrer noopener\" class=\"external free\" href=\"https://eric.ed.gov/\">https://eric.ed.gov/</a>): maintained by the Institution of Education Sciences in the US. Not all articles are free, but you can limit your search to full-text.</li>\n<li>NASA Scientific and Technical Information (<a target=\"_blank\" rel=\"nofollow noreferrer noopener\" class=\"external free\" href=\"http://www.sti.nasa.gov/STI-public-homepage.html\">http://www.sti.nasa.gov/STI-public-homepage.html</a>): Provides full-text scientific articles and data sets.</li>\n</ul>\n"},{"title":"Register to use open-access journals and databases.","content":"\n Open access journals are quality, peer-reviewed publications that do not hide research articles behind a paywall. Rather, their articles are available to the public online. Some databases and aggregators you can use include:\n<ul>\n<li>CORE (<a target=\"_blank\" rel=\"nofollow noreferrer noopener\" class=\"external free\" href=\"https://core.ac.uk/\">https://core.ac.uk/</a>): more than 66 million open access scholarly articles</li>\n<li>ScienceOpen (<a target=\"_blank\" rel=\"nofollow noreferrer noopener\" class=\"external free\" href=\"https://www.scienceopen.com/\">https://www.scienceopen.com/</a>): more than 28 million articles across all science disciplines</li>\n<li>Directory of Open Access Journals (<a target=\"_blank\" rel=\"nofollow noreferrer noopener\" class=\"external free\" href=\"https://doaj.org/\">https://doaj.org/</a>): more than 2 million articles from 9,519 open access journals; multidisciplinary</li>\n<li>Public Library of Science (PLOS) (<a target=\"_blank\" rel=\"nofollow noreferrer noopener\" class=\"external free\" href=\"https://www.plos.org/\">https://www.plos.org/</a>): publishes 7 open access journals in science fields</li>\n</ul>\n"}]},{"title":"Identifying Articles about Primary Research","tasks":[{"title":"Read the database record for the article.","content":"\n When you click on a title in a scholarly database, you'll get a summary of the article file. While this summary is sometimes provided by the journal that published the article, it's typically put together by the author or authors of the article. This record gives you clues about whether the article discusses original research.\n<ul>\n<li>The record frequently includes keywords and search terms. Some of these might give you an indication that the article presents original research. For example, one of the keywords or phrases might be \"primary research\" or \"original research.\" Also, look for words that indicate something new was discovered as a result of the research.</li>\n<li>The title of the article can also help you figure out whether it presents original research. Look for scientific methodology words, such as \"sample,\" which indicate a study was performed.\n</li>\n</ul>\n"},{"title":"Look for active statements about research in the abstract.","content":"\n After you've looked over the basic record, read the abstract. Words such as \"sample,\" \"test,\" and \"analyze\" give you a clue that the article discusses original research.\n<ul><li>If the abstract is written in the first person, you can be assured that the author or authors of the article are going to be talking about a study they conducted themselves. However, many abstracts are written in passive voice to avoid using the first person.</li></ul>\n"},{"title":"Evaluate the section headings of the article.","content":"\n Primary research articles are typically organized in the same way, although the specific titles of the section headings may differ. In some articles, the sections may not even be individually labeled at all. However, in general, a primary research article will include the following sections:\n<ul>\n<li>Methods</li>\n<li>Results</li>\n<li>Discussion</li>\n<li>Conclusion</li>\n<li>References\n</li>\n</ul>\n"},{"title":"Focus on charts or graphs included in the article.","content":"\n If you find an article that includes charts or graphs, this is an important sign that the article is presenting original research. Charts and graphs are used to summarize the data collected in the study.\n<ul><li>You can also use the charts and graphs to quickly evaluate the study and determine if the article would be beneficial for you in your paper or project.</li></ul>\n"}]}],"questions":[]}