{"meta":{"description":"When you are assigned a research paper, the first thing you need to do is come up with a topic. A research paper is just an essay where you present an argument, backing it up with what others have said. When you first begin writing research papers, your teachers or professors will most likely want to see if you can put other people’s ideas together into a cohesive paper. As you advance in your degree, your professors will be looking to see if you can make your own argument, using other’s ideas as your foundation.","title":"Generate the Best Research Topics"},"todo_list":[{"title":"Coming Up With Ideas","tasks":[{"title":"Do some background reading.","content":"\n To generate a topic for a <a href=\"/Write-a-Research-Paper\" title=\"Write a Research Paper\">research paper,</a> you have to do a little reading first. If your class is reading an introductory book, you can get an idea of what you like. If not, you can read one on your own. Browse it until you find something that catches your attention.\n<ul><li>Read as much as you can. At this stage, it’s okay to use search engines and sites like Wikipedia. They will give you enough information to figure out if you like a topic.</li></ul>\n\n"},{"title":"Start narrowing down your area.","content":"\n Once you have completed your reading, it's time to start narrowing down your areas of interest. You can do this by picking a topic that you like, then delving deeper and deeper into that topic until you find something worth writing about.\n<ul>\n<li>For example, if your class is \"Introduction to Psychology\", you could narrow down your area to behavioral psychology, based on your reading.</li>\n<li>Once you've established a general area of interest, you can start narrowing your area even further. For example, within the field of behavioral psychology, you may decide to focus only on the work of B. F. Skinner.</li>\n<li>Make a list of all the things that interest you within your narrowed topic. Maybe you find classical conditioning interesting, or perhaps you find a particular experiment fascinating.</li>\n</ul>\n"},{"title":"Make a bubble map to help with the idea-generating process.","content":"\n Take out a blank sheet of paper. Draw your main idea in a bubble in the middle of the paper. Draw a line going off the main idea, then make another bubble. In that bubble, put something related to the main idea that you find interesting.\n<ul>\n<li>Keep drawing bubbles and adding additional ideas. Sometimes, you will add your ideas on to secondary bubbles instead of the main one. You can keep expanding an idea out. In fact, it’s a good idea to focus on an idea that continues to branch off the main one if you find it interesting.</li>\n<li>For example, in your main bubble you might put “B. F. Skinner and Behavioral Psychology.” Then in one secondary bubble, you might put \"the principle of reinforcement\", while in another you put \"radical behaviorism\".</li>\n</ul>\n"},{"title":"Keep adding ideas to the bubble map.","content":"\n Keep working on the bubble map, even when you think you’re done. If you push yourself to keep thinking and writing, then you’ll continue to come up with interesting ideas. The more ideas you come up with, the greater the chance that you will come up with an excellent<a href=\"/Come-up-With-a-Thesis\" title=\"Come up With a Thesis\"> research idea</a>.\n<ul>\n<li>Once you’re at a point where you don’t want to add anything else, look at the thought-bubble map as a whole. What areas are especially developed? What areas do you find the most interesting? Can any of the areas be combined to make an interesting topic?</li>\n<li>Circle the ideas that seem to work the best for you. Just be careful not to choose a topic that is too broad, as you might be overwhelmed with information and find it hard to find a focus for your paper.<sup id=\"_ref-2\" class=\"reference\" aria-label=\"Link to Reference 2\"><a href=\"#_note-2\">[2]</a><span class=\"ts_popup \" hidden=\"\" id=\"ts_popup_2\" style=\"display: none;\">\n\t<span class=\"ts_close\">X</span>\n\t\t<span class=\"ts_name\">Research source</span>\n\t\t<span class=\"ts_description\"></span>\n\t\t\t\t<a href=\"#\" class=\"ts_source\" target=\"_blank\" rel=\"nofollow noreferrer noopener\"></a>\n\n</span>\n</sup>\n</li>\n</ul>\n"}]},{"title":"Researching Your Idea","tasks":[{"title":"Begin researching the main ideas on your bubble map.","content":"\n Unlike the reading stage, you should start reading some more serious works. Look at books in the library.\n"},{"title":"Get an idea of the research in the field.","content":"\n Check databases for more specific articles. Don’t just Google the topic, or search for it in Wikipedia.\n<ul>\n<li>Most major libraries have databases you can use. You will need a library card to access them; some even require that you be in the library to use them.</li>\n<li>However, databases like EBSCOhost have many smaller databases that you can search; which ones are included depends on what your library pays for.</li>\n</ul>\n"},{"title":"Use keywords to find articles related to your topic.","content":"\n Research libraries will often include databases on every topic, from business to humanities to psychology. In the advanced search, you can choose which ones you search, so pick one relevant to your topic. You will get academic articles in return for your search. Be sure to try different sets of keywords; you never know which set will bring up the results you want.\n"},{"title":"Take notes and use them to choose your topic.","content":"\n When you <a href=\"/Take-Notes\" title=\"Take Notes\">take notes</a>, you can begin to see where different authors reference each other and where different ideas come together. Pick one of those intersections as your topic. Continue to research it until you can develop it into a paper.\n"},{"title":"Try to look at your chosen topic in an original way.","content":"\n If you’re in high school or an undergraduate, your topic doesn't necessarily need to be original, as your professors will mainly be wanting to see if you can develop a theme throughout the paper. However, in graduate school, your topic should be more original.\n<ul>\n<li>It should be something that hasn't been covered a hundred times by someone else, so be careful when picking out your research topic. You should get an idea of what has already been covered as you research to help you choose something original.</li>\n<li>For instance, there’s likely been a good number of articles written on B.F. Skinner’s behavioral psychology, but your idea can be different in how you apply it. Maybe you want to apply it to a piece of literature or maybe you want to look at it in relation to current pop culture. The application of it can be original.</li>\n</ul>\n"},{"title":"Choose a topic that you enjoy.","content":"\n Also, make sure your topic is something you enjoy, as you’re going to be spending some time working on it. You don’t want to be researching a topic you hate, as that dislike and disinterest will show up in your essay.\n<ul><li>For more information on writing a good research paper, see <a href=\"/Write-a-Research-Paper\" title=\"Write a Research Paper\">this article</a>. Also see <a href=\"/Start-a-Research-Paper\" title=\"Start a Research Paper\">Start a Research Paper</a>.</li></ul>\n"}]}],"questions":[]}