{"meta":{"description":"Children's hair is a tricky task. How you take care of a child's hair depends on the type of hair that he or she has and the activity level of the child. Through trial and error, you can develop a hair care routine that works. It's important to create healthy hair habits early on.","title":"Care for a Child%27s Hair"},"todo_list":[{"title":"Shampooing and Conditioning Hair","tasks":[{"title":"Tailor your shampoo regimen to your child's needs.","content":"\n Think about the child's hair type (straight, curly, oily, dry), activity level, and age to determine how often to shampoo his or her hair.  Needs will vary from child to child.  You may have to adjust shampooing frequency based on changes in the weather as well.\n<ul>\n<li>Toddlers should have their hair shampooed about three times a week.</li>\n<li>Oily and straight hair should be shampooed once a day or every other day.<sup id=\"_ref-2\" class=\"reference trusted\" aria-label=\"Link to Reference 2\"><a href=\"#_note-2\">[2]</a><span class=\"ts_popup trustedsource\" hidden=\"\" id=\"ts_popup_2\" style=\"display: none;\">\n\t<span class=\"ts_close\">X</span>\n\t\t<a class=\"ts_trustworthy\" href=\"/wikiHow:Delivering-a-Trustworthy-Experience\">Trustworthy Source</a>\n\n\t\t<span class=\"ts_name\">American Academy of Dermatology</span>\n\t\t<span class=\"ts_description\">Professional organization made of over 20,000 certified dermatologists</span>\n\n\t\t\t\t<a href=\"#\" class=\"ts_source\" target=\"_blank\" rel=\"nofollow noreferrer noopener\">Go to source</a>\n</span>\n</sup>\n</li>\n<li>Straight, non-oily hair can be shampooed once or twice a week.<sup id=\"_ref-3\" class=\"reference trusted\" aria-label=\"Link to Reference 3\"><a href=\"#_note-3\">[3]</a><span class=\"ts_popup trustedsource\" hidden=\"\" id=\"ts_popup_3\" style=\"display: none;\">\n\t<span class=\"ts_close\">X</span>\n\t\t<a class=\"ts_trustworthy\" href=\"/wikiHow:Delivering-a-Trustworthy-Experience\">Trustworthy Source</a>\n\n\t\t<span class=\"ts_name\">American Academy of Dermatology</span>\n\t\t<span class=\"ts_description\">Professional organization made of over 20,000 certified dermatologists</span>\n\n\t\t\t\t<a href=\"#\" class=\"ts_source\" target=\"_blank\" rel=\"nofollow noreferrer noopener\">Go to source</a>\n</span>\n</sup>\n</li>\n<li>African-American hair, curly hair, or dry hair should be shampooed every 7 to 10 days. Hair should be rinsed with water and conditioned after heavy sweating or swimming. <sup id=\"_ref-4\" class=\"reference trusted\" aria-label=\"Link to Reference 4\"><a href=\"#_note-4\">[4]</a><span class=\"ts_popup trustedsource\" hidden=\"\" id=\"ts_popup_4\" style=\"display: none;\">\n\t<span class=\"ts_close\">X</span>\n\t\t<a class=\"ts_trustworthy\" href=\"/wikiHow:Delivering-a-Trustworthy-Experience\">Trustworthy Source</a>\n\n\t\t<span class=\"ts_name\">American Academy of Dermatology</span>\n\t\t<span class=\"ts_description\">Professional organization made of over 20,000 certified dermatologists</span>\n\n\t\t\t\t<a href=\"#\" class=\"ts_source\" target=\"_blank\" rel=\"nofollow noreferrer noopener\">Go to source</a>\n</span>\n</sup>\n</li>\n</ul>\n\n"},{"title":"Adjust shampoo frequency if needed.","content":"\n  Monitor how your child's hair responds to the recommended shampooing frequencies and make adjustments as necessary.  The weather or changes in activity levels may require a change in shampooing frequency. \n<ul>\n<li>If you notice that the hair and/or scalp is oily, add an additional shampoo per week until the oiliness is gone.<sup id=\"_ref-6\" class=\"reference trusted\" aria-label=\"Link to Reference 6\"><a href=\"#_note-6\">[6]</a><span class=\"ts_popup trustedsource\" hidden=\"\" id=\"ts_popup_6\" style=\"display: none;\">\n\t<span class=\"ts_close\">X</span>\n\t\t<a class=\"ts_trustworthy\" href=\"/wikiHow:Delivering-a-Trustworthy-Experience\">Trustworthy Source</a>\n\n\t\t<span class=\"ts_name\">American Academy of Dermatology</span>\n\t\t<span class=\"ts_description\">Professional organization made of over 20,000 certified dermatologists</span>\n\n\t\t\t\t<a href=\"#\" class=\"ts_source\" target=\"_blank\" rel=\"nofollow noreferrer noopener\">Go to source</a>\n</span>\n</sup>\n</li>\n<li>If you notice dullness, shedding, or dryness, remove one shampoo per week until the hair feels better.<sup id=\"_ref-7\" class=\"reference trusted\" aria-label=\"Link to Reference 7\"><a href=\"#_note-7\">[7]</a><span class=\"ts_popup trustedsource\" hidden=\"\" id=\"ts_popup_7\" style=\"display: none;\">\n\t<span class=\"ts_close\">X</span>\n\t\t<a class=\"ts_trustworthy\" href=\"/wikiHow:Delivering-a-Trustworthy-Experience\">Trustworthy Source</a>\n\n\t\t<span class=\"ts_name\">American Academy of Dermatology</span>\n\t\t<span class=\"ts_description\">Professional organization made of over 20,000 certified dermatologists</span>\n\n\t\t\t\t<a href=\"#\" class=\"ts_source\" target=\"_blank\" rel=\"nofollow noreferrer noopener\">Go to source</a>\n</span>\n</sup>\n</li>\n</ul>\n"},{"title":"Choose a kid friendly shampoo.","content":"\n Consider the scent, gentleness, and the child's hair type when choosing a shampoo.  For example, if your child has dry hair, you should look for a moisturizing shampoo. There are many children's shampoos on the market, and finding the best shampoo will require trial and error. \n<ul>\n<li>If your child has a scalp condition such as psoriasis,dermatitis, or dandruff, consult a dermatologist about the best shampoo.</li>\n<li>If your child has fine or thin hair, try a lightweight shampoo that will not weigh his or her hair down.</li>\n</ul>\n"},{"title":"Massage shampoo into your child's hair.","content":"\n Wet the hair thoroughly before applying shampoo then squirt a quarter sized amount of shampoo in your hand.  Gently massage the shampoo into your child's scalp.  Make sure that all of the shampoo is rinsed out of the hair when finished.\n<ul>\n<li>Use the ball of your fingertips to massage the scalp.  Scratching with your nails can irritate the scalp.<sup id=\"_ref-9\" class=\"reference trusted\" aria-label=\"Link to Reference 9\"><a href=\"#_note-9\">[9]</a><span class=\"ts_popup trustedsource\" hidden=\"\" id=\"ts_popup_9\" style=\"display: none;\">\n\t<span class=\"ts_close\">X</span>\n\t\t<a class=\"ts_trustworthy\" href=\"/wikiHow:Delivering-a-Trustworthy-Experience\">Trustworthy Source</a>\n\n\t\t<span class=\"ts_name\">American Academy of Dermatology</span>\n\t\t<span class=\"ts_description\">Professional organization made of over 20,000 certified dermatologists</span>\n\n\t\t\t\t<a href=\"#\" class=\"ts_source\" target=\"_blank\" rel=\"nofollow noreferrer noopener\">Go to source</a>\n</span>\n</sup>\n</li>\n<li>If the child has tight curly tresses, do not gather the hair on top of the child's head.  This can cause the hair to tangle.<sup id=\"_ref-10\" class=\"reference trusted\" aria-label=\"Link to Reference 10\"><a href=\"#_note-10\">[10]</a><span class=\"ts_popup trustedsource\" hidden=\"\" id=\"ts_popup_10\" style=\"display: none;\">\n\t<span class=\"ts_close\">X</span>\n\t\t<a class=\"ts_trustworthy\" href=\"/wikiHow:Delivering-a-Trustworthy-Experience\">Trustworthy Source</a>\n\n\t\t<span class=\"ts_name\">American Academy of Dermatology</span>\n\t\t<span class=\"ts_description\">Professional organization made of over 20,000 certified dermatologists</span>\n\n\t\t\t\t<a href=\"#\" class=\"ts_source\" target=\"_blank\" rel=\"nofollow noreferrer noopener\">Go to source</a>\n</span>\n</sup>\n</li>\n<li>Adjust the amount of shampoo you use based on the child's hair.  For example, a child with thicker hair may need more than a quarter sized amount of shampoo, and a child with thin or fine hair may need less than a quarter sized amount of shampoo.</li>\n<li>An itchy, dry, or flaky scalp may be a sign that all of the shampoo is not being rinsed out.<sup id=\"_ref-11\" class=\"reference trusted\" aria-label=\"Link to Reference 11\"><a href=\"#_note-11\">[11]</a><span class=\"ts_popup trustedsource\" hidden=\"\" id=\"ts_popup_11\" style=\"display: none;\">\n\t<span class=\"ts_close\">X</span>\n\t\t<a class=\"ts_trustworthy\" href=\"/wikiHow:Delivering-a-Trustworthy-Experience\">Trustworthy Source</a>\n\n\t\t<span class=\"ts_name\">American Academy of Dermatology</span>\n\t\t<span class=\"ts_description\">Professional organization made of over 20,000 certified dermatologists</span>\n\n\t\t\t\t<a href=\"#\" class=\"ts_source\" target=\"_blank\" rel=\"nofollow noreferrer noopener\">Go to source</a>\n</span>\n</sup>\n</li>\n</ul>\n"},{"title":"Decide if conditioner is necessary.","content":"\n  African-American, curly hair, and dry hair should be conditioned after the shampooing process. Conditioner adds shine, softens hair, and smooths the cuticle. The conditioning needs of your child's hair may change due to the climate. Hair may need conditioner during colder months or in drier climates.\n"},{"title":"Choose the type of conditioner based on your child's hair needs.","content":"\n  Three types of conditioners include leave-in conditioner, deep conditioners, and instant conditioners.  The type of conditioner you choose is based on the child's hair.  For example, if your child has extremely dry hair, a deep conditioner would be best. Always follow the directions on the conditioner bottle.\n<ul>\n<li>Leave-in conditioners are kept in and are not rinsed out of the hair.  They can make the detangling process easier. A leave-in conditioner may weigh fine or thin hair down.</li>\n<li>Instant conditioners coat the hair and create softness and shine.  They do not have to be left in the hair for very long before they are rinsed out.</li>\n<li>Deep conditioners usually stay in the hair for about 15 minutes before rinsing. They can be used after every shampoo or once a month depending on the condition of your child's hair.</li>\n<li>A hot oil treatment can also be used once or twice a month to condition hair as well.  Heat up some oil (e.g. olive oil, coconut oil, jojoba oil) and then massage the warm oil into the scalp and hair.  Cover the hair with a shower cap or a warm towel and let the oil sit for 20 minutes.  Rinse out the oil when finished.</li>\n</ul>\n"},{"title":"Apply conditioner to your child's hair.","content":"\n Conditioner should be applied on freshly washed hair.  Squeeze out any excess water before applying.  Put hair into sections and then apply a palm sized amount of conditioner to each section. Focus conditioner application on the ends of the hair. \n<ul>\n<li>Thicker and curlier hair should be divided into smaller sections to better distribute the conditioner.</li>\n<li>Work the conditioner through the hair using a wide toothed comb or your hands.</li>\n<li>Conditioner does not need to be applied to your scalp.</li>\n<li>Thicker and highly textured hair may need more conditioner than fine and thin hair.  Adjust the amount of conditioner you use based on the child's hair type.</li>\n</ul>\n"}]},{"title":"Dealing with Common Hair Issues","tasks":[{"title":"Remove gum from your child's hair.","content":"\n Gum can be removed without cutting the child's hair.  Creamy peanut butter or any type of vegetable oil can be applied to the hair to remove gum.  Completely cover the gum with peanut butter or oil using you fingers or a toothbrush and let the product sit for a few minutes.  Then remove the gum from the hair and wash the child's hair. \n<ul><li>Vegetable oil works best if the gum is in the child's eyelashes or eyebrows as well.</li></ul>\n"},{"title":"Remove glue from your child's hair.","content":"\n Conditioner can be used to remove glue from hair.  Wet the hair and then apply conditioner to the area covered with glue.  Let the conditioner soak for 20 minutes, and then use a comb to remove the glue from the hair.\n<ul><li>If the conditioner does not work, try using baby oil instead of the conditioner.  The oil should be left on the hair for 20 minutes as well.</li></ul>\n"},{"title":"Be prepared for surprise hair cuts.","content":"\n It is not uncommon for a child to cut his or her own hair or have his or her hair cut by another child at school.  If this happens, you can take the child to a professional stylist to fix the hair.  If the damage is not that bad, have the child try accessories such as hats, headbands, barrettes, bobby pins, or styles that can camouflage the damage.\n<ul>\n<li>Talk to your child about the appropriated ways to use scissors (e.g. for arts and crafts).</li>\n<li>If your child is interested in styling hair, allow them to cut the hair of a doll or mannequin instead.</li>\n<li>If another child cuts your child's hair, address the matter with the teacher and the other child's parent so this does not happen again.</li>\n<li>Remind your child that other children should not touch or play with his or her hair.</li>\n<li>Remember that hair grows back.</li>\n</ul>\n"},{"title":"Manage your child's cowlicks.","content":"\n Cowlicks are not uncommon.  Try reversing your child's usual part or use bobby pins and hairspray to train the hair to lay down. You also may try hairstyles that allow the cowlick to remain in its preferred direction.\n<ul>\n<li>Cowlicks are less visible on long hair, super short hair and textured hair. Growing out the hair or having a very short hair style may hide the cowlick.</li>\n<li>Cowlicks should be brushed down while the hair is still wet.<sup id=\"_ref-13\" class=\"reference\" aria-label=\"Link to Reference 13\"><a href=\"#_note-13\">[13]</a><span class=\"ts_popup \" hidden=\"\" id=\"ts_popup_13\" style=\"display: none;\">\n\t<span class=\"ts_close\">X</span>\n\t\t<span class=\"ts_name\">Research source</span>\n\t\t<span class=\"ts_description\"></span>\n\t\t\t\t<a href=\"#\" class=\"ts_source\" target=\"_blank\" rel=\"nofollow noreferrer noopener\"></a>\n\n</span>\n</sup>\n</li>\n</ul>\n"}]},{"title":"Styling Children's Hair","tasks":[{"title":"Detangle the hair.","content":"\n Always detangle hair, before styling.  Divide hair into sections and secure the sections with a clip or ponytail holder.  Apply a leave-in conditioner or a detangler to the section, and then begin to comb the section. Start at the ends of the hair and work your way up.  Be gentle as not to hurt the child or damage the hair. \n<ul>\n<li>Entertaining the child with a movie or book can help the detangling process go more smoothly. Make sure both you and the child are in a comfortable position before you get started.</li>\n<li>A wide tooth comb is a good tool to use for detangling.</li>\n<li>Once a section is detangled, either braid it or twist it so it does not become tangled again.</li>\n<li>Be extra gentle with kinky and curly hair. This hair type should be divided into smaller sections for the detangling process.  You can also use your fingers to help detangle the hair.</li>\n<li>If you plan on applying heat to the child's hair later, apply a heat protectant to the hair as you are detangling.</li>\n</ul>\n"},{"title":"Avoid hairstyles that cause tension.","content":"\n  Too tight braids, ponytails, and barrettes can cause children's hair to fall out.  If the child mentions that he or she is in pain, loosen the braid or the ponytail.  Hairstyles should never be painful.\n<ul><li>For African-American children, pay special attention to the hairline.  Styles such as braids and cornrows should be done gently.  Avoid excessive pulling and tension which could cause thinning of the hairline. Small bumps around the hairline can also indicate that a style is too tight.</li></ul>\n"},{"title":"Use heat sparingly.","content":"\n Heat can be used to dry hair more quickly or to straighten kinky and curly hair.  A heat protectant should always be used before applying heat. Heat puts stress on the hair and can lead to dryness.\n<ul>\n<li>Hair should be separated into sections before blow-drying. Start at the ends first and work your way up.  Thicker and highly textured hair should be blow dried in smaller sections.</li>\n<li>Blow-dryers with a comb nozzle attachment are recommended for African-American hair.</li>\n<li>If you are using a ceramic comb or iron to straighten hair, put it on the lowest temperature setting possible.  Thick or coarse hair may need more heat or be divided into smaller sections before straightening.</li>\n<li>African-American hair should not be straightened more than once a week.<sup id=\"_ref-16\" class=\"reference trusted\" aria-label=\"Link to Reference 16\"><a href=\"#_note-16\">[16]</a><span class=\"ts_popup trustedsource\" hidden=\"\" id=\"ts_popup_16\" style=\"display: none;\">\n\t<span class=\"ts_close\">X</span>\n\t\t<a class=\"ts_trustworthy\" href=\"/wikiHow:Delivering-a-Trustworthy-Experience\">Trustworthy Source</a>\n\n\t\t<span class=\"ts_name\">American Academy of Dermatology</span>\n\t\t<span class=\"ts_description\">Professional organization made of over 20,000 certified dermatologists</span>\n\n\t\t\t\t<a href=\"#\" class=\"ts_source\" target=\"_blank\" rel=\"nofollow noreferrer noopener\">Go to source</a>\n</span>\n</sup>\n</li>\n</ul>\n"},{"title":"Avoid harsh chemicals.","content":"\n African-American children should not chemically relax their hair to straighten it.  These chemicals can negatively affect their scalp. The tighter curl pattern of African-American hair makes it more susceptible to chemical damage. Blow-drying or ceramic combs are safer alternatives for straightening hair.\n<ul>\n<li>If you choose to relax the hair, wait until the child is at least 12 years old and have the relaxer done by a professional stylist.</li>\n<li>Permanent and semi-permanent hair color should not be used by children under 16 years of age.<sup id=\"_ref-17\" class=\"reference\" aria-label=\"Link to Reference 17\"><a href=\"#_note-17\">[17]</a><span class=\"ts_popup \" hidden=\"\" id=\"ts_popup_17\" style=\"display: none;\">\n\t<span class=\"ts_close\">X</span>\n\t\t<span class=\"ts_name\">Research source</span>\n\t\t<span class=\"ts_description\"></span>\n\t\t\t\t<a href=\"#\" class=\"ts_source\" target=\"_blank\" rel=\"nofollow noreferrer noopener\"></a>\n\n</span>\n</sup>\n</li>\n<li>Use styling products such as mousse, gels, and pomades that are specially formulated for children.</li>\n</ul>\n"}]}],"questions":[]}