{"meta":{"description":"Many different problems can cause vomiting for children – viruses, poisoning, motion sickness, and other physical issues. Vomiting in children can be a normal response to being sick, in which case it will pass on its own.[1] However, vomiting can also be a sign of something more serious or lead to dangerous dehydration. Learn to care for a child who is vomiting to improve their comfort and keep them from having complications, and be able to recognize signs of a serious problem that requires medical attention.","title":"Care for Vomiting in Kids"},"todo_list":[{"title":"Dealing With Children Who Are Vomiting","tasks":[{"title":"Keep the child hydrated.","content":"\n Avoid giving the child anything to drink or eat within 30-60 minutes of vomiting or if the child remains nauseous. Then, have them drink small sips of a clear, non-carbonated fluid, about a half ounce every 5-10 minutes. If the child vomits after this, start over and wait another 30-60 minutes. If they are very nauseated or have trouble swallowing, have them suck on ice chips or fruit pops to get small amounts of fluid.\n<ul>\n<li>Pedialyte can be used to rehydrate, too. Since it’s usually dosed by the child’s body weight, you can call your doctor if you need help understanding how much to give your child. Also consult a doctor or pharmacist for advice on how much to give to an infant.<sup id=\"_ref-3\" class=\"reference\" aria-label=\"Link to Reference 3\"><a href=\"#_note-3\">[3]</a><span class=\"ts_popup \" hidden=\"\" id=\"ts_popup_3\" style=\"display: none;\">\n\t<span class=\"ts_close\">X</span>\n\t\t<span class=\"ts_name\">Research source</span>\n\t\t<span class=\"ts_description\"></span>\n\t\t\t\t<a href=\"#\" class=\"ts_source\" target=\"_blank\" rel=\"nofollow noreferrer noopener\"></a>\n\n</span>\n</sup>\n</li>\n<li>Dilute Gatorade or other sports drinks with 50% water.<sup id=\"_ref-4\" class=\"reference trusted\" aria-label=\"Link to Reference 4\"><a href=\"#_note-4\">[4]</a><span class=\"ts_popup trustedsource\" hidden=\"\" id=\"ts_popup_4\" style=\"display: none;\">\n\t<span class=\"ts_close\">X</span>\n\t\t<a class=\"ts_trustworthy\" href=\"/wikiHow:Delivering-a-Trustworthy-Experience\">Trustworthy Source</a>\n\n\t\t<span class=\"ts_name\">Mayo Clinic</span>\n\t\t<span class=\"ts_description\">Educational website from one of the world's leading hospitals</span>\n\n\t\t\t\t<a href=\"#\" class=\"ts_source\" target=\"_blank\" rel=\"nofollow noreferrer noopener\">Go to source</a>\n</span>\n</sup>\n</li>\n<li>If the child goes 8 hours unable to keep fluids down, take them to the doctor. There’s a high risk they will get dehydrated.</li>\n<li>Breastfeeding babies should be given breast milk.</li>\n</ul>\n\n"},{"title":"Give them bland foods.","content":"\n Crackers, toast, and gelatin (like jell-o) are a good place to start. If they vomit these up, skip food for now and continue with fluids. Once they can keep down gelatin and toast, try more salty, high-protein, high-carbohydrate foods like rice, cereal, and fruit. Wait to give the child any  foods until at least 6 hours after they last vomited (fluids and soft foods are okay sooner).\n<ul>\n<li>Don’t give them fatty or spicy foods for a few days after they stop vomiting, since they can be hard to digest.</li>\n<li>Wait 30-60 minutes after vomiting to give them any food or water, unless it’s very small sips of water. This lets their stomach recover a little.<sup id=\"_ref-6\" class=\"reference\" aria-label=\"Link to Reference 6\"><a href=\"#_note-6\">[6]</a><span class=\"ts_popup \" hidden=\"\" id=\"ts_popup_6\" style=\"display: none;\">\n\t<span class=\"ts_close\">X</span>\n\t\t<span class=\"ts_name\">Research source</span>\n\t\t<span class=\"ts_description\"></span>\n\t\t\t\t<a href=\"#\" class=\"ts_source\" target=\"_blank\" rel=\"nofollow noreferrer noopener\"></a>\n\n</span>\n</sup>\n</li>\n</ul>\n"},{"title":"Feed breastfed babies in small increments.","content":"\n If your young child is vomiting due to an illness or simply spits up a lot, try feeding them in smaller amounts more often. Talk to your healthcare provider about how best to do this. You can probably slowly increase the amount you breastfeed at a time as symptoms subside.\n"},{"title":"Keep them home from school.","content":"\n Your child needs rest while they are sick, and if vomiting is due to a common virus they are highly contagious while they’re vomiting. A child with either <i>rotavirus</i> or <i>norovirus</i> (the two most common causes of “stomach flu”) can be contagious for up to 2 weeks after they’re sick. You don’t have to keep them out of school for this long, but keep them home for at least 48 hours after they stop vomiting or having diarrhea.\n<ul><li>When they do go back to school, instruct them on proper hand washing techniques. Demonstrate how to cough or sneeze into the crook of your arm, and how to properly wash hands with soap and hot water. Good hygiene can help prevent the spread of infection.</li></ul>\n"}]},{"title":"Minimizing Discomfort","tasks":[{"title":"Have the child rest.","content":"\n Don't force a child to stay in bed, but limit their activities. Try reading to them, playing a board game in bed, or keeping them otherwise calm and still. Ample rest will help them recover more quickly.\n<ul><li>Roll young children and babies who are vomiting onto their side or stomach to prevent them from choking on vomit.<sup id=\"_ref-10\" class=\"reference\" aria-label=\"Link to Reference 10\"><a href=\"#_note-10\">[10]</a><span class=\"ts_popup \" hidden=\"\" id=\"ts_popup_10\" style=\"display: none;\">\n\t<span class=\"ts_close\">X</span>\n\t\t<span class=\"ts_name\">Research source</span>\n\t\t<span class=\"ts_description\"></span>\n\t\t\t\t<a href=\"#\" class=\"ts_source\" target=\"_blank\" rel=\"nofollow noreferrer noopener\"></a>\n\n</span>\n</sup>\n</li></ul>\n"},{"title":"Avoid triggering vomiting.","content":"\n Avoid strong smells and other triggers when your child is nauseated. Driving, flickering lights, smoke, perfume and other strong smells, and hot humid rooms can worsen nausea and vomiting.\n"},{"title":"Minimize motion sickness.","content":"\n Some vomiting in children can be caused by motion sickness, the queasy feeling you get when traveling. If the child’s vomiting is associated with being in the car, on a plane, or on a boat and occurs at no other time, they likely have motion sickness. Try to minimize motion sickness during traveling by:\n<ul>\n<li>Letting the child sit in the front passenger’s seat of the car if they’re over 12 years old – this usually improves motion sickness over being in the back seat.</li>\n<li>When flying, get a seat over the front edge of the wing, and direct airflow from the vent onto your child’s face.</li>\n<li>On a boat, get a cabin near water level at the front or middle of the boat.</li>\n<li>Face forward on trains, and try to sit next to a window near the front of the train.</li>\n<li>Give them dry crackers and a flat soda like ginger ale.</li>\n<li>If the child is old enough to follow directions, tell them to keep their head still (don’t read or watch videos), and focus on a stationary object or the horizon in the distance.</li>\n<li>Giving a child over 2 years old Dramamine for Kids or similar medicine approved for children.<sup id=\"_ref-13\" class=\"reference\" aria-label=\"Link to Reference 13\"><a href=\"#_note-13\">[13]</a><span class=\"ts_popup \" hidden=\"\" id=\"ts_popup_13\" style=\"display: none;\">\n\t<span class=\"ts_close\">X</span>\n\t\t<span class=\"ts_name\">Research source</span>\n\t\t<span class=\"ts_description\"></span>\n\t\t\t\t<a href=\"#\" class=\"ts_source\" target=\"_blank\" rel=\"nofollow noreferrer noopener\"></a>\n\n</span>\n</sup>\n</li>\n</ul>\n"},{"title":"Give the child extra love and attention.","content":"\n Vomiting can be both uncomfortable and scary for a child. Give them extra care by spending time with them doing calm activities like reading or playing board games. Comfort them physically by stroking their hair, holding their hand, or rubbing their back – especially while they’re vomiting. Help them get cleaned up afterwards by wiping their forehead with a cool cloth, or helping them wash out their mouth with water.\n"},{"title":"Sanitize the house after their illness.","content":"\n “Stomach flu” germs get airborne when a child vomits or has diarrhea and can remain contagious on household surfaces even after the child gets well. To prevent re-infection or infecting others, clean all household surfaces once your child has stopped vomiting and having diarrhea. Use disinfectant products that work against viruses, clean all surfaces with 1 cup bleach in 1 quart water, or use a steam cleaner.\n<ul><li>Be careful when having visitors over the next two weeks, especially children, since someone with rotavirus or norovirus may remain contagious over this time period, even if they have recovered. <sup id=\"_ref-15\" class=\"reference trusted\" aria-label=\"Link to Reference 15\"><a href=\"#_note-15\">[15]</a><span class=\"ts_popup trustedsource\" hidden=\"\" id=\"ts_popup_15\" style=\"display: none;\">\n\t<span class=\"ts_close\">X</span>\n\t\t<a class=\"ts_trustworthy\" href=\"/wikiHow:Delivering-a-Trustworthy-Experience\">Trustworthy Source</a>\n\n\t\t<span class=\"ts_name\">Mayo Clinic</span>\n\t\t<span class=\"ts_description\">Educational website from one of the world's leading hospitals</span>\n\n\t\t\t\t<a href=\"#\" class=\"ts_source\" target=\"_blank\" rel=\"nofollow noreferrer noopener\">Go to source</a>\n</span>\n</sup>\n</li></ul>\n"}]},{"title":"Seeking Medical Care","tasks":[{"title":"Look for signs of poisoning.","content":"\n If you suspect poisoning, call the Poison Control Center (1-800-222-1222 in the United States) or <a href=\"/Call-Emergency-Services\" title=\"Call Emergency Services\">emergency medical services</a> immediately. If vomiting occurs suddenly, take a quick look for signs of poisoning: Suspicious containers such as medications, cleaning solvents, or poisons which small children may have found. Check the vomit for blood, which can indicate poisoning. Smell the child's breath – if there is any chemical, fruity, or unusual odor, suspect poisoning.\n<ul><li>If the child is old enough, ask them if they ate or drank something they found. Try to appear calm and not angry to encourage the child to tell you honestly.</li></ul>\n"},{"title":"Go to the doctor immediately if your child is dehydrated.","content":"\n Vomiting and diarrhea in children can quickly lead to dehydration, which can have serious consequences for kids. Take your child to the doctor or emergency room right away or call 911 if they exhibit any severe signs of dehydration such as:\n<ul>\n<li>Extremely dry mouth, dry skin or no tears when crying.</li>\n<li>Passes out.</li>\n<li>Cannot stand due to weakness or dizziness.</li>\n<li>Is lethargic or unable to think clearly.</li>\n<li>Is older and has not urinated in 12 hours or longer.</li>\n<li>If you notice less severe symptoms of mild or moderate dehydration, like not drinking or eating enough, dark yellow urine or less frequent urination, dry mouth/eyes, irritability, or vomiting more than once, call your doctor, especially if your child is less than 1 year old since dehydration can happen much more quickly in younger children.</li>\n</ul>\n"},{"title":"See your care provider for severe or persistent vomiting.","content":"\n Take the child to their doctor if vomiting lasts longer than 24 hours, the child also has diarrhea, abdominal pain, or black or tarry stools, or the vomit contains greenish material or blood (which may appear bright red or the vomit might look dark like coffee grounds). If the child vomits several times an hour for several hours, that’s also severe enough to see the doctor.\n<ul>\n<li>Consult a doctor if your child has recently started a new medication. Their vomiting may be a serious reaction to the new medicine.</li>\n<li>Some babies up to 4-5 months old vomit or spit-up because of a condition known as Gastroesophageal Reflux Disease (GERD). If your child seem uncomfortable or in pain and /or develops breathing problem associated with spitting up, talk to your pediatrician or family practitioner.<sup id=\"_ref-21\" class=\"reference\" aria-label=\"Link to Reference 21\"><a href=\"#_note-21\">[21]</a><span class=\"ts_popup \" hidden=\"\" id=\"ts_popup_21\" style=\"display: none;\">\n\t<span class=\"ts_close\">X</span>\n\t\t<span class=\"ts_name\">Research source</span>\n\t\t<span class=\"ts_description\"></span>\n\t\t\t\t<a href=\"#\" class=\"ts_source\" target=\"_blank\" rel=\"nofollow noreferrer noopener\"></a>\n\n</span>\n</sup>\n</li>\n</ul>\n"},{"title":"Go to the doctor if vomiting occurs with a high fever.","content":"\n Fevers can contribute to dehydration in children and can cause serious problems. Take your feverish, ill child to see their doctor if:\n<ul>\n<li>A baby up to 3 months old has a fever of 100.4°F (38°C) or higher (get emergency help immediately, even if not vomiting).</li>\n<li>A child up to 2 years old has a fever of 100.4°F (38°C) (okay to see the regular doctor).</li>\n<li>A child of any age has a fever of 100.4°F (38°C) or higher that keeps coming back or lasts longer than 24 hours.</li>\n</ul>\n"},{"title":"Seek medical care for projectile vomiting in an infant.","content":"\n If a newborn is unable to feed due to projectile vomiting, they may have a condition called <i>pyloric stenosis</i>. This condition is treatable with surgery, and prompt treatment is important so the baby can start to feed properly and gain weight.\n<ul>\n<li>Pyloric stenosis usually develops in children under 3 months of age.</li>\n<li>Projectile vomiting is forceful vomiting during which the baby might eject liquids for up to several feet.<sup id=\"_ref-24\" class=\"reference trusted\" aria-label=\"Link to Reference 24\"><a href=\"#_note-24\">[24]</a><span class=\"ts_popup trustedsource\" hidden=\"\" id=\"ts_popup_24\" style=\"display: none;\">\n\t<span class=\"ts_close\">X</span>\n\t\t<a class=\"ts_trustworthy\" href=\"/wikiHow:Delivering-a-Trustworthy-Experience\">Trustworthy Source</a>\n\n\t\t<span class=\"ts_name\">Mayo Clinic</span>\n\t\t<span class=\"ts_description\">Educational website from one of the world's leading hospitals</span>\n\n\t\t\t\t<a href=\"#\" class=\"ts_source\" target=\"_blank\" rel=\"nofollow noreferrer noopener\">Go to source</a>\n</span>\n</sup>\n</li>\n</ul>\n"},{"title":"Get help soon if the child has severe pain or “currant jelly” stool.","content":"\n A disorder called <i>intussusception</i> sometimes occurs, usually in children under 3 years old. This is when part of the intestine “telescopes” into another part, causing a block in the intestine. This can be a serious medical concern, so get help right away if vomiting is accompanied by:\n<ul>\n<li>Abdominal pain, usually occurring every 15-20 minutes then becoming more constant as time passes. A young child with abdominal pain might pull their knees to their chest and cry.</li>\n<li>Stool mixed with mucus and blood, called “currant jelly stool” because of how it looks.</li>\n<li>Diarrhea.</li>\n<li>\n<a href=\"/Act-when-You-Have-Fever\" title=\"Act when You Have Fever\">Fever</a>.</li>\n<li>Lethargy or unusual weakness or sleepiness.</li>\n<li>A lump in the abdomen.</li>\n</ul>\n"},{"title":"Call emergency services if vomiting is due to an allergic reaction.","content":"\n Vomiting that occurs right after a bee sting or introduction of a new food (including milk) may be due to a severe allergic reaction called <i>anaphylaxis</i>. Very quickly look for other signs of allergic reaction as shown below. If the child has an Epi pen, use it right away. If not, call for emergency help and follow up with your doctor to discuss long-term management. Look for:\n<ul>\n<li>Hives or a rash.</li>\n<li>Flushed or pale skin.</li>\n<li>The child feeling warm.</li>\n<li>Visible swelling of the child’s tongue or lips, or swelling of the tongue or throat as shown by wheezing or trouble breathing.</li>\n<li>A fast, weak pulse.</li>\n<li>Fainting.</li>\n</ul>\n"},{"title":"Seek Emergency Care for other serious symptoms.","content":"\n No matter what is causing a child’s vomiting, some signs and symptoms indicate a serious problem. Call emergency services or take your child for emergency care if vomiting occurs with any of the following:\n<ul>\n<li>Trouble breathing.</li>\n<li>Difficulty waking up or staying awake, or confusion.</li>\n<li>Seizure.</li>\n<li>Racing or irregular heartbeat.</li>\n<li>No bowel movement for 3 days or longer.</li>\n<li>Stiff neck or severe headache.</li>\n<li>Trouble urinating or pain when urinating.<sup id=\"_ref-29\" class=\"reference\" aria-label=\"Link to Reference 29\"><a href=\"#_note-29\">[29]</a><span class=\"ts_popup \" hidden=\"\" id=\"ts_popup_29\" style=\"display: none;\">\n\t<span class=\"ts_close\">X</span>\n\t\t<span class=\"ts_name\">Research source</span>\n\t\t<span class=\"ts_description\"></span>\n\t\t\t\t<a href=\"#\" class=\"ts_source\" target=\"_blank\" rel=\"nofollow noreferrer noopener\"></a>\n\n</span>\n</sup>\n</li>\n<li>Blood in the vomit or stool.<sup id=\"_ref-30\" class=\"reference\" aria-label=\"Link to Reference 30\"><a href=\"#_note-30\">[30]</a><span class=\"ts_popup \" hidden=\"\" id=\"ts_popup_30\" style=\"display: none;\">\n\t<span class=\"ts_close\">X</span>\n\t\t<span class=\"ts_name\">Research source</span>\n\t\t<span class=\"ts_description\"></span>\n\t\t\t\t<a href=\"#\" class=\"ts_source\" target=\"_blank\" rel=\"nofollow noreferrer noopener\"></a>\n\n</span>\n</sup>\n</li>\n<li>Greenish color to vomit.</li>\n</ul>\n"}]}],"questions":[]}