{"meta":{"description":"When your child doesn’t feel well, you want to do everything in your power to help them feel better. Stomach aches are common and they may be caused by any number of reasons. By ruling out emergencies, comforting your child, and providing natural relief you can help ease your child’s discomfort.","title":"Cure a Child%27s Stomach Ache"},"todo_list":[{"title":"Ruling Out Emergencies","tasks":[{"title":"Know when to call a doctor.","content":"\n Sometimes, a stomach ache can be serious or a sign of a medical condition. Such conditions will usually cause your child to exhibit a range of symptoms. Call the doctor immediately if your child has:\n<ul>\n<li>Persistent pain on the right side of their abdomen (a symptom of appendicitis)</li>\n<li>Pain only in one specific part of the abdomen</li>\n<li>Severe or rapidly worsening pain</li>\n<li>Pain lasting for more than 24 hours</li>\n<li>Tenderness when you put pressure on their belly</li>\n<li>A swollen abdomen</li>\n<li>An abdomen that is hard or stiff to the touch</li>\n<li>Pain or swelling in the groin (including testicles)</li>\n<li>Pain during urination</li>\n<li>High fever</li>\n<li>Frequent vomiting or diarrhea; inability to keep water down</li>\n<li>Blood in the stool/vomit or rectal bleeding</li>\n<li>A recent injury to the abdomen</li>\n</ul>\n\n"},{"title":"Know when to call poison control.","content":"\n A stomach ache could be a result of consuming something poisonous, such as a chemical, medicine, cleaning product, or other dangerous substance. If your child has consumed (or you think they have consumed) a non-edible item or liquid, call your local poison control center. You can reach the American Association of Poison Control Centers at (800)222-1222. Some signs that your child may have ingested poison include:\n<ul>\n<li>Unexplained vomiting or diarrhea</li>\n<li>Chest pain</li>\n<li>Headache</li>\n<li>Blurred vision</li>\n<li>Unexplained stains on clothing</li>\n<li>Numbness</li>\n<li>Chills</li>\n<li>Fever</li>\n<li>Burns on lips, mouth, or skin</li>\n<li>Excessive drooling</li>\n<li>Bad breath</li>\n<li>Trouble breathing</li>\n</ul>\n"}]},{"title":"Soothing Your Child","tasks":[{"title":"Get their mind off of it.","content":"\n Stories, movies, and board games can be used to pass the time and help your child forget about their tummy ache. Do your best to have fun while you wait for the pain to pass.\n"},{"title":"Give your child a warm bath.","content":"\n Warm water help your child to relax, and help them feel better. Also, baths can be fun! Toss in some bubbles and bath toys to encourage them to forget the stomach ache for a while.\n"},{"title":"Ask them to drink water.","content":"\n If your child’s stomach ache is not an emergency, it may be as simple as slight dehydration. Offer your child some water and encourage them to drink. You may want to add a bit of fruit (such as watermelon or orange) to the water to make it taste better for them.\n"},{"title":"Feed your child bland foods.","content":"\n Bland white foods can help absorb any excess acid floating around in your child's tummy. A plain slice of whole wheat bread is an excellent choice, as well as dry crackers or plain rice.\n"},{"title":"Offer warm chicken broth.","content":"\n Chicken broth (especially broth made from real chicken bones) is a mild, nutritious, and easy-to-digest food. The warm liquid is also soothing. Especially if your child does not want to eat, try offering some chicken broth to help keep them nourished and hydrated.\n<ul><li>If your child does not eat chicken, you can offer vegetable broth instead.</li></ul>\n"},{"title":"Provide affection.","content":"\n Sometimes hugs and kisses are the best medicine! If your child feels loved and supported throughout the period of discomfort, they will be less likely to experience negative feelings. Provide plenty of affection and attention to keep them happy and calm.\n"},{"title":"Encourage your child to rest.","content":"\n Your child needs rest in order to recover and heal. They may want to press a pillow against their stomach.  Snuggle together on the couch or lie down beside them and rub their tummy.\n<ul><li>Ask your child to lie down on their side if it seems like they have gas.</li></ul>\n"}]},{"title":"Providing Natural Relief","tasks":[{"title":"Offer papaya, ginger, or peppermint chews.","content":"\n Papaya, ginger, and peppermint are excellent for soothing upset tummies. Papaya, ginger, and peppermint chews are all available at health food stores. These items resemble candy and taste good, so your child is more likely to eat it. \n<ul><li>Always be sure to read the packaging to see how many chews your child can eat in a day. Be sure as well that your child is old enough to consume the chews safely.</li></ul>\n"},{"title":"Make tea to soothe your child's stomach.","content":"\n Ginger and mint are also available in tea form. These warm beverages work quickly to ease stomach discomfort. Make your child a cup of warm mint or ginger tea. You may add a bit of honey if it helps them to enjoy it. \n<ul>\n<li>Avoid adding white sugar to the tea, as this may aggravate the child’s stomach.</li>\n<li>Don’t add honey if the child is under 2 years old, either. Since infants and toddlers  don’t have the right digestive organisms, honey can cause a dangerous illness called infant botulism.<sup id=\"_ref-10\" class=\"reference\" aria-label=\"Link to Reference 10\"><a href=\"#_note-10\">[10]</a><span class=\"ts_popup \" hidden=\"\" id=\"ts_popup_10\" style=\"display: none;\">\n\t<span class=\"ts_close\">X</span>\n\t\t<span class=\"ts_name\">Research source</span>\n\t\t<span class=\"ts_description\"></span>\n\t\t\t\t<a href=\"#\" class=\"ts_source\" target=\"_blank\" rel=\"nofollow noreferrer noopener\"></a>\n\n</span>\n</sup>\n</li>\n</ul>\n"},{"title":"Try giving your child gripe water.","content":"\n Gripe water is a product sold to relieve colic and other tummy troubles in infants, but it can be helpful for older kids too. The main ingredient is fennel oil, which can help ease gas, bloating, or upset stomach. Try to avoid gripe water varieties that contain sweetener (sucrose) or alcohol.\n"},{"title":"Place a heating pad on your child's stomach.","content":"\n Warmth can encourage your child’s stomach muscles to relax, helping to ease the discomfort. Use a traditional heating pad (on low), or warm a cloth in the microwave.\n"},{"title":"Massage your child's tummy.","content":"\n With soft hands, rub circles around your child’s stomach. This should provide some comfort, while also encouraging their muscles to relax. Continue this for 5-10 minutes. Avoid moving too quickly or pressing too hard. \n"}]},{"title":"Foods to Eat and Avoid","tasks":[]}],"questions":[{"title":"Can my son have Pepto-Bismol?","content":"Support wikiHow by unlocking this expert answer.\nAvoid regular Pepto-Bismol in children under the age of 12. You can use Children's Pepto for younger ages if the child has an upset or sour stomach or symptoms of heartburn. Keep in mind that it may not help all stomach aches. Check with a doctor if your child has a stomach ache that is severe or not getting better."},{"title":"What should I do if my child's stomach hurts for 3 straight days?","content":"Support wikiHow by unlocking this expert answer.\nIf a child has a stomach ache for 3 days, talk to the doctor. Try to see what other symptoms the child has, including diarrhea, vomiting, or fever. See if they have been eating differently than usual or if other people in the family have similar symptoms. If the pain continues for 3 days, however, it's best to talk to your child's doctor. They will likely want to see the child to determine the cause and treatment."}]}