{"meta":{"description":"Participating in a new or challenging activity can be intimidating for children of all ages. While you may be able to clearly see the long and short term benefits, it may take them a bit of time to build confidence and feel comfortable participating in an activity. However, you can help encourage them to participate by figuring out what motivates them and finding activities they’ll enjoy.","title":"Encourage a Child to Participate in an Activity"},"todo_list":[{"title":"Encouraging a Shy Child","tasks":[{"title":"Use their interests as a starting off point to get them involved.","content":"\n To help encourage a shy child to get involved in a new activity, first ask or observe them to figure out what some of their interests are. Then, try to use that information as a starting off point to help the child segue into the new activity and make it more appealing for them.\n<ul>\n<li>For example, if you notice that a shy child in your class likes to draw, try encouraging them to participate in your class play by putting them in charge of drawing a set design. They’ll likely be more motivated to participate if you make the activity more interesting for them.</li>\n<li>When you approach the child about participating, try asking them, “I’ve noticed that you’re an incredibly talented artist. Would you mind helping us out by drawing the set design for our play?” This helps them feel like an important part of the activity and allows them to contribute by doing what they love.</li>\n</ul>\n\n"},{"title":"Take them to watch the activity before they get started.","content":"\n If you know a child is shy and nervous to try a new activity, try taking them to watch it first so they’ll have a better idea of what to expect. Shy children may need more time to get accustomed to new places, people, and activities. By taking them to watch the activity beforehand, they’ll likely feel more comfortable when it’s time for them to participate.\n<ul>\n<li>If you aren’t able to go to the activity location beforehand, it can also be helpful to show them pictures or videos online.<sup id=\"_ref-4\" class=\"reference\" aria-label=\"Link to Reference 4\"><a href=\"#_note-4\">[4]</a><span class=\"ts_popup \" hidden=\"\" id=\"ts_popup_4\" style=\"display: none;\">\n\t<span class=\"ts_close\">X</span>\n\t\t<span class=\"ts_name\">Research source</span>\n\t\t<span class=\"ts_description\"></span>\n\t\t\t\t<a href=\"#\" class=\"ts_source\" target=\"_blank\" rel=\"nofollow noreferrer noopener\"></a>\n\n</span>\n</sup>\n</li>\n<li>For example, if you’re trying to encourage your shy middle schooler to play ice hockey, taking them to watch a practice at the rink may help them feel more comfortable and confident going into their first practice.&nbsp;</li>\n</ul>\n"},{"title":"Pair them up with outgoing children whenever possible.","content":"\n When you sense that a shy child is reluctant to participate, try putting them in a pair or small group with a few outgoing children that you know will be welcoming and encouraging. In a small group setting, more outgoing children may pick up on their reluctance and try to help them open up and feel more comfortable with the activity.\n<ul><li>Similarly, try getting them involved in activities with their friends or children they know so they’ll feel more comfortable from the get-go.</li></ul>\n"},{"title":"Give them a role that encourages them to interact with others.","content":"\n In many cases, shy children are reluctant to participate in activities because they’re intimated about the social aspects. To help them move past this, try giving them a role that requires them to interact with other kids to fulfill their assignment. Interacting in a more structured setting can help them feel more comfortable being social with others and feel more inclined to participate on their own over time.\n<ul><li>For instance, if you’re teaching a middle or high school debate class, try assigning the shy child to serve as the debate moderator or timekeeper. That way, they’ll be able to participate and interact with other kids without the pressure of debating on a team themselves.</li></ul>\n"},{"title":"Choose small group activities so they won’t feel overwhelmed.","content":"\n To help a shy child feel more comfortable with new activities, try signing them up for activities that take place in small group settings. While joining the football team may be overwhelming for some shy kids, for example, small group tennis lessons may be a less intimidating environment.\n<ul><li>Activities that are more individualized and have an easier pace may also be a good option. Yoga classes, for example, can be a great option for shy children because they can participate in their own way and move at their own pace.</li></ul>\n"},{"title":"Let the child know you’re proud of them.","content":"\n Whether the child excels at an activity or not, it’s important that you use positive reinforcement to show them that you’re proud of them for participating. Giving them a hug, a high five, or complimenting something they did well will go a long way in helping a shy child feel more confident, which will likely make them more motivated to continue to participate in the activity and improve.\n<ul>\n<li>For example, if your daughter recently joined the school orchestra and had her first concert, try telling her afterward, “You sounded amazing during that last song!” Even if they made several mistakes throughout the concert, focusing on what they did well helps boost their confidence and feel more inclined to stick with it.</li>\n<li>In addition, it can be helpful to use tangible rewards occasionally to encourage the child to participate. For example, if they’ve been hesitant to participate in classroom activities at school, it may be helpful to allow them to earn a small reward for a positive report from their teacher.&nbsp;</li>\n</ul>\n"},{"title":"Urge them to try an activity more than once.","content":"\n Trying a new activity can be stressful and intimidating for shy children, which can make them want to dismiss an activity after the first try. In many cases, though, they might just need another chance to gain a bit more confidence. Unless the activity caused physical, emotional, or mental harm, it may be beneficial for you to urge them to try it one more time to see if they like it a bit better once they know what to expect.\n"}]},{"title":"Helping a Child Participate in Physical Activities","tasks":[{"title":"Introduce them to a wide variety of activities to find what they enjoy.","content":"\n Perhaps the best way to encourage a child who is reluctant to participate in physical activities is to find an activity that they’ll enjoy. While it can take some time and effort, introducing the child to a number of different activities will help both of you narrow down what they like and don’t like. Once they find an activity they’re interested in, they’ll be much more likely to get out there and be more active.\n<ul>\n<li>For example, take them to both a football game and a yoga class. If they seem bored in the yoga class but attentive during the game, try signing them up for a group sport that’s more competitive.</li>\n<li>While this is particularly important for young children, who are still trying to figure out what they like, it can also be helpful for older children as well. By encouraging them to try out a wide variety of new activities, you’ll show them that it’s never too late to be more active and start participating in something that’s both fun and good for their health.&nbsp;</li>\n</ul>\n"},{"title":"Look for activities that suit their personality and strengths.","content":"\n When looking for a physical activity that a child will enjoy, it can be helpful to consider what their strengths are, and what personality traits may make them more inclined to enjoy certain activities. If the child is particularly outgoing, for example, you may want to try signing them up for a more social activity, such as a soccer team, rather than an activity that can be more solitary, like cross-country running.\n<ul><li>If the child is particularly curious and adventurous, for example, try taking them hiking or signing them up for rock climbing classes. Allowing them to explore and learn more about the outdoors may help them get over their reluctance to physical activities.<sup id=\"_ref-12\" class=\"reference trusted\" aria-label=\"Link to Reference 12\"><a href=\"#_note-12\">[12]</a><span class=\"ts_popup trustedsource\" hidden=\"\" id=\"ts_popup_12\" style=\"display: none;\">\n\t<span class=\"ts_close\">X</span>\n\t\t<a class=\"ts_trustworthy\" href=\"/wikiHow:Delivering-a-Trustworthy-Experience\">Trustworthy Source</a>\n\n\t\t<span class=\"ts_name\">Understood</span>\n\t\t<span class=\"ts_description\">Nonprofit organization dedicated to resources and support to people with thinking differences, such as ADHD or dyslexia</span>\n\n\t\t\t\t<a href=\"#\" class=\"ts_source\" target=\"_blank\" rel=\"nofollow noreferrer noopener\">Go to source</a>\n</span>\n</sup>\n</li></ul>\n"},{"title":"Choose age-appropriate activities so they won’t feel out of place.","content":"\n When you’re looking for a physical activity that they’ll participate in and enjoy, try talking to their doctor first, as well as the potential coach or teacher, to assess if the activity is appropriate for the child’s age and abilities. If you try to get them to participate in activities that are too easy or too physically advanced, they’ll likely feel bored or overwhelmed and therefore, less inclined to commit to the activity.\n<ul>\n<li>For example, if you want your middle school son to get more exercise but he isn’t naturally athletic, try signing him up for an activity he can ease into on his own like running or biking. Both of these are great options because they’ll allow him to participate on his own time and build his endurance over time.</li>\n<li>Pushing a child into an activity that they aren’t ready for or able to fully do could be both emotionally and physically harmful.<sup id=\"_ref-14\" class=\"reference\" aria-label=\"Link to Reference 14\"><a href=\"#_note-14\">[14]</a><span class=\"ts_popup \" hidden=\"\" id=\"ts_popup_14\" style=\"display: none;\">\n\t<span class=\"ts_close\">X</span>\n\t\t<span class=\"ts_name\">Research source</span>\n\t\t<span class=\"ts_description\"></span>\n\t\t\t\t<a href=\"#\" class=\"ts_source\" target=\"_blank\" rel=\"nofollow noreferrer noopener\"></a>\n\n</span>\n</sup> In addition, it could make them resent an activity that they may have enjoyed if they’d tried it at the right time.</li>\n</ul>\n"},{"title":"Get any supplies they’ll need ahead of time so they’ll be prepared.","content":"\n When a child is trying a new physical activity, they’ll likely feel a bit nervous or anxious beforehand. Getting any supplies and equipment they may need ahead of time will help them feel prepared. Feeling prepared can calm their nerves and make them more willing to participate.\n<ul>\n<li>If they’re prepared and able to fully participate in the activity as soon as they get started, they’ll be much more likely to do so.&nbsp;</li>\n<li>For example, if you signed your daughter up for a swim team, make sure that she has all the equipment she’ll need beforehand. If she shows up to practice ready to go with her suit, goggles, cap, or flippers, she’ll probably feel much more comfortable.</li>\n</ul>\n"},{"title":"Schedule time to participate in physical activities with them.","content":"\n If you’re finding it hard to motivate a child to be more active, try making time to do more physical activities with them. Leading by example shows them the benefits of being active and allows you to spend some quality time together as well.\n<ul><li>For example, try scheduling fun activities you can do as a family. Going for bike rides, shooting hoops at the park, and rollerblading are all great activities that encourage your children to be more physically active.</li></ul>\n"},{"title":"Talk about what you know they’ll like about the activity.","content":"\n If a child seems reluctant to participate in an activity, it can be helpful to take some time to talk to them about the aspects you know they’ll enjoy. By focusing on how much fun they’ll have, you’ll be able to get them excited to get started.\n<ul><li>If you’re trying to get a middle school child to be more physically active, try signing them up for their school’s rowing team and emphasizing how much fun they’ll have with their teammates. For example, try telling them, “You’ll have so much being on the water every afternoon at practice and you’ll get to hang out with your best friend Joe even more!”</li></ul>\n"}]},{"title":"Getting Older Kids to Participate and Honor Commitments","tasks":[{"title":"Describe the reasons why they should participate in the activity.","content":"\n While it’s important that you try to find activities they enjoy, there will inevitably be situations where older kids will need to participate in activities they don’t like. When this happens, take time to explain to them why it’s important that they participate, and what they’ll be able to learn by doing so. In many cases, they’ll be more inclined to participate if they understand the benefits.\n<ul><li>For example, if your child is in high school and wants to quit working on the school paper, try making it clear to them why it’s important that they continue to participate. Instead of telling them they have to participate “Because I said so,” take time to explain how honoring their commitment to the paper will help them get into the college they want.</li></ul>\n"},{"title":"Get them involved in activities where others depend on them.","content":"\n If you notice that a child isn’t self-motivated, try encouraging them to get involved in group activities where other people will depend on them to do their jobs. Like adults, older children are often motivated to honor their commitments because they know others are depending on them. Finding a group activity helps hold them accountable while giving them a strong sense of purpose.\n<ul><li>If you’re a high school teacher and you’ve noticed that one or more of your students isn’t participating much in class, try giving the class a group project and assigning each group member a specific role. The students that are usually reluctant to participate may feel the pressure to contribute more since their group members are relying on them.</li></ul>\n"},{"title":"Explain that there are a variety of ways they can participate.","content":"\n In many cases, there are a number of ways that people can participate in an activity. If a child is reluctant to participate in an activity they’ve never done before, they may have a narrow idea of what that activity entails. If they’re not interested in participating in the most obvious sense, try encouraging them to participate in some capacity, even if it’s not how they originally envisioned.\n<ul>\n<li>For example, some students participate in classroom activities by raising their hand a lot, while others participate by answering questions directed at them and taking diligent notes. By explaining the variety of ways they can participate more in school, they’ll be more likely to figure out what type of participation works best for them.&nbsp;</li>\n<li>If you’re trying to encourage your son to get involved in more extracurricular activities but he’s not interested in joining a sports team, for example, try encouraging him to participate by becoming the team’s student manager.&nbsp;</li>\n</ul>\n"},{"title":"Apply what motivates them in other areas to this particular activity.","content":"\n To encourage an older child to participate in an activity they don’t want to do, try first asking them why they enjoy an activity they’re already involved in. If you can assess what motivates them to participate in that activity, you may be able to find ways to apply that to the new activity as well.\n<ul><li>For example, if you’re trying to get your daughter to read more and watch TV less, try first asking her, “You’re so committed to your bowling league. What do you like about it so much?” If she tells you that she loves bowling because it’s fun and she gets to hang out with her friends, try suggesting that she start a book club with her friends. By adding in the social aspect that she loves about bowling, she may be more motivated to read.</li></ul>\n"},{"title":"Don’t force them into an extracurricular activity if it’s not a good fit.","content":"\n When you’re trying to find an extracurricular activity that a child will participate in, it can be frustrating if they don’t show interest in something that you think would be good for them. While it’s important that you encourage them to give it a fair chance, if they really aren’t enjoying it, they likely won’t be motivated to participate.\n<ul><li>In addition, if you try to force them to participate in something that they’re really just not feeling, they could end up feeling resentful towards you and the activity.&nbsp;</li></ul>\n"}]}],"questions":[{"title":"How can I get my child interested in activities?","content":"Support wikiHow by unlocking this expert answer.\nPay attention to what they're curious about and try to find activities that help promote that curiosity."}]}