{"meta":{"description":"Headaches in children are common and usually not a sign of a serious medical condition. However, they can be painful and stressful for a child. There are several options, from home remedies to medication, to help your child get rid of a headache.","title":"Get Rid of a Headache in Kids"},"todo_list":[{"title":"Using Medication","tasks":[{"title":"Try over the counter painkillers.","content":"\n A variety of over the counter pain medications sold at most drug or department stores may help diminish the symptoms of a child's headache.\n<ul>\n<li>Acetaminophen (Tylenol) or ibuprofen (Advil and Motrin IB) work well in diminishing headaches and are safe for most children's use over the age of 6 months. If you want other options, you can talk to your pediatrician or pharmacist.<sup id=\"_ref-1\" class=\"reference trusted\" aria-label=\"Link to Reference 1\"><a href=\"#_note-1\">[1]</a><span class=\"ts_popup trustedsource\" hidden=\"\" id=\"ts_popup_1\" style=\"display: none;\">\n\t<span class=\"ts_close\">X</span>\n\t\t<a class=\"ts_trustworthy\" href=\"/wikiHow:Delivering-a-Trustworthy-Experience\">Trustworthy Source</a>\n\n\t\t<span class=\"ts_name\">Mayo Clinic</span>\n\t\t<span class=\"ts_description\">Educational website from one of the world's leading hospitals</span>\n\n\t\t\t\t<a href=\"#\" class=\"ts_source\" target=\"_blank\" rel=\"nofollow noreferrer noopener\">Go to source</a>\n</span>\n</sup>\n</li>\n<li>Make sure you get a children's formula of any over the counter medications. Adult formulas can be dangerous to use on kids.</li>\n<li>Pain killers should typically be taken at the first sign of a headache. Follow instructions for dosage, making sure you're giving the child the recommended amount considering her age.<sup id=\"_ref-2\" class=\"reference trusted\" aria-label=\"Link to Reference 2\"><a href=\"#_note-2\">[2]</a><span class=\"ts_popup trustedsource\" hidden=\"\" id=\"ts_popup_2\" style=\"display: none;\">\n\t<span class=\"ts_close\">X</span>\n\t\t<a class=\"ts_trustworthy\" href=\"/wikiHow:Delivering-a-Trustworthy-Experience\">Trustworthy Source</a>\n\n\t\t<span class=\"ts_name\">Mayo Clinic</span>\n\t\t<span class=\"ts_description\">Educational website from one of the world's leading hospitals</span>\n\n\t\t\t\t<a href=\"#\" class=\"ts_source\" target=\"_blank\" rel=\"nofollow noreferrer noopener\">Go to source</a>\n</span>\n</sup>\n</li>\n<li>While OTC meds can provide relief, they might cause rebound headaches if overused. This means your child will start experiencing headaches in response to the medication itself. OTC meds also tend to become less effective the more you use them.<sup id=\"_ref-3\" class=\"reference trusted\" aria-label=\"Link to Reference 3\"><a href=\"#_note-3\">[3]</a><span class=\"ts_popup trustedsource\" hidden=\"\" id=\"ts_popup_3\" style=\"display: none;\">\n\t<span class=\"ts_close\">X</span>\n\t\t<a class=\"ts_trustworthy\" href=\"/wikiHow:Delivering-a-Trustworthy-Experience\">Trustworthy Source</a>\n\n\t\t<span class=\"ts_name\">Mayo Clinic</span>\n\t\t<span class=\"ts_description\">Educational website from one of the world's leading hospitals</span>\n\n\t\t\t\t<a href=\"#\" class=\"ts_source\" target=\"_blank\" rel=\"nofollow noreferrer noopener\">Go to source</a>\n</span>\n</sup>\n</li>\n</ul>\n\n"},{"title":"Seek prescription medication.","content":"\n If you child's headaches are recurrent, you might want to ask your pediatrician for a prescription.\n<ul>\n<li>Migraines are typically treated with prescription medication. Migraines are recurrent and severe headaches. Triptans are generally prescribed for children over 6 years-old. The medication is very safe and has minimal side effects.<sup id=\"_ref-4\" class=\"reference trusted\" aria-label=\"Link to Reference 4\"><a href=\"#_note-4\">[4]</a><span class=\"ts_popup trustedsource\" hidden=\"\" id=\"ts_popup_4\" style=\"display: none;\">\n\t<span class=\"ts_close\">X</span>\n\t\t<a class=\"ts_trustworthy\" href=\"/wikiHow:Delivering-a-Trustworthy-Experience\">Trustworthy Source</a>\n\n\t\t<span class=\"ts_name\">Mayo Clinic</span>\n\t\t<span class=\"ts_description\">Educational website from one of the world's leading hospitals</span>\n\n\t\t\t\t<a href=\"#\" class=\"ts_source\" target=\"_blank\" rel=\"nofollow noreferrer noopener\">Go to source</a>\n</span>\n</sup>\n</li>\n<li>Certain types of chronic headaches, including migraines, are accompanied by nausea. Your doctor might suggest medication to treat your child's nausea.<sup id=\"_ref-5\" class=\"reference trusted\" aria-label=\"Link to Reference 5\"><a href=\"#_note-5\">[5]</a><span class=\"ts_popup trustedsource\" hidden=\"\" id=\"ts_popup_5\" style=\"display: none;\">\n\t<span class=\"ts_close\">X</span>\n\t\t<a class=\"ts_trustworthy\" href=\"/wikiHow:Delivering-a-Trustworthy-Experience\">Trustworthy Source</a>\n\n\t\t<span class=\"ts_name\">Mayo Clinic</span>\n\t\t<span class=\"ts_description\">Educational website from one of the world's leading hospitals</span>\n\n\t\t\t\t<a href=\"#\" class=\"ts_source\" target=\"_blank\" rel=\"nofollow noreferrer noopener\">Go to source</a>\n</span>\n</sup>\n</li>\n<li>Talk to your doctor about potential side effects of any medication and provide as much information as possible about your child and your family's medical history.</li>\n</ul>\n"},{"title":"Be cautious with aspirin.","content":"\n Aspirin is generally safe for children over 2. However, in rare cases it can contribute to the development of Reye's syndrome and should therefore not be administered to children who have certain risk factors. Most doctors don't recommend using aspirin in children at all.\n<ul>\n<li>Reye's syndrome causes swelling in the liver and the brain. It can lead to seizures and loss of consciousness. Swift treatment is important as Reye's syndrome can become fatal fast.<sup id=\"_ref-6\" class=\"reference trusted\" aria-label=\"Link to Reference 6\"><a href=\"#_note-6\">[6]</a><span class=\"ts_popup trustedsource\" hidden=\"\" id=\"ts_popup_6\" style=\"display: none;\">\n\t<span class=\"ts_close\">X</span>\n\t\t<a class=\"ts_trustworthy\" href=\"/wikiHow:Delivering-a-Trustworthy-Experience\">Trustworthy Source</a>\n\n\t\t<span class=\"ts_name\">Mayo Clinic</span>\n\t\t<span class=\"ts_description\">Educational website from one of the world's leading hospitals</span>\n\n\t\t\t\t<a href=\"#\" class=\"ts_source\" target=\"_blank\" rel=\"nofollow noreferrer noopener\">Go to source</a>\n</span>\n</sup>\n</li>\n<li>If your child's headache is caused by a viral infection, such as the flu or chicken pox, aspirin is not recommended. Treating such conditions with aspirin increases the risk of Reye's syndrome.<sup id=\"_ref-7\" class=\"reference trusted\" aria-label=\"Link to Reference 7\"><a href=\"#_note-7\">[7]</a><span class=\"ts_popup trustedsource\" hidden=\"\" id=\"ts_popup_7\" style=\"display: none;\">\n\t<span class=\"ts_close\">X</span>\n\t\t<a class=\"ts_trustworthy\" href=\"/wikiHow:Delivering-a-Trustworthy-Experience\">Trustworthy Source</a>\n\n\t\t<span class=\"ts_name\">Mayo Clinic</span>\n\t\t<span class=\"ts_description\">Educational website from one of the world's leading hospitals</span>\n\n\t\t\t\t<a href=\"#\" class=\"ts_source\" target=\"_blank\" rel=\"nofollow noreferrer noopener\">Go to source</a>\n</span>\n</sup>\n</li>\n<li>If your child has an underlying fatty acid oxidation disorder, this increases the risk of Reye's syndrome. You should not treat your child with Aspirin.<sup id=\"_ref-8\" class=\"reference trusted\" aria-label=\"Link to Reference 8\"><a href=\"#_note-8\">[8]</a><span class=\"ts_popup trustedsource\" hidden=\"\" id=\"ts_popup_8\" style=\"display: none;\">\n\t<span class=\"ts_close\">X</span>\n\t\t<a class=\"ts_trustworthy\" href=\"/wikiHow:Delivering-a-Trustworthy-Experience\">Trustworthy Source</a>\n\n\t\t<span class=\"ts_name\">Mayo Clinic</span>\n\t\t<span class=\"ts_description\">Educational website from one of the world's leading hospitals</span>\n\n\t\t\t\t<a href=\"#\" class=\"ts_source\" target=\"_blank\" rel=\"nofollow noreferrer noopener\">Go to source</a>\n</span>\n</sup>\n</li>\n</ul>\n"}]},{"title":"Trying Home Remedies","tasks":[{"title":"Use a cold compress.","content":"\n A cold compress might help soothe a child's pains in the event of a headache.\n<ul>\n<li>Run a clean wash cloth under cold water and place it on your child's forehead.</li>\n<li>Have something on hand to keep the child entertained, such as music or television, so they lay still while wearing the compress.</li>\n</ul>\n"},{"title":"Give your child a healthy snack.","content":"\n As headaches are sometimes caused by blood sugar levels, giving your child a healthy snack when they begin to complain of a headache might help.\n<ul>\n<li>Certain fruits and veggies have been known to reduce headache symptoms. Try giving your child a snack that contains spinach, watermelon<sup id=\"_ref-9\" class=\"reference\" aria-label=\"Link to Reference 9\"><a href=\"#_note-9\">[9]</a><span class=\"ts_popup \" hidden=\"\" id=\"ts_popup_9\" style=\"display: none;\">\n\t<span class=\"ts_close\">X</span>\n\t\t<span class=\"ts_name\">Research source</span>\n\t\t<span class=\"ts_description\"></span>\n\t\t\t\t<a href=\"#\" class=\"ts_source\" target=\"_blank\" rel=\"nofollow noreferrer noopener\"></a>\n\n</span>\n</sup>, or cherries.<sup id=\"_ref-10\" class=\"reference\" aria-label=\"Link to Reference 10\"><a href=\"#_note-10\">[10]</a><span class=\"ts_popup \" hidden=\"\" id=\"ts_popup_10\" style=\"display: none;\">\n\t<span class=\"ts_close\">X</span>\n\t\t<span class=\"ts_name\">Research source</span>\n\t\t<span class=\"ts_description\"></span>\n\t\t\t\t<a href=\"#\" class=\"ts_source\" target=\"_blank\" rel=\"nofollow noreferrer noopener\"></a>\n\n</span>\n</sup>\n</li>\n<li>Children often enjoy peanut butter, which has been shown to reduce symptoms of headaches. As milk also helps fight headache, you might try peanut butter on crackers with a glass of milk.<sup id=\"_ref-11\" class=\"reference\" aria-label=\"Link to Reference 11\"><a href=\"#_note-11\">[11]</a><span class=\"ts_popup \" hidden=\"\" id=\"ts_popup_11\" style=\"display: none;\">\n\t<span class=\"ts_close\">X</span>\n\t\t<span class=\"ts_name\">Research source</span>\n\t\t<span class=\"ts_description\"></span>\n\t\t\t\t<a href=\"#\" class=\"ts_source\" target=\"_blank\" rel=\"nofollow noreferrer noopener\"></a>\n\n</span>\n</sup>\n</li>\n</ul>\n"},{"title":"Practice rest and relaxation techniques.","content":"\n As headaches are often caused by inadequate sleep or stress, helping your child relax when a headache comes on can help.\n<ul>\n<li>Encourage your child to sleep in a cool, dark room. Sometimes, headache symptoms improve with a nap.</li>\n<li>Relaxation techniques can help a child ease tensed muscles, which can modify pain and reduce the frequency of headaches. Have your child lie down and relax, stretch out all her muscles, and progressively relax different parts of her body.</li>\n<li>You could also encourage hot baths or showers to reduce stress.</li>\n<li>Make sure your child takes breaks from activities that trigger headaches, such as prolonged periods in front of the computer or TV screen.</li>\n</ul>\n"}]},{"title":"Understanding when to Seek Medical Care","tasks":[{"title":"Keep track of the frequency of headaches.","content":"\n If your child seems to be experiencing headaches often, you should keep track of them. This way, if you need to seek medical care you'll have a detailed list of symptoms on hand.\n<ul>\n<li>Know roughly when the headaches happened, how long they typically occur, and whether the headaches are of the same variety.<sup id=\"_ref-12\" class=\"reference trusted\" aria-label=\"Link to Reference 12\"><a href=\"#_note-12\">[12]</a><span class=\"ts_popup trustedsource\" hidden=\"\" id=\"ts_popup_12\" style=\"display: none;\">\n\t<span class=\"ts_close\">X</span>\n\t\t<a class=\"ts_trustworthy\" href=\"/wikiHow:Delivering-a-Trustworthy-Experience\">Trustworthy Source</a>\n\n\t\t<span class=\"ts_name\">Cleveland Clinic</span>\n\t\t<span class=\"ts_description\">Educational website from one of the world's leading hospitals</span>\n\n\t\t\t\t<a href=\"#\" class=\"ts_source\" target=\"_blank\" rel=\"nofollow noreferrer noopener\">Go to source</a>\n</span>\n</sup>\n</li>\n<li>There are different types of headaches, and treatment varies from type to type. Cluster headaches come in groups are accompanied by cold like symptoms. Migraines are often associated with vomiting and abdominal pain and sensitivity to light and sounds. Tension headaches often include pain in the neck and shoulders. Document all your child's symptoms to get a sense of which type of headache she's experiencing.</li>\n<li>Children, especially young children, often have trouble explaining their symptoms. Ask your child leading questions, like \"Where does it hurt?\" and \"Can you point to where the pain is?\"<sup id=\"_ref-13\" class=\"reference trusted\" aria-label=\"Link to Reference 13\"><a href=\"#_note-13\">[13]</a><span class=\"ts_popup trustedsource\" hidden=\"\" id=\"ts_popup_13\" style=\"display: none;\">\n\t<span class=\"ts_close\">X</span>\n\t\t<a class=\"ts_trustworthy\" href=\"/wikiHow:Delivering-a-Trustworthy-Experience\">Trustworthy Source</a>\n\n\t\t<span class=\"ts_name\">Cleveland Clinic</span>\n\t\t<span class=\"ts_description\">Educational website from one of the world's leading hospitals</span>\n\n\t\t\t\t<a href=\"#\" class=\"ts_source\" target=\"_blank\" rel=\"nofollow noreferrer noopener\">Go to source</a>\n</span>\n</sup>\n</li>\n</ul>\n"},{"title":"Understand the link between frequent headaches and mental health issues.","content":"\n Oftentimes, children complain of headaches or other ailments when experience of depression, anxiety, and other mental health issues. Children typically lack the vocabulary to explain mental health issues, and seek out comfort by complaining of physical ailments.\n<ul>\n<li>A real headache in a child is easy to spot. A child suffering from a legitimate headache will generally be quiet and want to sit or lie down. They might fall asleep and will avoid exerting themselves in any way. Light and noise will bother them and they may experience stomach related issues, like nausea.</li>\n<li>If your child does not display typical symptoms of a headache but complains of them frequently, she may be having a mental health issue. Talk to your pediatrician about your concerns. Your doctor should be able to talk to your child about her emotional health in a manner she understand and can refer a therapist if necessary.</li>\n</ul>\n"},{"title":"Familiarize yourself with worrisome symptoms.","content":"\n While headaches are typically not a sign of serious illness, you should watch for certain symptoms. Seek medical care if your child experiences any of the following:\n<ul>\n<li>Headaches strong enough to wake a child from sleep</li>\n<li>Early morning vomiting, especially in the absence of other symptoms</li>\n<li>Personality changes</li>\n<li>Worsening headaches that increase in frequency</li>\n<li>Headaches that follow an injury</li>\n<li>Headaches accompanied by a stiff neck</li>\n</ul>\n"}]},{"title":"Preventing Headaches","tasks":[{"title":"Give your child plenty of water.","content":"\n Dehydration can cause many symptoms, including recurrent headaches. In order to prevent headaches in your child, make sure she's getting adequate water throughout the day.\n<ul>\n<li>A child should get roughly 4 eight ounce glasses of water each day. Your child might need more, however, if she is particularly physically active.</li>\n<li>Avoid caffeinated and sugary beverages. Not only will they discourage children from simply drinking water, they can dehydrate your child. Heavy sugar or caffeine intake have also been linked to headaches.</li>\n</ul>\n"},{"title":"Make sure your child is getting enough sleep.","content":"\n Children need plenty of rest, which is why nap time is often an important part of a child's routine. Inadequate sleep can result in headaches.\n<ul>\n<li>Depending on the age of your child, he will need different amounts of sleep each night. Toddlers and pre-schoolers need 11 to 13 hours of sleep. Children from ages 6 to 13 need 9 to 11 hours each night.<sup id=\"_ref-14\" class=\"reference\" aria-label=\"Link to Reference 14\"><a href=\"#_note-14\">[14]</a><span class=\"ts_popup \" hidden=\"\" id=\"ts_popup_14\" style=\"display: none;\">\n\t<span class=\"ts_close\">X</span>\n\t\t<span class=\"ts_name\">Research source</span>\n\t\t<span class=\"ts_description\"></span>\n\t\t\t\t<a href=\"#\" class=\"ts_source\" target=\"_blank\" rel=\"nofollow noreferrer noopener\"></a>\n\n</span>\n</sup>\n</li>\n<li>Set a bed time for you child, if you do not already have one, and make sure she gets up around the same time each day.</li>\n</ul>\n"},{"title":"Feed your child balanced meals at regular times.","content":"\n Sometimes, hunger can trigger headaches. Make sure you do not wait too long between meals.\n<ul>\n<li>Dips in blood sugar associated with missing meals can trigger headaches. Make sure your child eats breakfast before leaving for school. Children can be sometimes be stubborn about school lunches and discard unwanted items. If your child has been missing lunch, consider packing a lunch for her so you know she will eat.</li>\n<li>Children often go through phases where they do not want to eat, particularly in toddlerhood. Establishing a strict mealtime routine and prohibiting distractions like toys and TV during meal times can help encourage your child to eat. If you keep having problems, talk to your pediatrician to rule out underlying medical concerns.<sup id=\"_ref-15\" class=\"reference trusted\" aria-label=\"Link to Reference 15\"><a href=\"#_note-15\">[15]</a><span class=\"ts_popup trustedsource\" hidden=\"\" id=\"ts_popup_15\" style=\"display: none;\">\n\t<span class=\"ts_close\">X</span>\n\t\t<a class=\"ts_trustworthy\" href=\"/wikiHow:Delivering-a-Trustworthy-Experience\">Trustworthy Source</a>\n\n\t\t<span class=\"ts_name\">FamilyDoctor.org</span>\n\t\t<span class=\"ts_description\">Family-focused medical advice site run by the American Academy of Family Doctors</span>\n\n\t\t\t\t<a href=\"#\" class=\"ts_source\" target=\"_blank\" rel=\"nofollow noreferrer noopener\">Go to source</a>\n</span>\n</sup>\n</li>\n<li>Provide nutritious snacks between meals, like fruit, whole wheat crackers, yogurt, cheese, and veggies.</li>\n</ul>\n"},{"title":"Understand the underlying cause of your child's headache.","content":"\n Common causes of headaches in children include:\n<ul>\n<li>Allergies</li>\n<li>A sinus infection</li>\n<li>problems with their vision</li>\n<li>If they also have a sore throat and fever, it could also be a sign of step throat.</li>\n<li>You should see your doctor if you think your child’s headaches may be due to another condition</li>\n</ul>\n"}]}],"questions":[]}