{"meta":{"description":"While going on family vacations are fun, having a carsick child is not. Luckily, if your child has become carsick, there are several ways that you can help him or her to feel more comfortable. If you have not yet left for your trip and you have a child that is prone to carsickness, scroll down to Method 2 to learn about how to prevent car sickness from occurring.","title":"Help a Carsick Child"},"todo_list":[{"title":"Making Your Child More Comfortable","tasks":[{"title":"Let your child get out of the car and lie down.","content":"\n If your child is feeling very carsick, take the nearest exit and pull over (where it is safe to do so) and allow your child to get out of the car. Have your child lie down; some people find that lying down can help them to stop feeling carsick.\n<ul><li>If your child vomits, give your child plenty of cold water after his nausea has passed.<div class=\"mwimg  largeimage  floatcenter \" style=\"max-width:728px\"><a href=\"#/Image:Help-a-Carsick-Child-Step-1Bullet1.jpg\" class=\"image\"><div class=\"content-spacer\" style=\"padding-top:75%\"><div class=\"loading-container\"><div class=\"loader\"><div class=\"loader-dot\"></div><div class=\"loader-dot\"></div><div class=\"loader-dot\"></div></div></div>\n<img alt=\"Image titled Help a Carsick Child Step 1Bullet1\" decoding=\"async\" class=\"whcdn content-fill img-loading-alt\" data-srclarge=\"/images/thumb/7/74/Help-a-Carsick-Child-Step-1Bullet1.jpg/aid5217791-v4-728px-Help-a-Carsick-Child-Step-1Bullet1.jpg\" data-width=\"460\" data-height=\"345\" id=\"829615919515ce4e41262dda3a93659b\" data-src=\"https://www.wikihow.com/images/thumb/7/74/Help-a-Carsick-Child-Step-1Bullet1.jpg/v4-460px-Help-a-Carsick-Child-Step-1Bullet1.jpg\" loading=\"lazy\" src=\"/images/thumb/7/74/Help-a-Carsick-Child-Step-1Bullet1.jpg/aid5217791-v4-728px-Help-a-Carsick-Child-Step-1Bullet1.jpg.webp\"><script>WH.shared.addScrollLoadItem('829615919515ce4e41262dda3a93659b')</script>\n</div>\n<noscript><img alt=\"Image titled Help a Carsick Child Step 1Bullet1\" src=\"https://www.wikihow.com/images/thumb/7/74/Help-a-Carsick-Child-Step-1Bullet1.jpg/v4-460px-Help-a-Carsick-Child-Step-1Bullet1.jpg\" decoding=\"async\" class=\"whcdn content-fill\" data-srclarge=\"/images/thumb/7/74/Help-a-Carsick-Child-Step-1Bullet1.jpg/aid5217791-v4-728px-Help-a-Carsick-Child-Step-1Bullet1.jpg\" data-width=\"460\" data-height=\"345\" id=\"829615919515ce4e41262dda3a93659b\"></noscript>\n<div class=\"image_details\" style=\"display:none;\"><span style=\"display:none;\">{\"smallUrl\":\"https:\\/\\/www.wikihow.com\\/images\\/thumb\\/7\\/74\\/Help-a-Carsick-Child-Step-1Bullet1.jpg\\/v4-460px-Help-a-Carsick-Child-Step-1Bullet1.jpg\",\"bigUrl\":\"\\/images\\/thumb\\/7\\/74\\/Help-a-Carsick-Child-Step-1Bullet1.jpg\\/aid5217791-v4-728px-Help-a-Carsick-Child-Step-1Bullet1.jpg\",\"smallWidth\":460,\"smallHeight\":345,\"bigWidth\":728,\"bigHeight\":546,\"licensing\":\"&lt;div class=\\\"mw-parser-output\\\"&gt;&lt;p&gt;License: &lt;a target=\\\"_blank\\\" rel=\\\"nofollow noreferrer noopener\\\" class=\\\"external text\\\" href=\\\"https:\\/\\/creativecommons.org\\/licenses\\/by-nc-sa\\/3.0\\/\\\"&gt;Creative Commons&lt;\\/a&gt;&lt;br&gt;\\n&lt;\\/p&gt;&lt;p&gt;&lt;br \\/&gt;\\n&lt;\\/p&gt;&lt;\\/div&gt;\"}</span></div></a></div>\n</li></ul>\n\n"},{"title":"Open the window to get some fresh air into the car.","content":"\n Rolling down the window and letting some fresh air in may help your child to feel refreshed. Having the wind blow on his face may also help your child to stop thinking about how ill he feels.\n<ul><li>In addition to opening the window, you should avoid wearing cologne, smoking or carrying food with a strong odor while driving if you have a child who gets carsick easily. These items can make the air feel stuffy, which in turn can make your child feel more sick.<div class=\"mwimg  largeimage  floatcenter \" style=\"max-width:728px\"><a href=\"#/Image:Help-a-Carsick-Child-Step-2Bullet1.jpg\" class=\"image\"><div class=\"content-spacer\" style=\"padding-top:75%\"><div class=\"loading-container\"><div class=\"loader\"><div class=\"loader-dot\"></div><div class=\"loader-dot\"></div><div class=\"loader-dot\"></div></div></div>\n<img alt=\"\" decoding=\"async\" class=\"whcdn content-fill img-loading-alt\" data-srclarge=\"/images/thumb/c/cc/Help-a-Carsick-Child-Step-2Bullet1.jpg/aid5217791-v4-728px-Help-a-Carsick-Child-Step-2Bullet1.jpg\" data-width=\"460\" data-height=\"345\" id=\"7a48ab08d08b6b9b445cada16b57d7db\" data-src=\"https://www.wikihow.com/images/thumb/c/cc/Help-a-Carsick-Child-Step-2Bullet1.jpg/v4-460px-Help-a-Carsick-Child-Step-2Bullet1.jpg\" loading=\"lazy\" src=\"/images/thumb/c/cc/Help-a-Carsick-Child-Step-2Bullet1.jpg/aid5217791-v4-728px-Help-a-Carsick-Child-Step-2Bullet1.jpg.webp\"><script>WH.shared.addScrollLoadItem('7a48ab08d08b6b9b445cada16b57d7db')</script>\n</div>\n<noscript><img alt=\"Image titled Help a Carsick Child Step 2Bullet1\" src=\"https://www.wikihow.com/images/thumb/c/cc/Help-a-Carsick-Child-Step-2Bullet1.jpg/v4-460px-Help-a-Carsick-Child-Step-2Bullet1.jpg\" decoding=\"async\" class=\"whcdn content-fill\" data-srclarge=\"/images/thumb/c/cc/Help-a-Carsick-Child-Step-2Bullet1.jpg/aid5217791-v4-728px-Help-a-Carsick-Child-Step-2Bullet1.jpg\" data-width=\"460\" data-height=\"345\" id=\"7a48ab08d08b6b9b445cada16b57d7db\"></noscript>\n<div class=\"image_details\" style=\"display:none;\"><span style=\"display:none;\">{\"smallUrl\":\"https:\\/\\/www.wikihow.com\\/images\\/thumb\\/c\\/cc\\/Help-a-Carsick-Child-Step-2Bullet1.jpg\\/v4-460px-Help-a-Carsick-Child-Step-2Bullet1.jpg\",\"bigUrl\":\"\\/images\\/thumb\\/c\\/cc\\/Help-a-Carsick-Child-Step-2Bullet1.jpg\\/aid5217791-v4-728px-Help-a-Carsick-Child-Step-2Bullet1.jpg\",\"smallWidth\":460,\"smallHeight\":345,\"bigWidth\":728,\"bigHeight\":546,\"licensing\":\"&lt;div class=\\\"mw-parser-output\\\"&gt;&lt;p&gt;License: &lt;a target=\\\"_blank\\\" rel=\\\"nofollow noreferrer noopener\\\" class=\\\"external text\\\" href=\\\"https:\\/\\/creativecommons.org\\/licenses\\/by-nc-sa\\/3.0\\/\\\"&gt;Creative Commons&lt;\\/a&gt;&lt;br&gt;\\n&lt;\\/p&gt;&lt;p&gt;&lt;br \\/&gt;\\n&lt;\\/p&gt;&lt;\\/div&gt;\"}</span></div></a></div>\n</li></ul>\n"},{"title":"Move your child so that he is sitting towards the front of the car.","content":"\n If your child is carsick and sitting in the back of the car, move your child up to the middle section of the car, or the front of the car if he is old enough to sit up front. Cars are more unstable in the back, which means that when you take a turn, anyone sitting in the back of the car will be more affected by the turn.\n<ul>\n<li>In addition to this exaggerated movement of the back of the car, sitting in the far back may reduce your child’s interaction with the rest of the family. When your child has nothing to distract him, he may feel carsick more easily.</li>\n<li>Do not let your child sit backwards or sideways; he should sit facing the direction that the car is moving in.</li>\n</ul>\n"},{"title":"Elevate your child’s seat.","content":"\n When your child sits up higher, he can see out of the car’s window more easily. Looking out the window, especially if the window is rolled down a little bit, can help to distract your child from his illness.\n<ul><li>Have your child look out the window rather than giving your child a book to read as a distraction. Reading in the car can lead to car sickness very quickly. Staring down at a page while the car is in motion can overload your child’s senses, in turn making him feel more sick.<div class=\"mwimg  largeimage  floatcenter \" style=\"max-width:728px\"><a href=\"#/Image:Help-a-Carsick-Child-Step-4Bullet1.jpg\" class=\"image\"><div class=\"content-spacer\" style=\"padding-top:75%\"><div class=\"loading-container\"><div class=\"loader\"><div class=\"loader-dot\"></div><div class=\"loader-dot\"></div><div class=\"loader-dot\"></div></div></div>\n<img alt=\"\" decoding=\"async\" class=\"whcdn content-fill img-loading-alt\" data-srclarge=\"/images/thumb/e/ef/Help-a-Carsick-Child-Step-4Bullet1.jpg/aid5217791-v4-728px-Help-a-Carsick-Child-Step-4Bullet1.jpg\" data-width=\"460\" data-height=\"345\" id=\"6263ba210022a8988385611ac534f8d7\" data-src=\"https://www.wikihow.com/images/thumb/e/ef/Help-a-Carsick-Child-Step-4Bullet1.jpg/v4-460px-Help-a-Carsick-Child-Step-4Bullet1.jpg\" loading=\"lazy\" src=\"/images/thumb/e/ef/Help-a-Carsick-Child-Step-4Bullet1.jpg/aid5217791-v4-728px-Help-a-Carsick-Child-Step-4Bullet1.jpg.webp\"><script>WH.shared.addScrollLoadItem('6263ba210022a8988385611ac534f8d7')</script>\n</div>\n<noscript><img alt=\"Image titled Help a Carsick Child Step 4Bullet1\" src=\"https://www.wikihow.com/images/thumb/e/ef/Help-a-Carsick-Child-Step-4Bullet1.jpg/v4-460px-Help-a-Carsick-Child-Step-4Bullet1.jpg\" decoding=\"async\" class=\"whcdn content-fill\" data-srclarge=\"/images/thumb/e/ef/Help-a-Carsick-Child-Step-4Bullet1.jpg/aid5217791-v4-728px-Help-a-Carsick-Child-Step-4Bullet1.jpg\" data-width=\"460\" data-height=\"345\" id=\"6263ba210022a8988385611ac534f8d7\"></noscript>\n<div class=\"image_details\" style=\"display:none;\"><span style=\"display:none;\">{\"smallUrl\":\"https:\\/\\/www.wikihow.com\\/images\\/thumb\\/e\\/ef\\/Help-a-Carsick-Child-Step-4Bullet1.jpg\\/v4-460px-Help-a-Carsick-Child-Step-4Bullet1.jpg\",\"bigUrl\":\"\\/images\\/thumb\\/e\\/ef\\/Help-a-Carsick-Child-Step-4Bullet1.jpg\\/aid5217791-v4-728px-Help-a-Carsick-Child-Step-4Bullet1.jpg\",\"smallWidth\":460,\"smallHeight\":345,\"bigWidth\":728,\"bigHeight\":546,\"licensing\":\"&lt;div class=\\\"mw-parser-output\\\"&gt;&lt;p&gt;License: &lt;a target=\\\"_blank\\\" rel=\\\"nofollow noreferrer noopener\\\" class=\\\"external text\\\" href=\\\"https:\\/\\/creativecommons.org\\/licenses\\/by-nc-sa\\/3.0\\/\\\"&gt;Creative Commons&lt;\\/a&gt;&lt;br&gt;\\n&lt;\\/p&gt;&lt;p&gt;&lt;br \\/&gt;\\n&lt;\\/p&gt;&lt;\\/div&gt;\"}</span></div></a></div>\n</li></ul>\n"},{"title":"Distract your child by playing games or talking to him.","content":"\n If you cannot stop to let your child rest for a moment, try to distract your child from how sick he is feeling. You can distract your child in a variety of ways. Some of these ways include:\n<ul>\n<li>Playing eye-spy with your child, or other games where he has to look out the window. Another idea is to have your child count the number of animals, birds, or trees that he sees.<div class=\"mwimg  largeimage  floatcenter \" style=\"max-width:728px\"><a href=\"#/Image:Help-a-Carsick-Child-Step-5Bullet1.jpg\" class=\"image\"><div class=\"content-spacer\" style=\"padding-top:75%\"><div class=\"loading-container\"><div class=\"loader\"><div class=\"loader-dot\"></div><div class=\"loader-dot\"></div><div class=\"loader-dot\"></div></div></div>\n<img alt=\"\" decoding=\"async\" class=\"whcdn content-fill img-loading-alt\" data-srclarge=\"/images/thumb/2/2b/Help-a-Carsick-Child-Step-5Bullet1.jpg/aid5217791-v4-728px-Help-a-Carsick-Child-Step-5Bullet1.jpg\" data-width=\"460\" data-height=\"345\" id=\"5d34b2db5e5f937d37cb7013f6d79cae\" data-src=\"https://www.wikihow.com/images/thumb/2/2b/Help-a-Carsick-Child-Step-5Bullet1.jpg/v4-460px-Help-a-Carsick-Child-Step-5Bullet1.jpg\" loading=\"lazy\" src=\"/images/thumb/2/2b/Help-a-Carsick-Child-Step-5Bullet1.jpg/aid5217791-v4-728px-Help-a-Carsick-Child-Step-5Bullet1.jpg.webp\"><script>WH.shared.addScrollLoadItem('5d34b2db5e5f937d37cb7013f6d79cae')</script>\n</div>\n<noscript><img alt=\"Image titled Help a Carsick Child Step 5Bullet1\" src=\"https://www.wikihow.com/images/thumb/2/2b/Help-a-Carsick-Child-Step-5Bullet1.jpg/v4-460px-Help-a-Carsick-Child-Step-5Bullet1.jpg\" decoding=\"async\" class=\"whcdn content-fill\" data-srclarge=\"/images/thumb/2/2b/Help-a-Carsick-Child-Step-5Bullet1.jpg/aid5217791-v4-728px-Help-a-Carsick-Child-Step-5Bullet1.jpg\" data-width=\"460\" data-height=\"345\" id=\"5d34b2db5e5f937d37cb7013f6d79cae\"></noscript>\n<div class=\"image_details\" style=\"display:none;\"><span style=\"display:none;\">{\"smallUrl\":\"https:\\/\\/www.wikihow.com\\/images\\/thumb\\/2\\/2b\\/Help-a-Carsick-Child-Step-5Bullet1.jpg\\/v4-460px-Help-a-Carsick-Child-Step-5Bullet1.jpg\",\"bigUrl\":\"\\/images\\/thumb\\/2\\/2b\\/Help-a-Carsick-Child-Step-5Bullet1.jpg\\/aid5217791-v4-728px-Help-a-Carsick-Child-Step-5Bullet1.jpg\",\"smallWidth\":460,\"smallHeight\":345,\"bigWidth\":728,\"bigHeight\":546,\"licensing\":\"&lt;div class=\\\"mw-parser-output\\\"&gt;&lt;p&gt;License: &lt;a target=\\\"_blank\\\" rel=\\\"nofollow noreferrer noopener\\\" class=\\\"external text\\\" href=\\\"https:\\/\\/creativecommons.org\\/licenses\\/by-nc-sa\\/3.0\\/\\\"&gt;Creative Commons&lt;\\/a&gt;&lt;br&gt;\\n&lt;\\/p&gt;&lt;p&gt;&lt;br \\/&gt;\\n&lt;\\/p&gt;&lt;\\/div&gt;\"}</span></div></a></div>\n</li>\n<li>Talking to your child and asking him questions. Ask him questions about what he likes, or tell him about what you are all going to do when you get to your destination.<div class=\"mwimg  largeimage  floatcenter \" style=\"max-width:728px\"><a href=\"#/Image:Help-a-Carsick-Child-Step-5Bullet2.jpg\" class=\"image\"><div class=\"content-spacer\" style=\"padding-top:75%\"><div class=\"loading-container\"><div class=\"loader\"><div class=\"loader-dot\"></div><div class=\"loader-dot\"></div><div class=\"loader-dot\"></div></div></div>\n<img alt=\"\" decoding=\"async\" class=\"whcdn content-fill img-loading-alt\" data-srclarge=\"/images/thumb/0/0b/Help-a-Carsick-Child-Step-5Bullet2.jpg/aid5217791-v4-728px-Help-a-Carsick-Child-Step-5Bullet2.jpg\" data-width=\"460\" data-height=\"345\" id=\"11ddbaae8ed7ffac7cb636bd7de0ccca\" data-src=\"https://www.wikihow.com/images/thumb/0/0b/Help-a-Carsick-Child-Step-5Bullet2.jpg/v4-460px-Help-a-Carsick-Child-Step-5Bullet2.jpg\" loading=\"lazy\" src=\"/images/thumb/0/0b/Help-a-Carsick-Child-Step-5Bullet2.jpg/aid5217791-v4-728px-Help-a-Carsick-Child-Step-5Bullet2.jpg.webp\"><script>WH.shared.addScrollLoadItem('11ddbaae8ed7ffac7cb636bd7de0ccca')</script>\n</div>\n<noscript><img alt=\"Image titled Help a Carsick Child Step 5Bullet2\" src=\"https://www.wikihow.com/images/thumb/0/0b/Help-a-Carsick-Child-Step-5Bullet2.jpg/v4-460px-Help-a-Carsick-Child-Step-5Bullet2.jpg\" decoding=\"async\" class=\"whcdn content-fill\" data-srclarge=\"/images/thumb/0/0b/Help-a-Carsick-Child-Step-5Bullet2.jpg/aid5217791-v4-728px-Help-a-Carsick-Child-Step-5Bullet2.jpg\" data-width=\"460\" data-height=\"345\" id=\"11ddbaae8ed7ffac7cb636bd7de0ccca\"></noscript>\n<div class=\"image_details\" style=\"display:none;\"><span style=\"display:none;\">{\"smallUrl\":\"https:\\/\\/www.wikihow.com\\/images\\/thumb\\/0\\/0b\\/Help-a-Carsick-Child-Step-5Bullet2.jpg\\/v4-460px-Help-a-Carsick-Child-Step-5Bullet2.jpg\",\"bigUrl\":\"\\/images\\/thumb\\/0\\/0b\\/Help-a-Carsick-Child-Step-5Bullet2.jpg\\/aid5217791-v4-728px-Help-a-Carsick-Child-Step-5Bullet2.jpg\",\"smallWidth\":460,\"smallHeight\":345,\"bigWidth\":728,\"bigHeight\":546,\"licensing\":\"&lt;div class=\\\"mw-parser-output\\\"&gt;&lt;p&gt;License: &lt;a target=\\\"_blank\\\" rel=\\\"nofollow noreferrer noopener\\\" class=\\\"external text\\\" href=\\\"https:\\/\\/creativecommons.org\\/licenses\\/by-nc-sa\\/3.0\\/\\\"&gt;Creative Commons&lt;\\/a&gt;&lt;br&gt;\\n&lt;\\/p&gt;&lt;p&gt;&lt;br \\/&gt;\\n&lt;\\/p&gt;&lt;\\/div&gt;\"}</span></div></a></div>\n</li>\n<li>Play your child’s favorite music and have him sing along.<div class=\"mwimg  largeimage  floatcenter \" style=\"max-width:728px\"><a href=\"#/Image:Help-a-Carsick-Child-Step-5Bullet3.jpg\" class=\"image\"><div class=\"content-spacer\" style=\"padding-top:75%\"><div class=\"loading-container\"><div class=\"loader\"><div class=\"loader-dot\"></div><div class=\"loader-dot\"></div><div class=\"loader-dot\"></div></div></div>\n<img alt=\"\" decoding=\"async\" class=\"whcdn content-fill img-loading-alt\" data-srclarge=\"/images/thumb/9/96/Help-a-Carsick-Child-Step-5Bullet3.jpg/aid5217791-v4-728px-Help-a-Carsick-Child-Step-5Bullet3.jpg\" data-width=\"460\" data-height=\"345\" id=\"5e6f5f1a2140892d583af2c9d7c0bdc3\" data-src=\"https://www.wikihow.com/images/thumb/9/96/Help-a-Carsick-Child-Step-5Bullet3.jpg/v4-460px-Help-a-Carsick-Child-Step-5Bullet3.jpg\" loading=\"lazy\" src=\"/images/thumb/9/96/Help-a-Carsick-Child-Step-5Bullet3.jpg/aid5217791-v4-728px-Help-a-Carsick-Child-Step-5Bullet3.jpg.webp\"><script>WH.shared.addScrollLoadItem('5e6f5f1a2140892d583af2c9d7c0bdc3')</script>\n</div>\n<noscript><img alt=\"Image titled Help a Carsick Child Step 5Bullet3\" src=\"https://www.wikihow.com/images/thumb/9/96/Help-a-Carsick-Child-Step-5Bullet3.jpg/v4-460px-Help-a-Carsick-Child-Step-5Bullet3.jpg\" decoding=\"async\" class=\"whcdn content-fill\" data-srclarge=\"/images/thumb/9/96/Help-a-Carsick-Child-Step-5Bullet3.jpg/aid5217791-v4-728px-Help-a-Carsick-Child-Step-5Bullet3.jpg\" data-width=\"460\" data-height=\"345\" id=\"5e6f5f1a2140892d583af2c9d7c0bdc3\"></noscript>\n<div class=\"image_details\" style=\"display:none;\"><span style=\"display:none;\">{\"smallUrl\":\"https:\\/\\/www.wikihow.com\\/images\\/thumb\\/9\\/96\\/Help-a-Carsick-Child-Step-5Bullet3.jpg\\/v4-460px-Help-a-Carsick-Child-Step-5Bullet3.jpg\",\"bigUrl\":\"\\/images\\/thumb\\/9\\/96\\/Help-a-Carsick-Child-Step-5Bullet3.jpg\\/aid5217791-v4-728px-Help-a-Carsick-Child-Step-5Bullet3.jpg\",\"smallWidth\":460,\"smallHeight\":345,\"bigWidth\":728,\"bigHeight\":546,\"licensing\":\"&lt;div class=\\\"mw-parser-output\\\"&gt;&lt;p&gt;License: &lt;a target=\\\"_blank\\\" rel=\\\"nofollow noreferrer noopener\\\" class=\\\"external text\\\" href=\\\"https:\\/\\/creativecommons.org\\/licenses\\/by-nc-sa\\/3.0\\/\\\"&gt;Creative Commons&lt;\\/a&gt;&lt;br&gt;\\n&lt;\\/p&gt;&lt;p&gt;&lt;br \\/&gt;\\n&lt;\\/p&gt;&lt;\\/div&gt;\"}</span></div></a></div>\n</li>\n</ul>\n"},{"title":"Try to drive as smoothly as possible.","content":"\n If your child is only moderately carsick, do everything that you can to drive smoothly so that he does not become more carsick.\n<ul><li>Try to take turns slowly, and avoid potholes and bumps when you can.</li></ul>\n"},{"title":"Carry an extra set of clothes if your child is prone to carsickness.","content":"\n If your child tends to get sick and vomit, try to be prepared for this by keeping an extra set of clothes for your child in your car. Changing into a fresh set of clothes after he vomits can help to make your child feel more comfortable.\n<ul><li>You should also carry wet wipes or a towel, and bags for your child to throw up into.<div class=\"mwimg  largeimage  floatcenter \" style=\"max-width:728px\"><a href=\"#/Image:Help-a-Carsick-Child-Step-7Bullet1.jpg\" class=\"image\"><div class=\"content-spacer\" style=\"padding-top:75%\"><div class=\"loading-container\"><div class=\"loader\"><div class=\"loader-dot\"></div><div class=\"loader-dot\"></div><div class=\"loader-dot\"></div></div></div>\n<img alt=\"\" decoding=\"async\" class=\"whcdn content-fill img-loading-alt\" data-srclarge=\"/images/thumb/2/24/Help-a-Carsick-Child-Step-7Bullet1.jpg/aid5217791-v4-728px-Help-a-Carsick-Child-Step-7Bullet1.jpg\" data-width=\"460\" data-height=\"345\" id=\"33332ee1002ec85d97c5c4dfa6e7660b\" data-src=\"https://www.wikihow.com/images/thumb/2/24/Help-a-Carsick-Child-Step-7Bullet1.jpg/v4-460px-Help-a-Carsick-Child-Step-7Bullet1.jpg\" loading=\"lazy\" src=\"/images/thumb/2/24/Help-a-Carsick-Child-Step-7Bullet1.jpg/aid5217791-v4-728px-Help-a-Carsick-Child-Step-7Bullet1.jpg.webp\"><script>WH.shared.addScrollLoadItem('33332ee1002ec85d97c5c4dfa6e7660b')</script>\n</div>\n<noscript><img alt=\"Image titled Help a Carsick Child Step 7Bullet1\" src=\"https://www.wikihow.com/images/thumb/2/24/Help-a-Carsick-Child-Step-7Bullet1.jpg/v4-460px-Help-a-Carsick-Child-Step-7Bullet1.jpg\" decoding=\"async\" class=\"whcdn content-fill\" data-srclarge=\"/images/thumb/2/24/Help-a-Carsick-Child-Step-7Bullet1.jpg/aid5217791-v4-728px-Help-a-Carsick-Child-Step-7Bullet1.jpg\" data-width=\"460\" data-height=\"345\" id=\"33332ee1002ec85d97c5c4dfa6e7660b\"></noscript>\n<div class=\"image_details\" style=\"display:none;\"><span style=\"display:none;\">{\"smallUrl\":\"https:\\/\\/www.wikihow.com\\/images\\/thumb\\/2\\/24\\/Help-a-Carsick-Child-Step-7Bullet1.jpg\\/v4-460px-Help-a-Carsick-Child-Step-7Bullet1.jpg\",\"bigUrl\":\"\\/images\\/thumb\\/2\\/24\\/Help-a-Carsick-Child-Step-7Bullet1.jpg\\/aid5217791-v4-728px-Help-a-Carsick-Child-Step-7Bullet1.jpg\",\"smallWidth\":460,\"smallHeight\":345,\"bigWidth\":728,\"bigHeight\":546,\"licensing\":\"&lt;div class=\\\"mw-parser-output\\\"&gt;&lt;p&gt;License: &lt;a target=\\\"_blank\\\" rel=\\\"nofollow noreferrer noopener\\\" class=\\\"external text\\\" href=\\\"https:\\/\\/creativecommons.org\\/licenses\\/by-nc-sa\\/3.0\\/\\\"&gt;Creative Commons&lt;\\/a&gt;&lt;br&gt;\\n&lt;\\/p&gt;&lt;p&gt;&lt;br \\/&gt;\\n&lt;\\/p&gt;&lt;\\/div&gt;\"}</span></div></a></div>\n</li></ul>\n"},{"title":"Give your child dimenhydrinate.","content":"\n This drug is used to treat the symptoms of motion sickness. It can be given to children who are two years old or older. Read the label for the proper dosage. The usual dosage is:\n<ul>\n<li>2 to 6 year olds: Give your child  12.5 to 25 mg of dimenhydrinate by mouth every 6 to 8 hours. Do not exceed 75 mg in 24 hours.<sup id=\"_ref-2\" class=\"reference\" aria-label=\"Link to Reference 2\"><a href=\"#_note-2\">[2]</a><span class=\"ts_popup \" hidden=\"\" id=\"ts_popup_2\" style=\"display: none;\">\n\t<span class=\"ts_close\">X</span>\n\t\t<span class=\"ts_name\">Research source</span>\n\t\t<span class=\"ts_description\"></span>\n\t\t\t\t<a href=\"#\" class=\"ts_source\" target=\"_blank\" rel=\"nofollow noreferrer noopener\"></a>\n\n</span>\n</sup><div class=\"mwimg  largeimage  floatcenter \" style=\"max-width:728px\"><a href=\"#/Image:Help-a-Carsick-Child-Step-8Bullet1.jpg\" class=\"image\"><div class=\"content-spacer\" style=\"padding-top:75%\"><div class=\"loading-container\"><div class=\"loader\"><div class=\"loader-dot\"></div><div class=\"loader-dot\"></div><div class=\"loader-dot\"></div></div></div>\n<img alt=\"\" decoding=\"async\" class=\"whcdn content-fill img-loading-alt\" data-srclarge=\"/images/thumb/a/ad/Help-a-Carsick-Child-Step-8Bullet1.jpg/aid5217791-v4-728px-Help-a-Carsick-Child-Step-8Bullet1.jpg\" data-width=\"460\" data-height=\"345\" id=\"700f1b99be5153db61a19b56dffed665\" data-src=\"https://www.wikihow.com/images/thumb/a/ad/Help-a-Carsick-Child-Step-8Bullet1.jpg/v4-460px-Help-a-Carsick-Child-Step-8Bullet1.jpg\" loading=\"lazy\" src=\"/images/thumb/a/ad/Help-a-Carsick-Child-Step-8Bullet1.jpg/aid5217791-v4-728px-Help-a-Carsick-Child-Step-8Bullet1.jpg.webp\"><script>WH.shared.addScrollLoadItem('700f1b99be5153db61a19b56dffed665')</script>\n</div>\n<noscript><img alt=\"Image titled Help a Carsick Child Step 8Bullet1\" src=\"https://www.wikihow.com/images/thumb/a/ad/Help-a-Carsick-Child-Step-8Bullet1.jpg/v4-460px-Help-a-Carsick-Child-Step-8Bullet1.jpg\" decoding=\"async\" class=\"whcdn content-fill\" data-srclarge=\"/images/thumb/a/ad/Help-a-Carsick-Child-Step-8Bullet1.jpg/aid5217791-v4-728px-Help-a-Carsick-Child-Step-8Bullet1.jpg\" data-width=\"460\" data-height=\"345\" id=\"700f1b99be5153db61a19b56dffed665\"></noscript>\n<div class=\"image_details\" style=\"display:none;\"><span style=\"display:none;\">{\"smallUrl\":\"https:\\/\\/www.wikihow.com\\/images\\/thumb\\/a\\/ad\\/Help-a-Carsick-Child-Step-8Bullet1.jpg\\/v4-460px-Help-a-Carsick-Child-Step-8Bullet1.jpg\",\"bigUrl\":\"\\/images\\/thumb\\/a\\/ad\\/Help-a-Carsick-Child-Step-8Bullet1.jpg\\/aid5217791-v4-728px-Help-a-Carsick-Child-Step-8Bullet1.jpg\",\"smallWidth\":460,\"smallHeight\":345,\"bigWidth\":728,\"bigHeight\":546,\"licensing\":\"&lt;div class=\\\"mw-parser-output\\\"&gt;&lt;p&gt;License: &lt;a target=\\\"_blank\\\" rel=\\\"nofollow noreferrer noopener\\\" class=\\\"external text\\\" href=\\\"https:\\/\\/creativecommons.org\\/licenses\\/by-nc-sa\\/3.0\\/\\\"&gt;Creative Commons&lt;\\/a&gt;&lt;br&gt;\\n&lt;\\/p&gt;&lt;p&gt;&lt;br \\/&gt;\\n&lt;\\/p&gt;&lt;\\/div&gt;\"}</span></div></a></div>\n</li>\n<li>6 to 12 year olds: Give your child 25 to 50 mg by mouth every 6 to 8 hours. Do not give your child more than 150 mg in 24 hours.<sup id=\"_ref-3\" class=\"reference\" aria-label=\"Link to Reference 3\"><a href=\"#_note-3\">[3]</a><span class=\"ts_popup \" hidden=\"\" id=\"ts_popup_3\" style=\"display: none;\">\n\t<span class=\"ts_close\">X</span>\n\t\t<span class=\"ts_name\">Research source</span>\n\t\t<span class=\"ts_description\"></span>\n\t\t\t\t<a href=\"#\" class=\"ts_source\" target=\"_blank\" rel=\"nofollow noreferrer noopener\"></a>\n\n</span>\n</sup><div class=\"mwimg  largeimage  floatcenter \" style=\"max-width:728px\"><a href=\"#/Image:Help-a-Carsick-Child-Step-8Bullet2.jpg\" class=\"image\"><div class=\"content-spacer\" style=\"padding-top:75%\"><div class=\"loading-container\"><div class=\"loader\"><div class=\"loader-dot\"></div><div class=\"loader-dot\"></div><div class=\"loader-dot\"></div></div></div>\n<img alt=\"\" decoding=\"async\" class=\"whcdn content-fill img-loading-alt\" data-srclarge=\"/images/thumb/b/b5/Help-a-Carsick-Child-Step-8Bullet2.jpg/aid5217791-v4-728px-Help-a-Carsick-Child-Step-8Bullet2.jpg\" data-width=\"460\" data-height=\"345\" id=\"8d624cbfd585c1d2b526bf8b6075eec3\" data-src=\"https://www.wikihow.com/images/thumb/b/b5/Help-a-Carsick-Child-Step-8Bullet2.jpg/v4-460px-Help-a-Carsick-Child-Step-8Bullet2.jpg\" loading=\"lazy\" src=\"/images/thumb/b/b5/Help-a-Carsick-Child-Step-8Bullet2.jpg/aid5217791-v4-728px-Help-a-Carsick-Child-Step-8Bullet2.jpg.webp\"><script>WH.shared.addScrollLoadItem('8d624cbfd585c1d2b526bf8b6075eec3')</script>\n</div>\n<noscript><img alt=\"Image titled Help a Carsick Child Step 8Bullet2\" src=\"https://www.wikihow.com/images/thumb/b/b5/Help-a-Carsick-Child-Step-8Bullet2.jpg/v4-460px-Help-a-Carsick-Child-Step-8Bullet2.jpg\" decoding=\"async\" class=\"whcdn content-fill\" data-srclarge=\"/images/thumb/b/b5/Help-a-Carsick-Child-Step-8Bullet2.jpg/aid5217791-v4-728px-Help-a-Carsick-Child-Step-8Bullet2.jpg\" data-width=\"460\" data-height=\"345\" id=\"8d624cbfd585c1d2b526bf8b6075eec3\"></noscript>\n<div class=\"image_details\" style=\"display:none;\"><span style=\"display:none;\">{\"smallUrl\":\"https:\\/\\/www.wikihow.com\\/images\\/thumb\\/b\\/b5\\/Help-a-Carsick-Child-Step-8Bullet2.jpg\\/v4-460px-Help-a-Carsick-Child-Step-8Bullet2.jpg\",\"bigUrl\":\"\\/images\\/thumb\\/b\\/b5\\/Help-a-Carsick-Child-Step-8Bullet2.jpg\\/aid5217791-v4-728px-Help-a-Carsick-Child-Step-8Bullet2.jpg\",\"smallWidth\":460,\"smallHeight\":345,\"bigWidth\":728,\"bigHeight\":546,\"licensing\":\"&lt;div class=\\\"mw-parser-output\\\"&gt;&lt;p&gt;License: &lt;a target=\\\"_blank\\\" rel=\\\"nofollow noreferrer noopener\\\" class=\\\"external text\\\" href=\\\"https:\\/\\/creativecommons.org\\/licenses\\/by-nc-sa\\/3.0\\/\\\"&gt;Creative Commons&lt;\\/a&gt;&lt;br&gt;\\n&lt;\\/p&gt;&lt;p&gt;&lt;br \\/&gt;\\n&lt;\\/p&gt;&lt;\\/div&gt;\"}</span></div></a></div>\n</li>\n<li>Children 12 years old and above: Give your child 25 to 100 mg every 4 to 6 hours. Do not exceed 400 mg a day.<sup id=\"_ref-4\" class=\"reference\" aria-label=\"Link to Reference 4\"><a href=\"#_note-4\">[4]</a><span class=\"ts_popup \" hidden=\"\" id=\"ts_popup_4\" style=\"display: none;\">\n\t<span class=\"ts_close\">X</span>\n\t\t<span class=\"ts_name\">Research source</span>\n\t\t<span class=\"ts_description\"></span>\n\t\t\t\t<a href=\"#\" class=\"ts_source\" target=\"_blank\" rel=\"nofollow noreferrer noopener\"></a>\n\n</span>\n</sup><div class=\"mwimg  largeimage  floatcenter \" style=\"max-width:728px\"><a href=\"#/Image:Help-a-Carsick-Child-Step-8Bullet3.jpg\" class=\"image\"><div class=\"content-spacer\" style=\"padding-top:75%\"><div class=\"loading-container\"><div class=\"loader\"><div class=\"loader-dot\"></div><div class=\"loader-dot\"></div><div class=\"loader-dot\"></div></div></div>\n<img alt=\"\" decoding=\"async\" class=\"whcdn content-fill img-loading-alt\" data-srclarge=\"/images/thumb/2/2b/Help-a-Carsick-Child-Step-8Bullet3.jpg/aid5217791-v4-728px-Help-a-Carsick-Child-Step-8Bullet3.jpg\" data-width=\"460\" data-height=\"345\" id=\"1049c98c5e823227e2156c1c81f1ed72\" data-src=\"https://www.wikihow.com/images/thumb/2/2b/Help-a-Carsick-Child-Step-8Bullet3.jpg/v4-460px-Help-a-Carsick-Child-Step-8Bullet3.jpg\" loading=\"lazy\" src=\"/images/thumb/2/2b/Help-a-Carsick-Child-Step-8Bullet3.jpg/aid5217791-v4-728px-Help-a-Carsick-Child-Step-8Bullet3.jpg.webp\"><script>WH.shared.addScrollLoadItem('1049c98c5e823227e2156c1c81f1ed72')</script>\n</div>\n<noscript><img alt=\"Image titled Help a Carsick Child Step 8Bullet3\" src=\"https://www.wikihow.com/images/thumb/2/2b/Help-a-Carsick-Child-Step-8Bullet3.jpg/v4-460px-Help-a-Carsick-Child-Step-8Bullet3.jpg\" decoding=\"async\" class=\"whcdn content-fill\" data-srclarge=\"/images/thumb/2/2b/Help-a-Carsick-Child-Step-8Bullet3.jpg/aid5217791-v4-728px-Help-a-Carsick-Child-Step-8Bullet3.jpg\" data-width=\"460\" data-height=\"345\" id=\"1049c98c5e823227e2156c1c81f1ed72\"></noscript>\n<div class=\"image_details\" style=\"display:none;\"><span style=\"display:none;\">{\"smallUrl\":\"https:\\/\\/www.wikihow.com\\/images\\/thumb\\/2\\/2b\\/Help-a-Carsick-Child-Step-8Bullet3.jpg\\/v4-460px-Help-a-Carsick-Child-Step-8Bullet3.jpg\",\"bigUrl\":\"\\/images\\/thumb\\/2\\/2b\\/Help-a-Carsick-Child-Step-8Bullet3.jpg\\/aid5217791-v4-728px-Help-a-Carsick-Child-Step-8Bullet3.jpg\",\"smallWidth\":460,\"smallHeight\":345,\"bigWidth\":728,\"bigHeight\":546,\"licensing\":\"&lt;div class=\\\"mw-parser-output\\\"&gt;&lt;p&gt;License: &lt;a target=\\\"_blank\\\" rel=\\\"nofollow noreferrer noopener\\\" class=\\\"external text\\\" href=\\\"https:\\/\\/creativecommons.org\\/licenses\\/by-nc-sa\\/3.0\\/\\\"&gt;Creative Commons&lt;\\/a&gt;&lt;br&gt;\\n&lt;\\/p&gt;&lt;p&gt;&lt;br \\/&gt;\\n&lt;\\/p&gt;&lt;\\/div&gt;\"}</span></div></a></div>\n</li>\n</ul>\n"},{"title":"Seek medical help if your child is still experiencing motion sickness long after he has gotten out of the car.","content":"\n  If your child is no longer in the car, and has not been in the car for several hours, but is still showing symptoms of motion sickness, you should seek medical help.\n<ul><li>In particular, if your child is having difficulty seeing, hearing, talking, walking, or has an extreme headache, you should seek medical help right away. Your child might have an underlying condition that is causing these symptoms.<div class=\"mwimg  largeimage  floatcenter \" style=\"max-width:728px\"><a href=\"#/Image:Help-a-Carsick-Child-Step-9Bullet1.jpg\" class=\"image\"><div class=\"content-spacer\" style=\"padding-top:75%\"><div class=\"loading-container\"><div class=\"loader\"><div class=\"loader-dot\"></div><div class=\"loader-dot\"></div><div class=\"loader-dot\"></div></div></div>\n<img alt=\"\" decoding=\"async\" class=\"whcdn content-fill img-loading-alt\" data-srclarge=\"/images/thumb/7/7e/Help-a-Carsick-Child-Step-9Bullet1.jpg/aid5217791-v4-728px-Help-a-Carsick-Child-Step-9Bullet1.jpg\" data-width=\"460\" data-height=\"345\" id=\"8f475cb87d170f5afeff7a965d5ceffc\" data-src=\"https://www.wikihow.com/images/thumb/7/7e/Help-a-Carsick-Child-Step-9Bullet1.jpg/v4-460px-Help-a-Carsick-Child-Step-9Bullet1.jpg\" loading=\"lazy\" src=\"/images/thumb/7/7e/Help-a-Carsick-Child-Step-9Bullet1.jpg/aid5217791-v4-728px-Help-a-Carsick-Child-Step-9Bullet1.jpg.webp\"><script>WH.shared.addScrollLoadItem('8f475cb87d170f5afeff7a965d5ceffc')</script>\n</div>\n<noscript><img alt=\"Image titled Help a Carsick Child Step 9Bullet1\" src=\"https://www.wikihow.com/images/thumb/7/7e/Help-a-Carsick-Child-Step-9Bullet1.jpg/v4-460px-Help-a-Carsick-Child-Step-9Bullet1.jpg\" decoding=\"async\" class=\"whcdn content-fill\" data-srclarge=\"/images/thumb/7/7e/Help-a-Carsick-Child-Step-9Bullet1.jpg/aid5217791-v4-728px-Help-a-Carsick-Child-Step-9Bullet1.jpg\" data-width=\"460\" data-height=\"345\" id=\"8f475cb87d170f5afeff7a965d5ceffc\"></noscript>\n<div class=\"image_details\" style=\"display:none;\"><span style=\"display:none;\">{\"smallUrl\":\"https:\\/\\/www.wikihow.com\\/images\\/thumb\\/7\\/7e\\/Help-a-Carsick-Child-Step-9Bullet1.jpg\\/v4-460px-Help-a-Carsick-Child-Step-9Bullet1.jpg\",\"bigUrl\":\"\\/images\\/thumb\\/7\\/7e\\/Help-a-Carsick-Child-Step-9Bullet1.jpg\\/aid5217791-v4-728px-Help-a-Carsick-Child-Step-9Bullet1.jpg\",\"smallWidth\":460,\"smallHeight\":345,\"bigWidth\":728,\"bigHeight\":546,\"licensing\":\"&lt;div class=\\\"mw-parser-output\\\"&gt;&lt;p&gt;License: &lt;a target=\\\"_blank\\\" rel=\\\"nofollow noreferrer noopener\\\" class=\\\"external text\\\" href=\\\"https:\\/\\/creativecommons.org\\/licenses\\/by-nc-sa\\/3.0\\/\\\"&gt;Creative Commons&lt;\\/a&gt;&lt;br&gt;\\n&lt;\\/p&gt;&lt;p&gt;&lt;br \\/&gt;\\n&lt;\\/p&gt;&lt;\\/div&gt;\"}</span></div></a></div>\n</li></ul>\n"},{"title":"Know what symptoms to look for if your child can’t express himself.","content":"\n Very young children might have a hard time expressing what they are feeling. If your child is prone to car sickness, look for the following symptoms:\n<ul>\n<li>Pale skin.</li>\n<li>Yawning frequently.</li>\n<li>Sweating excessively.</li>\n<li>Irritable or restless behaviors.</li>\n</ul>\n"}]},{"title":"Preventing Carsickness in the Future","tasks":[{"title":"Understand how car sickness develops.","content":"\n When your body is in motion, different parts of your body will send different messages to your brain. If you look down at a book, or simply do not look out the window, parts of your body will send the message to your brain that you are moving forward, while your eyes will send the message that you are reading and being still. This can cause feelings of car sickness. Symptoms of fatigue include:\n<ul>\n<li>Dizziness.<div class=\"mwimg  largeimage  floatcenter \" style=\"max-width:728px\"><a href=\"#/Image:Help-a-Carsick-Child-Step-11Bullet1.jpg\" class=\"image\"><div class=\"content-spacer\" style=\"padding-top:75%\"><div class=\"loading-container\"><div class=\"loader\"><div class=\"loader-dot\"></div><div class=\"loader-dot\"></div><div class=\"loader-dot\"></div></div></div>\n<img alt=\"\" decoding=\"async\" class=\"whcdn content-fill img-loading-alt\" data-srclarge=\"/images/thumb/1/18/Help-a-Carsick-Child-Step-11Bullet1.jpg/aid5217791-v4-728px-Help-a-Carsick-Child-Step-11Bullet1.jpg\" data-width=\"460\" data-height=\"345\" id=\"359ffb8494d51d00c84212809313165d\" data-src=\"https://www.wikihow.com/images/thumb/1/18/Help-a-Carsick-Child-Step-11Bullet1.jpg/v4-460px-Help-a-Carsick-Child-Step-11Bullet1.jpg\" loading=\"lazy\" src=\"/images/thumb/1/18/Help-a-Carsick-Child-Step-11Bullet1.jpg/aid5217791-v4-728px-Help-a-Carsick-Child-Step-11Bullet1.jpg.webp\"><script>WH.shared.addScrollLoadItem('359ffb8494d51d00c84212809313165d')</script>\n</div>\n<noscript><img alt=\"Image titled Help a Carsick Child Step 11Bullet1\" src=\"https://www.wikihow.com/images/thumb/1/18/Help-a-Carsick-Child-Step-11Bullet1.jpg/v4-460px-Help-a-Carsick-Child-Step-11Bullet1.jpg\" decoding=\"async\" class=\"whcdn content-fill\" data-srclarge=\"/images/thumb/1/18/Help-a-Carsick-Child-Step-11Bullet1.jpg/aid5217791-v4-728px-Help-a-Carsick-Child-Step-11Bullet1.jpg\" data-width=\"460\" data-height=\"345\" id=\"359ffb8494d51d00c84212809313165d\"></noscript>\n<div class=\"image_details\" style=\"display:none;\"><span style=\"display:none;\">{\"smallUrl\":\"https:\\/\\/www.wikihow.com\\/images\\/thumb\\/1\\/18\\/Help-a-Carsick-Child-Step-11Bullet1.jpg\\/v4-460px-Help-a-Carsick-Child-Step-11Bullet1.jpg\",\"bigUrl\":\"\\/images\\/thumb\\/1\\/18\\/Help-a-Carsick-Child-Step-11Bullet1.jpg\\/aid5217791-v4-728px-Help-a-Carsick-Child-Step-11Bullet1.jpg\",\"smallWidth\":460,\"smallHeight\":345,\"bigWidth\":728,\"bigHeight\":546,\"licensing\":\"&lt;div class=\\\"mw-parser-output\\\"&gt;&lt;p&gt;License: &lt;a target=\\\"_blank\\\" rel=\\\"nofollow noreferrer noopener\\\" class=\\\"external text\\\" href=\\\"https:\\/\\/creativecommons.org\\/licenses\\/by-nc-sa\\/3.0\\/\\\"&gt;Creative Commons&lt;\\/a&gt;&lt;br&gt;\\n&lt;\\/p&gt;&lt;p&gt;&lt;br \\/&gt;\\n&lt;\\/p&gt;&lt;\\/div&gt;\"}</span></div></a></div>\n</li>\n<li>Upset stomach.<div class=\"mwimg  largeimage  floatcenter \" style=\"max-width:728px\"><a href=\"#/Image:Help-a-Carsick-Child-Step-11Bullet2.jpg\" class=\"image\"><div class=\"content-spacer\" style=\"padding-top:75%\"><div class=\"loading-container\"><div class=\"loader\"><div class=\"loader-dot\"></div><div class=\"loader-dot\"></div><div class=\"loader-dot\"></div></div></div>\n<img alt=\"\" decoding=\"async\" class=\"whcdn content-fill img-loading-alt\" data-srclarge=\"/images/thumb/6/6d/Help-a-Carsick-Child-Step-11Bullet2.jpg/aid5217791-v4-728px-Help-a-Carsick-Child-Step-11Bullet2.jpg\" data-width=\"460\" data-height=\"345\" id=\"388da9d0e86eeedb3a7a8672d89947e1\" data-src=\"https://www.wikihow.com/images/thumb/6/6d/Help-a-Carsick-Child-Step-11Bullet2.jpg/v4-460px-Help-a-Carsick-Child-Step-11Bullet2.jpg\" loading=\"lazy\" src=\"/images/thumb/6/6d/Help-a-Carsick-Child-Step-11Bullet2.jpg/aid5217791-v4-728px-Help-a-Carsick-Child-Step-11Bullet2.jpg.webp\"><script>WH.shared.addScrollLoadItem('388da9d0e86eeedb3a7a8672d89947e1')</script>\n</div>\n<noscript><img alt=\"Image titled Help a Carsick Child Step 11Bullet2\" src=\"https://www.wikihow.com/images/thumb/6/6d/Help-a-Carsick-Child-Step-11Bullet2.jpg/v4-460px-Help-a-Carsick-Child-Step-11Bullet2.jpg\" decoding=\"async\" class=\"whcdn content-fill\" data-srclarge=\"/images/thumb/6/6d/Help-a-Carsick-Child-Step-11Bullet2.jpg/aid5217791-v4-728px-Help-a-Carsick-Child-Step-11Bullet2.jpg\" data-width=\"460\" data-height=\"345\" id=\"388da9d0e86eeedb3a7a8672d89947e1\"></noscript>\n<div class=\"image_details\" style=\"display:none;\"><span style=\"display:none;\">{\"smallUrl\":\"https:\\/\\/www.wikihow.com\\/images\\/thumb\\/6\\/6d\\/Help-a-Carsick-Child-Step-11Bullet2.jpg\\/v4-460px-Help-a-Carsick-Child-Step-11Bullet2.jpg\",\"bigUrl\":\"\\/images\\/thumb\\/6\\/6d\\/Help-a-Carsick-Child-Step-11Bullet2.jpg\\/aid5217791-v4-728px-Help-a-Carsick-Child-Step-11Bullet2.jpg\",\"smallWidth\":460,\"smallHeight\":345,\"bigWidth\":728,\"bigHeight\":546,\"licensing\":\"&lt;div class=\\\"mw-parser-output\\\"&gt;&lt;p&gt;License: &lt;a target=\\\"_blank\\\" rel=\\\"nofollow noreferrer noopener\\\" class=\\\"external text\\\" href=\\\"https:\\/\\/creativecommons.org\\/licenses\\/by-nc-sa\\/3.0\\/\\\"&gt;Creative Commons&lt;\\/a&gt;&lt;br&gt;\\n&lt;\\/p&gt;&lt;p&gt;&lt;br \\/&gt;\\n&lt;\\/p&gt;&lt;\\/div&gt;\"}</span></div></a></div>\n</li>\n<li>Vomiting.</li>\n<li>Loss of appetite.</li>\n<li>Nausea.</li>\n</ul>\n"},{"title":"Encourage your child to look out the window.","content":"\n When your child looks out the window, all of his different body parts will send the same message to his brain: that he is travelling forward. This will make him less likely to feel carsick.\n<ul><li>Looking out the window can also help to keep your child distracted from any oncoming feelings of car sickness.</li></ul>\n"},{"title":"Plan to drive at night.","content":"\n If possible, save the longer car trips for nighttime. When you drive at night, your child is more likely to fall asleep, which means that he will not develop car sickness.\n"},{"title":"Avoid feeding your child food that could upset his stomach.","content":"\n When on a long car trip, try to avoid feeding your child greasy or spicy foods, both of which could upset his stomach. Instead, pack light, healthy dinners for longer car rides, rather than stopping at greasy fast food places.\n<ul><li>If you are only going on a short car ride, try to avoid feeding your child right before getting into the car. Being really full can make your child more likely to become carsick.</li></ul>\n"},{"title":"Give your child dramamine before you start your journey.","content":"\n If your child frequently gets very carsick, consider giving him dramamine to make the journey easier. This drug can be given to kids that are two years old or older. It is an anti-nausea medication that can help your child’s body to fight off any potential feelings of car sickness. Give your child this medication can hour before getting into the car.\n<ul>\n<li>Children who are 2 to 6 years old: Give your child 12.5 mg every six hours. Do not exceed 75 mg in a 24 hour period of time.<sup id=\"_ref-6\" class=\"reference\" aria-label=\"Link to Reference 6\"><a href=\"#_note-6\">[6]</a><span class=\"ts_popup \" hidden=\"\" id=\"ts_popup_6\" style=\"display: none;\">\n\t<span class=\"ts_close\">X</span>\n\t\t<span class=\"ts_name\">Research source</span>\n\t\t<span class=\"ts_description\"></span>\n\t\t\t\t<a href=\"#\" class=\"ts_source\" target=\"_blank\" rel=\"nofollow noreferrer noopener\"></a>\n\n</span>\n</sup>\n</li>\n<li>Children who are 6 to 12 years old: Give your child 12.5 to 25 mg after every 6 hours. Do not exceed 150 mg in a 24 hour period of time.<sup id=\"_ref-7\" class=\"reference\" aria-label=\"Link to Reference 7\"><a href=\"#_note-7\">[7]</a><span class=\"ts_popup \" hidden=\"\" id=\"ts_popup_7\" style=\"display: none;\">\n\t<span class=\"ts_close\">X</span>\n\t\t<span class=\"ts_name\">Research source</span>\n\t\t<span class=\"ts_description\"></span>\n\t\t\t\t<a href=\"#\" class=\"ts_source\" target=\"_blank\" rel=\"nofollow noreferrer noopener\"></a>\n\n</span>\n</sup>\n</li>\n<li>Children 12 years or older: Give your child 50 to 100 mg every six hours. Do not exceed 400 mg in a 24 hour period of time.<sup id=\"_ref-8\" class=\"reference\" aria-label=\"Link to Reference 8\"><a href=\"#_note-8\">[8]</a><span class=\"ts_popup \" hidden=\"\" id=\"ts_popup_8\" style=\"display: none;\">\n\t<span class=\"ts_close\">X</span>\n\t\t<span class=\"ts_name\">Research source</span>\n\t\t<span class=\"ts_description\"></span>\n\t\t\t\t<a href=\"#\" class=\"ts_source\" target=\"_blank\" rel=\"nofollow noreferrer noopener\"></a>\n\n</span>\n</sup>\n</li>\n</ul>\n"},{"title":"Give your child benadryl if he is six years old or older.","content":"\n Benadryl (diphenhydramine ) can be given to children who are six years old and older. It is an antihistamine that can help your child’s body to fight off feelings of nausea. It also has a drowsy effect, which can help your child to fall asleep in the car. Give your child this medication one hour before starting on your journey. This medication is given to your child based on his weight. Give:\n<ul>\n<li>¾ teaspoon to a child who weighs 20 to 24 kilograms.<sup id=\"_ref-9\" class=\"reference\" aria-label=\"Link to Reference 9\"><a href=\"#_note-9\">[9]</a><span class=\"ts_popup \" hidden=\"\" id=\"ts_popup_9\" style=\"display: none;\">\n\t<span class=\"ts_close\">X</span>\n\t\t<span class=\"ts_name\">Research source</span>\n\t\t<span class=\"ts_description\"></span>\n\t\t\t\t<a href=\"#\" class=\"ts_source\" target=\"_blank\" rel=\"nofollow noreferrer noopener\"></a>\n\n</span>\n</sup>\n</li>\n<li>1 teaspoon to a child who weighs 25 to 37 kilograms.<sup id=\"_ref-10\" class=\"reference\" aria-label=\"Link to Reference 10\"><a href=\"#_note-10\">[10]</a><span class=\"ts_popup \" hidden=\"\" id=\"ts_popup_10\" style=\"display: none;\">\n\t<span class=\"ts_close\">X</span>\n\t\t<span class=\"ts_name\">Research source</span>\n\t\t<span class=\"ts_description\"></span>\n\t\t\t\t<a href=\"#\" class=\"ts_source\" target=\"_blank\" rel=\"nofollow noreferrer noopener\"></a>\n\n</span>\n</sup>\n</li>\n<li>11/2 teaspoon to a child who weighs 38 to 49 kilograms.<sup id=\"_ref-11\" class=\"reference\" aria-label=\"Link to Reference 11\"><a href=\"#_note-11\">[11]</a><span class=\"ts_popup \" hidden=\"\" id=\"ts_popup_11\" style=\"display: none;\">\n\t<span class=\"ts_close\">X</span>\n\t\t<span class=\"ts_name\">Research source</span>\n\t\t<span class=\"ts_description\"></span>\n\t\t\t\t<a href=\"#\" class=\"ts_source\" target=\"_blank\" rel=\"nofollow noreferrer noopener\"></a>\n\n</span>\n</sup>\n</li>\n<li>2 teaspoons to a child who weighs more than 50 kilograms.<sup id=\"_ref-12\" class=\"reference\" aria-label=\"Link to Reference 12\"><a href=\"#_note-12\">[12]</a><span class=\"ts_popup \" hidden=\"\" id=\"ts_popup_12\" style=\"display: none;\">\n\t<span class=\"ts_close\">X</span>\n\t\t<span class=\"ts_name\">Research source</span>\n\t\t<span class=\"ts_description\"></span>\n\t\t\t\t<a href=\"#\" class=\"ts_source\" target=\"_blank\" rel=\"nofollow noreferrer noopener\"></a>\n\n</span>\n</sup>\n</li>\n</ul>\n"}]}],"questions":[]}