{"meta":{"description":"Constipation is not uncommon in children. Sometimes it occurs during toilet training or in older children who are so absorbed in playing that they don't take a break to go to the toilet. There are usually some simple lifestyle changes that will help. If lasts for longer than two weeks, then you should see a doctor to find out if medication is necessary.[1]","title":"Help a Child Who Is Constipated"},"todo_list":[{"title":"Recognizing Constipation in a Child","tasks":[{"title":"Identify symptoms of constipation.","content":"\n Children who are constipated may try to not have bowel movements if doing so causes pain. They may tighten their buttocks and contort their bodies in an effort to prevent having a bowel movement. Your child may be constipated if he or she:\n<ul>\n<li>Has difficulty passing stool</li>\n<li>Passes hard, dry stool with or without blood on it</li>\n<li>Passes stool less than three times per week</li>\n<li>Has pain while passing stool</li>\n<li>Is nauseous</li>\n<li>Has abdominal pain</li>\n<li>Passes small amounts of liquid or clay-like stool. You may find this also in the child’s underwear.</li>\n</ul>\n\n"},{"title":"Recognizing if your child is at risk of constipation.","content":"\n Children in certain situations may be more likely to become constipated. These include:\n<ul>\n<li>Not engaging in regular physical activity</li>\n<li>Eating a low fiber diet</li>\n<li>Frequent dehydration</li>\n<li>Taking medications that increase the risk of constipation, such as some antidepressants</li>\n<li>Having a medical problem with the anus or rectum</li>\n<li>Having family members are also prone to constipation</li>\n<li>Having neurological problems, such as cerebral palsy</li>\n<li>Having emotional issues or new causes of stress</li>\n<li>Having an underactive thyroid or other metabolic problem</li>\n</ul>\n"},{"title":"See a doctor if your child has symptoms that suggest that the condition may be more serious.","content":"\n Most of the time, constipation does not develop complications or indicate a more serious problem. Signs of complications and serious problems include:\n<ul>\n<li>Fever</li>\n<li>Vomiting</li>\n<li>Bloody stools</li>\n<li>A distended abdomen</li>\n<li>Weight loss</li>\n<li>Areas where the skin around the anus has ripped open</li>\n<li>A rectal prolapse, in which the intestines are coming out of the anus</li>\n<li>Frequent or painful urination, which can be a sign of a urinary tract infection. This is common in children with constipation.</li>\n<li>Poor appetite.</li>\n<li>Severe or constant abdominal pain.</li>\n</ul>\n"}]},{"title":"Easing Constipation with Lifestyle Changes and Home Remedies","tasks":[{"title":"Give your child plenty of liquids.","content":"\n This will help soften the stool and make it easier to pass. Water and juices are excellent for this purpose.\n<ul>\n<li>Milk may cause constipation in some children.</li>\n<li>Avoid giving your child caffeinated drinks like tea and coke.<sup id=\"_ref-6\" class=\"reference trusted\" aria-label=\"Link to Reference 6\"><a href=\"#_note-6\">[6]</a><span class=\"ts_popup trustedsource\" hidden=\"\" id=\"ts_popup_6\" style=\"display: none;\">\n\t<span class=\"ts_close\">X</span>\n\t\t<a class=\"ts_trustworthy\" href=\"/wikiHow:Delivering-a-Trustworthy-Experience\">Trustworthy Source</a>\n\n\t\t<span class=\"ts_name\">Johns Hopkins Medicine</span>\n\t\t<span class=\"ts_description\">Official resource database of the world-leading Johns Hopkins Hospital</span>\n\n\t\t\t\t<a href=\"#\" class=\"ts_source\" target=\"_blank\" rel=\"nofollow noreferrer noopener\">Go to source</a>\n</span>\n</sup>\n</li>\n<li>The amount of water children need varies based on age, activity levels, and the climates in which they live. However, if your child is tired and passes cloudy or dark urine, this indicates that he or he is dehydrated.</li>\n</ul>\n"},{"title":"Provide a high-fiber diet.","content":"\n Fiber will help your child produce soft stools that are easy to pass. High fiber foods include beans, whole grain breads, fruits and vegetables. The following are recommended amounts of fiber for children:\n<ul>\n<li>Approximately 20 g of fiber per day for young children</li>\n<li>About 29 g per day for teenage girls</li>\n<li>Roughly 38 g per day for teenage boys</li>\n</ul>\n"},{"title":"Try giving your child foods that may have slight laxative effects and are high in fiber.","content":"\n Most are rich fruits that your child will probably readily enjoy:\n<ul>\n<li>Prunes</li>\n<li>Peaches</li>\n<li>Pears</li>\n<li>Plums</li>\n<li>Apples</li>\n<li>Apricots</li>\n<li>Raspberries</li>\n<li>Strawberries</li>\n<li>Beans</li>\n<li>Peas</li>\n<li>Spinach</li>\n</ul>\n"},{"title":"Reduce your child’s intake of foods that may cause constipation.","content":"\n These include:\n<ul>\n<li>Milk and dairy products for some children</li>\n<li>Carrots, squash, potatoes, bananas, and other foods with a high starch content</li>\n<li>Highly processed foods that are high in fat, sugar, and salt, but low in fiber will also increase a child's tendency to become constipated. Those foods will make the child feel full and they are likely to pass up other, healthier, high-fiber foods.</li>\n</ul>\n"},{"title":"Give your child the opportunity to engage in physical exercise.","content":"\n This will help stimulate bowel movements. Activities include:\n<ul>\n<li>Taking your child to a playground to run around</li>\n<li>Encouraging bike riding</li>\n<li>Going swimming</li>\n</ul>\n"},{"title":"Create a routine for your child to try to have bowel movements.","content":"\n Suggest that your child sit on the toilet for at least 10 minutes approximately 30-60 minutes after each meal and try to have a bowel movement. You can pair this with relaxation techniques that may reduce your child’s anxiety about having painful bowel movements.\n<ul>\n<li>Use deep breathing to help your child concentrate on relaxing his or her muscles.</li>\n<li>Have your child imagine relaxing images or a bowel movement that isn’t painful.</li>\n<li>Gently massage your child’s belly before he or she tries to have a bowel movement</li>\n<li>Be supportive and reward your child for trying. You can give a small reward such as stickers or playing his or her favorite game.</li>\n<li>Provide a stool so that your child’s knees are above his or her hips. This may make the bowel movement easier.</li>\n</ul>\n"}]},{"title":"Consulting a Doctor","tasks":[{"title":"Ask your doctor about giving your child over-the-counter medications to soften stool.","content":"\n  Fiber supplements or stool softeners may make it less painful to have bowel movements. Though they are available over the counter, it is best to consult a doctor before giving them to a child.\n<ul>\n<li>The doctor will recommend a dosage that is tailored to your child’s age and weight.</li>\n<li>Common fiber supplements are Metamucil and Citrucel. These work best when your child also drinks at least a liter of water per day.</li>\n<li>Glycerin suppositories may also help when used occasionally.</li>\n</ul>\n"},{"title":"Do not give laxatives without first consulting your child's doctor.","content":"\n If feces are blocking the intestines, it may be necessary to give the child something stronger to force it to pass, but this should be supervised by a doctor. There are a few different kinds of laxatives, including:\n<ul>\n<li>A home remedy of mineral oil</li>\n<li>Bulk-forming laxatives (Ispaghula husk, Methylcellulose, Sterculia) which cause the body to retain fluid and form wetter stools</li>\n<li>Osmotic laxatives (Lactulose, Macrogols, MiraLax) which help the body pass stool by putting more liquid in the bowels</li>\n<li>Stimulant laxatives (Senna, Bisacodyl, Sodium Picosulphate). These are used when the stools are soft enough to pass but your child’s body isn’t passing them. These medications stimulate the muscles in the digestive tract to contract and push waste along towards the end. They are generally a last resort for treating constipation in children and used only short term in most cases.<sup id=\"_ref-20\" class=\"reference\" aria-label=\"Link to Reference 20\"><a href=\"#_note-20\">[20]</a><span class=\"ts_popup \" hidden=\"\" id=\"ts_popup_20\" style=\"display: none;\">\n\t<span class=\"ts_close\">X</span>\n\t\t<span class=\"ts_name\">Research source</span>\n\t\t<span class=\"ts_description\"></span>\n\t\t\t\t<a href=\"#\" class=\"ts_source\" target=\"_blank\" rel=\"nofollow noreferrer noopener\"></a>\n\n</span>\n</sup>\n</li>\n</ul>\n"},{"title":"Treat fecal impaction","content":"\n<a href=\"/Treat-an-Impacted-Bowel\" title=\"Treat an Impacted Bowel\"><b class=\"whb\">Treat fecal impaction</b></a> If hard, dry stool has collected in the rectum, it may be necessary to do an enema or use a suppository to clear it out. These should only be done by the doctor or following a doctor's instructions.\n<ul>\n<li>A suppository is medication that is inserted in capsule form into the anus where it dissolves and is absorbed. Bisacodyl and Glycerine are often given as a suppository.</li>\n<li>An enema is medication in fluid form that is introduced into the large intestines via the anus. This is usually the most effective way to quickly clear out impacted stool.</li>\n</ul>\n"}]}],"questions":[]}