{"meta":{"description":"When finding out that your child has been sexually abused, it can be devastating. You and your child may feel shame, anger, or fear. All of these feelings are normal. It will take time to heal, and that's okay. As you navigate these feelings, help your child cope with this trauma by providing safety, support, and reassurance. Connect with your community and available supports for victims of child sexual abuse. Be aware of the signs of possible sexual abuse in order to get help and move forward with healing.","title":"Help Your Child Cope with Sexual Abuse"},"todo_list":[{"title":"Addressing Your Child's Immediate Needs","tasks":[{"title":"Offer your child verbal and emotional support.","content":"\n  A child may feel scared or ashamed about what happened, and pressing them for details may traumatize them. Allow them to share as they wish and do not pressure them.  They may be very reluctant to open up about any type of sexual abuse.  When your child suggests possible abuse, be open to listening and responding with care.\n<ul>\n<li>Listen attentively to what your child is saying.  They are unlikely to directly state abuse.  Give them time to talk about what is bothering them.</li>\n<li>Acknowledge their feelings of being hurt and feeling guilty.</li>\n<li>When your child talks with you about abuse, communicate with understanding and care.  Consider responding by saying, \"I'm sorry about what happened.  I'm glad that it's ending.  It's not your fault that it happened.  I am here for you.\" Make sure that you do not respond with doubt or disbelief no matter what. This can add to your child’s trauma.</li>\n<li>Make sure to stay calm when you are around your child and express feelings of anger around other adults only. Expressing extreme emotions around the child may upset them further.</li>\n</ul>\n\n"},{"title":"Reach out to professionals for help and safety.","content":"\n  There are trained professionals available to assist by phone or in person.  They can help you to find support and safety for your child and your family.  In this crisis, it is important to understand what resources are available, and how to protect your child from future sexual abuse or trauma.\n<ul>\n<li>Start by contacting a local sexual abuse center. Check to see if there is one in your county, or contact your local health and human services office or law enforcement to find local resources.</li>\n<li>Consider contacting the National Sexual Assault Hotline about what to do after learning that your child has been sexually abused.   Go to <a target=\"_blank\" rel=\"nofollow noreferrer noopener\" class=\"external free\" href=\"https://www.rainn.org/\">https://www.rainn.org/</a> or call 1-800-656-HOPE</li>\n<li>Consider reporting abuse or getting information about how to protect your child after abuse happens.  Contact the Childhelp National Child Abuse Hotline: <a target=\"_blank\" rel=\"nofollow noreferrer noopener\" class=\"external free\" href=\"https://www.childhelp.org/hotline/\">https://www.childhelp.org/hotline/</a> or 1-800-4-A-CHILD</li>\n<li>Consider contacting your state's child abuse and neglect hotline.  Your local child welfare agency may investigate the abuse and address any concerns you may have.</li>\n<li>If you or your child is in immediate danger of abuse or domestic violence, call 9-1-1 to file a report or to ensure your family's current safety.</li>\n</ul>\n"},{"title":"Seek medical care for your child.","content":"\n If the sexual abuse involved touching or physical contact, it is recommended to have a medical exam completed.  Having this exam done is critical if you plan to press charges. A specialized medical exam conducted by specialists, such as a Sexual Assault Nurse Examiner, can be beneficial in order to address any signs of microscopic injury or infection.\n<ul>\n<li>Talk with your primary care doctor to have an exam completed, or to get a referral for specialists with expertise in sexual abuse.</li>\n<li>Consider going the emergency room of the nearest children's hospital to address immediate needs or obtain a more comprehensive exam for your child.</li>\n</ul>\n"},{"title":"Provide a safe and supportive environment for your child.","content":"\n  Establish a family safety plan to address boundaries, open up communication, and educate all your children in the family.  Create a home and school environment that supports your children's sense of safety and resilience.\n<ul>\n<li>Discuss with your family about concerns about sexualized behaviors. Teach them it's okay to talk about their feelings if they feel upset or worried about any sexualized behaviors.</li>\n<li>Provide education to your children about what is sexual abuse, both touching and non-touching forms.  Teach children to understand their different body parts.</li>\n<li>Discuss boundaries of touching, particularly for young children, who need to understand that no one has a right to touch their private parts (except for medical care) and they do not have rights to touch anyone else's.</li>\n<li>Establish ground rules for hugging, kissing, and touching among family members.  If a child feels uncomfortable around a certain relative or adult, discuss with that adult about boundaries of interacting with your child.  Be an advocate for your child.  Your child may not feel as comfortable as you about certain types of affection.</li>\n<li>Keep in mind that your child may begin to behave differently or have fears about things they never had before. It is important to do what you can to help make them feel comfortable. For example, if your child expresses that they are afraid to sleep alone, then let them sleep in your room. If they express to you that they need a hug out of the blue then give them a hug no matter where you are.</li>\n</ul>\n"}]},{"title":"Providing Emotional Support","tasks":[{"title":"Believe in your child.","content":"\n  It is highly unlikely that a child would disclose being sexually abused as a way to get attention.  Even if what your child says seems impossible in your mind, understand that sexually abused children are more often abused by someone they know.   Take their story seriously. The pressure to be silent is often overwhelming. They may have been “groomed” to believe that no one would believe them or take them seriously if they spoke up. Allow them the freedom to talk about what happened.\n<ul>\n<li>Tell them that you believe in them.</li>\n<li>Say things like, \"This must be hard to talk about. I believe you and want to help.\"</li>\n</ul>\n"},{"title":"Be calm, supportive, and caring.","content":"\n  While your reaction may be anger or denial,  make efforts to remain calm and caring when knowing that your child has faced sexual abuse.  Provide a sense of support and safety so that your child can continue to feel safe when talking to you.\n<ul>\n<li>Spend more time with your child.  Give them attention so they know they are cared for.</li>\n<li>Accept that your child may act differently than before.  Traumatic events have an effect on your child's behavior.  Be understanding within the rules of the family.</li>\n<li>Be sensitive to your child's emotional needs.  Be respectful of their wishes.</li>\n</ul>\n"},{"title":"Be willing to face the problem.","content":"\n  Ignoring or repressing the problem may seem at first an easier solution that facing the realities of sexual abuse, but it can have long-term negative effects on your child.  Face the problem honestly and respectfully.\n<ul>\n<li>Avoid blaming yourself or your child. Place responsibility appropriately on the abuser.</li>\n<li>Make protecting your child and your family a priority over your own concerns about how this may look to others.  Your child's safety and security is greater than what people may think.</li>\n<li>Keep in mind that not everyone needs to know what is going on. Come up with a strategy for how to respond to questions about what is happening with your family and decide how you will let people know that you need their support.</li>\n</ul>\n"}]},{"title":"Finding Professional Help","tasks":[{"title":"Take action to establish safety through professional help.","content":"\n   While many children and families avoid disclosing sexual abuse to authorities, it is important that the perpetrator be accountable for his or her actions.  By failing to disclose, you may continue to place your family or others at risk.\n<ul>\n<li>Contact any local support agencies or human services departments first to find local resources. If you cannot find local resources, then contact the Childhelp National Child Abuse Hotline to talk with a crisis counselor.  They can help you to discuss options to ensure your child's safety and supports in your area.  Contact 1-800-4-A-CHILD (1-800-42204453) or <a target=\"_blank\" rel=\"nofollow noreferrer noopener\" class=\"external free\" href=\"https://www.childhelp.org/hotline/\">https://www.childhelp.org/hotline/</a>\n</li>\n<li>Consider making a report to your state's child abuse and neglect hotline.  They can help to best evaluate the safety of the situation.</li>\n<li>Identify possible domestic violence shelters in your area if you and your child are still in danger.  There may be a women's shelter in your area that also takes children.  You can search for local shelters here: <a target=\"_blank\" rel=\"nofollow noreferrer noopener\" class=\"external free\" href=\"https://www.womenshelters.org/\">https://www.womenshelters.org/</a>\n</li>\n</ul>\n"},{"title":"Connect your child to counseling.","content":"\n  After the initial shock or trauma of learning that your child has been abused, it is important to provide ongoing support to your child.  Sexually abused children are more likely to feel worthless, shame, low self-esteem, and fear around others.  Help them to heal by connecting them to a counselor.\n<ul>\n<li>Find a counseling center in your area that focuses on children and trauma.  See if they provide free or low-cost options.  They may be able to make referrals to appropriate counselors.</li>\n<li>Identify resources in the community via child welfare agencies, your child's school, or your place of worship.  Talk with a school counselor, a social worker, or your religious leader about counseling options.</li>\n<li>Find counselors who are covered under your health insurance plan.  Focus on counseling options that address trauma and abuse.  There may be treatment options that include individual or family therapy, along with support groups.</li>\n</ul>\n"},{"title":"Find support for yourself and your family.","content":"\n  As a parent, it can be difficult to work through your feelings after finding out that your child has been abused.  Make sure to take care of yourself, and find supports that can help you and your family process your feelings.   It's important to care for yourself and your family to better care for your child.  \n<ul>\n<li>Consider talking to a counselor one-one-one in order to process your own feelings about the situation.  Look into counseling for your other family members as well. This may be beneficial, so you don't have to worry how your child might react.</li>\n<li>Find trusted friends, family, or support groups in your area.  While you may not wish to disclose what happened to many people, it is important to find a support system that you can depend on.  There are support groups online or in your community.  Consider reaching out to Mothers of Sexually Abused Children (MOSAC) for resources: <a target=\"_blank\" rel=\"nofollow noreferrer noopener\" class=\"external free\" href=\"http://www.mosac.net/\">http://www.mosac.net/</a>\n</li>\n<li>Set aside time for <a href=\"/Practice-Self-Care\" title=\"Practice Self Care\">self-care</a> and activities that help to de-stress.  Both you and your child will be able to heal better when your mind, body, and spirit are calm and more relaxed.</li>\n</ul>\n"}]},{"title":"Understanding the Signs of Possible Sexual Abuse","tasks":[{"title":"Learn the different types of child sexual abuse.","content":"\n  Child sexual abuse involves sexual activity with a minor.  It includes both touching and non-touching activity.\n<ul>\n<li>Examples of touching activity: physically touching a child's genitals for pleasure, making a child touch someone else's genitals, playing sexual games, having sex by using objects or body parts inside the vagina, mouth, or anus for pleasure.</li>\n<li>Examples of non-touching activity: showing or sharing pornography to a child, exposing an adult's genitals to a child, photographing a child in sexual poses, obscene sexual communication with a child via phone, text, or digital interaction.</li>\n</ul>\n"},{"title":"Assess possible signs and symptoms of sexual abuse.","content":"\n Be aware of your child's changes in behavior.  Take note of the following signs and symptoms.  One symptom alone may not likely be a sign of sexual abuse.  Understand that it may be combination of these signs.  If you notice any situation, talk with your child about any concerns.\n<ul>\n<li>Acting in inappropriately sexual way with toys or objects</li>\n<li>Having nightmares, sleep problems or regressive behaviors like bedwetting</li>\n<li>Becoming withdrawn or very clingy</li>\n<li>Becoming unusually secretive or distrustful of adults</li>\n<li>Sudden unexplained personality changes, mood swings, outbursts of anger</li>\n<li>Unaccountable fear of particular places or people</li>\n<li>Loss of appetite or changes in eating habits</li>\n<li>Use of new words for body parts or adult sexual behavior with no identifiable source</li>\n<li>Talk of a new, older friend and unexplained money or gifts</li>\n<li>Self-harm activities such as cutting or burning</li>\n<li>Physical signs such as an unexplained soreness or bruises around genitals or mouth, sexually transmitted diseases, and/or pregnancy</li>\n<li>A desire to run away</li>\n<li>Avoidance of certain children, adults, or relatives</li>\n</ul>\n"},{"title":"Seek advice from professionals about any concerns.","content":"\n Don't feel like you and your child have to go through this alone.  Many families face similar challenges.  By being open, you will more likely find healing for your child.\n<ul>\n<li>Consider talking a school counselor at your child's school about any concerns regarding abuse.  Understand that if sexual abuse is still going on, then some professionals who are mandated reporters, such as school staff or healthcare professionals, will be required to report to Child Protective Services.</li>\n<li>Talk with your local child welfare agency if there is continued abuse.  Contact your state's child abuse hotline.</li>\n<li>Call the Childhelp National Child Abuse Hotline.  The calls are anonymous and staffed by professional counselors.  Reach out by calling 1-800-4-A-CHILD (1-800-42204453) or <a target=\"_blank\" rel=\"nofollow noreferrer noopener\" class=\"external free\" href=\"https://www.childhelp.org/hotline/\">https://www.childhelp.org/hotline/</a>\n</li>\n</ul>\n"}]}],"questions":[]}