{"meta":{"description":"Every parent worries about their child’s well-being and health. Most parents understand the importance of regular checkups and looking after important parts like teeth and gums, but looking after your child's feet is just as important. Understanding how their feet develop, how to care for them, and signs of potential problems can go a long way to assuring they’re off and running without a problem. Keep in mind that any child may experience foot problems, but foot problems most commonly occur in child athletes. Foot pain in child athletes can occur in the bones, ligaments, muscles, tendons, or fascia.","title":"Look After Your Child%27s Feet"},"todo_list":[{"title":"Caring for Your Kid’s Feet","tasks":[{"title":"Let them go barefoot.","content":"\n Although there’s some debate, most doctors agree that being barefoot is great for foot development. Shoes can look great and provide warmth for a non-walking child. However, once your kid is mobile, <a href=\"/Transition-Your-Kids-to-a-Barefoot-Lifestyle\" title=\"Transition Your Kids to a Barefoot Lifestyle\">ditching the shoes is best.</a> This allows your kid’s foot to develop naturally and build strength in growing tendons without relying on the support of shoes. \n<ul><li>It’s great to let your kid run around barefoot, but make sure to keep an eye on the terrain. Walking on the grass may be fine, but be on the lookout for sharp objects that could hurt your unsuspecting explorer.</li></ul>\n\n"},{"title":"Choose the right socks.","content":"\n Your child’s feet may get cold so socks are important, whether they’re sleeping or on the move.  With your kid’s feet constantly growing, you’ll want to choose a sock that fits properly without being constricting.\n<ul><li>When fitting socks, it’s a good idea to always make sure they’re at least ¼ inch longer than the big toe.</li></ul>\n"},{"title":"Find the right shoes.","content":"\n Although barefoot is best, your kid will need shoes eventually. Many doctors say shoes aren’t necessary until your kid is walking outside. There are so many stylish options for kid’s shoes but comfort and health should be your top priority.\n<ul>\n<li>Avoid overly stiff shoes. You may think they’re more protective, but developing muscles in your child's feet need to grow and develop on their own. An overly sturdy shoe may also do the work that your child’s developing muscles should be doing, hindering their development.  <sup id=\"_ref-4\" class=\"reference\" aria-label=\"Link to Reference 4\"><a href=\"#_note-4\">[4]</a><span class=\"ts_popup \" hidden=\"\" id=\"ts_popup_4\" style=\"display: none;\">\n\t<span class=\"ts_close\">X</span>\n\t\t<span class=\"ts_name\">Research source</span>\n\t\t<span class=\"ts_description\"></span>\n\t\t\t\t<a href=\"#\" class=\"ts_source\" target=\"_blank\" rel=\"nofollow noreferrer noopener\"></a>\n\n</span>\n</sup>\n</li>\n<li>Choose comfort over fashion. It may be tempting to choose a pair of stylish shoes for your new walker, but always choose proper support and fit over good looks. For an early walker, shoes with leather bottoms may be best for traction’s sake, whereas those entering into a walking/running phase may want something a little more athletic.</li>\n</ul>\n"},{"title":"Make sure the shoe fits.","content":"\n Kids feet are always growing — sometimes as much as much as a half size every two months. You may want to buy big shoes to anticipate that next growth spurt, but shoes that are too big greatly increase the chance of stumbles and falls.\n<ul><li>Stay proactive to prevent overly tight shoes. You may think your kid will tell you if their shoes are too tight, or feet hurt, but this often isn’t the case. Check the fit regularly so you're ready to get them in the next size up when the time comes.</li></ul>\n"},{"title":"Maintain good hygiene.","content":"\n Although tasks like bath time can be difficult, it is important to maintain good hygiene.\n<ul><li>Bathe your kid’s feet at least 2-3 times a week. This can help prevent common fungal infections like athlete’s foot and also teach your child good habits with which to grow. Dry them well to prevent any trapped moisture.</li></ul>\n"},{"title":"Cut toe nails straight across, never rounded.","content":"\n This helps prevent in-grown toenails. \n"},{"title":"Emphasize good walking habits.","content":"\n Once your kid is mobile, you can help reduce development problems by showing them to walk right. Teach them to walk with their feet and toes straight to help avoid issues. \n"},{"title":"Keep your child's diet nutritious.","content":"\n Just like any other part of your kid’s body, proper foot development requires proper diet and nutrition. Calcium, Vitamin D, readily available in dairy foods, and good overall nutrition can go a long way to reducing the likelihood of development problems. A healthy diet, proper nutrition and exercise can help to ensure feet stay healthy. \n"}]},{"title":"Looking out for Problems","tasks":[{"title":"Watch your child walk.","content":"\n No two kid’s feet are the same and walking differently does not necessarily mean there’s a development problem. But keep your eyes open for any abnormal gaits or walking styles.\n<ul>\n<li>Common problems include intoeing, outtoeing or clubfoot. These problems usually correct themselves but if you have a concern, make sure to consult your doctor during your next check-up.<sup id=\"_ref-9\" class=\"reference\" aria-label=\"Link to Reference 9\"><a href=\"#_note-9\">[9]</a><span class=\"ts_popup \" hidden=\"\" id=\"ts_popup_9\" style=\"display: none;\">\n\t<span class=\"ts_close\">X</span>\n\t\t<span class=\"ts_name\">Research source</span>\n\t\t<span class=\"ts_description\"></span>\n\t\t\t\t<a href=\"#\" class=\"ts_source\" target=\"_blank\" rel=\"nofollow noreferrer noopener\"></a>\n\n</span>\n</sup>\n</li>\n<li>Common acute injuries in children and adolescents consist of friction blisters, wounds to the sole of the foot, and stubbed toes.</li>\n</ul>\n"},{"title":"Look for ingrown toenails.","content":"\n Making sure you trim your child’s toenails properly can help their toenails stay healthy. Always be sure to cut the nail straight across and not rounded.\n<ul>\n<li>Cutting improperly can cause ingrown toenails. An ingrown toenail occurs when one or both sides of your child’s nail begins to break through and grow into the skin of the toe. If you notice an ingrown toenail, never try to fix it yourself. Call your doctor and make an appointment. <sup id=\"_ref-10\" class=\"reference\" aria-label=\"Link to Reference 10\"><a href=\"#_note-10\">[10]</a><span class=\"ts_popup \" hidden=\"\" id=\"ts_popup_10\" style=\"display: none;\">\n\t<span class=\"ts_close\">X</span>\n\t\t<span class=\"ts_name\">Research source</span>\n\t\t<span class=\"ts_description\"></span>\n\t\t\t\t<a href=\"#\" class=\"ts_source\" target=\"_blank\" rel=\"nofollow noreferrer noopener\"></a>\n\n</span>\n</sup>\n</li>\n<li>Never cut into the toenail too far. This can lead to an ingrown toenail as well. Sometimes ingrown toenails are so painful/tender that they bleed and become infected. If this is the case, you need to take your child to see a Podiatrist. He/She will cut the nail out including part of the nail bed, this will allow for the nail to grow back in naturally and comfortably.</li>\n</ul>\n"},{"title":"Check their feet for warts.","content":"\n Warts are viral, contagious callous looking bumps and can be painful. They can be relatively common in kids and most often appear on the bottom of their feet. \n<ul>\n<li>There are many at-home treatments for warts, but if they’re on your kid’s feet, it would be best to let a doctor have a look to prevent their spread or pain.</li>\n<li>Topical salicylic acid and cryotherapy with liquid nitrogen are the most common treatments for plantar warts.  Cryotherapy involves the use of liquid nitrogen.  The doctor will apply nitrogen to the wart to freeze if off.  Sometimes the doctor has to cut wart first so that the nitrogen penetrates the root of the wart.  Often if warts are involved you may need to get multiple applications of cryotherapy.</li>\n</ul>\n"},{"title":"Watch out for flat feet.","content":"\n If the arch of your child’s foot shrinks or disappears when they stand, they could suffer from “pediatric flatfoot.” Many children have flat feet and grow out of it. But if you child’s flat arch is accompanied by pain and tenderness it could be an issue worth visiting the doctor for. \n"},{"title":"Look for bowlegs.","content":"\n This is an exaggerated outward bend of a kid’s legs when their feet are placed together. This can be caused by improper foot development and is worth nothing to your doctor if noticed. \n"}]}],"questions":[{"title":"How do you take care of your feet?","content":"Generally speaking, it's good to let your feet get some air. Take your shoes off when you come home and wear breathable socks. Use a pumice stone to remove any blisters or dead skin and get a pedicure every once in a while. Moisturize your feet with a skin-softening cream to keep your feet happy and healthy."}]}