{"meta":{"description":"Obsessive-Compulsive Disorder (OCD) is an anxiety disorder characterized by obsessions and compulsions that disrupt daily life. OCD affects 1%-2% of children and adolescents, often appearing between ages 7 and 12. Sometimes it goes unrecognized, especially when children hide their symptoms or parents don’t know what to look for. There are ways to recognize the disorder, even in young children.","title":"Recognize Obsessive Compulsive Disorder in Children"},"todo_list":[{"title":"Identifying Obsessive-Compulsive Disorder","tasks":[{"title":"Don’t jump to conclusions.","content":"\n  Remember that children have quirks and often go through phases that may make you wonder whether they are normal.  If you’re concerned that your child may have any kind of mental disorder, it’s best to talk to a pediatrician or a child psychologist before you try to diagnose a disorder on your own.  If you have had your child evaluated and are still unsure, don’t be afraid to get a second opinion. \n\n"},{"title":"Look out for signs of obsessions.","content":"\n Obsessions can be somewhat difficult to spot, because they are internal thoughts that may or may not have external actions associated with them.  Additionally, children may hide their obsessions from adults. The symptoms may be misinterpreted as unnecessarily worrying. The only symptom an adult may see is extended time in the bathroom or bedroom, or being alone. Obsessions are often related to safety. A few common obsessions that often manifest at home include:\n<ul>\n<li>Excessive concern about germs, disease, and contamination</li>\n<li>Fear that they will hurt someone</li>\n<li>Frequent worries about disasters like car crashes, house fires, earthquakes, or tornadoes</li>\n<li>Tendency to believe their tasks are never complete</li>\n<li>The need to have things around them in a symmetrical, perfect order</li>\n<li>The need to perform tasks a specific number of times, or a fixation on a series of numbers</li>\n<li>Concern with religious ideas, such as morality, death, or the afterlife</li>\n<li>Excessive collecting of meaningless objects</li>\n<li>Obsession with sexual thoughts</li>\n</ul>\n"},{"title":"Recognize what compulsions look like.","content":"\n Children may enact compulsions differently at home and at school. The symptoms may be misinterpreted as misbehaving. Adults may interpret compulsions or reactions to obsessions as tantrums that occur when things don't go the child's way. Symptoms may vary over time and fluctuate. At home, some compulsions may include: \n<ul>\n<li>Cleaning their room over and over again</li>\n<li>Washing their hands too much or showering frequently</li>\n<li>Checking and rechecking to make sure a door is locked</li>\n<li>Arranging and rearranging items over and over again</li>\n<li>Saying special words, repeating numbers, or saying phrases before doing things to keep bad things from happening</li>\n<li>Always having to do things in a certain order, and becoming very anxious or acting out if something disrupts that order</li>\n</ul>\n"},{"title":"Look for hidden signs.","content":"\n Children become used to hiding their obsessions or compulsions. You may never see them engage in any of the above listed activities. There are other ways you can try to determine if your child has OCD if you are concerned. Look for:\n<ul>\n<li>Sleeping disorders from staying up too late obsessing</li>\n<li>Sore or dry hands from excessive washing</li>\n<li>Excessive use of soap</li>\n<li>Concern about germs or sickness</li>\n<li>Increase in laundry</li>\n<li>Avoidance of getting dirty</li>\n<li>Decrease in academic performance</li>\n<li>Requests for people to repeat words or phrases</li>\n<li>Unnecessarily long amounts of time in the shower or getting ready for bed or school</li>\n<li>Excessive worry about the safety of family and friends</li>\n</ul>\n"},{"title":"Recognize these symptoms at school.","content":"\n Children who have OCD may act differently at school than they do at home. At school, they may hide or suppress their symptoms.  Symptoms that do emerge at school may manifest differently than they do at home. At school the child may: \n<ul>\n<li>Have difficulty concentrating. Repetitive, obsessive thoughts can hinder a child's concentration. It can affect following directions, starting assignments, completing assignments, and paying attention in class.</li>\n<li>Withdraw from their peers</li>\n<li>Have low self-esteem</li>\n<li>Act out or appear disobedient due to misunderstandings between the child and his peers or the staff. The child may engage in unusual behavior that leads to conflict in school.</li>\n<li>Have a learning disorder or cognitive problem that has nothing to do with the OCD</li>\n</ul>\n"}]},{"title":"Assessing Specific Behaviors","tasks":[{"title":"Pay attention to fears of contamination.","content":"\n Some children with OCD have obsessions about cleanliness and become afraid of being contaminated, contracting diseases, and becoming ill. They may worry about close person-to-person contact or develop fears of dirt, food, or certain places or things they believe are unsanitary or infectious. Although it can be hard to observe an obsession, you can be on the look out for the compulsions that can result from an obsession with cleanliness:\n<ul>\n<li>Your child may avoid certain locations, such as public restrooms, or certain situations, such as social events, because they fear contamination.</li>\n<li>Your child may become strangely habitual. For example, they may eat the same food over and over again because it is supposedly contamination-free.</li>\n<li>Your child may begin to impose cleansing rituals on you and other members of your family in an attempt to ensure complete sanitation.</li>\n<li>Your child may even develop compulsions that seem contrary to an obsession with cleanliness. For example, they may refuse to bathe due to a fear of contamination.<sup id=\"_ref-2\" class=\"reference\" aria-label=\"Link to Reference 2\"><a href=\"#_note-2\">[2]</a><span class=\"ts_popup \" hidden=\"\" id=\"ts_popup_2\" style=\"display: none;\">\n\t<span class=\"ts_close\">X</span>\n\t\t<span class=\"ts_name\">Research source</span>\n\t\t<span class=\"ts_description\"></span>\n\t\t\t\t<a href=\"#\" class=\"ts_source\" target=\"_blank\" rel=\"nofollow noreferrer noopener\"></a>\n\n</span>\n</sup>\n</li>\n</ul>\n"},{"title":"Note any excessive preoccupation with symmetry, order, and exactness.","content":"\n Some children with OCD develop obsessions with symmetry and order; they need processes to be “done right” and items to be arranged “correctly.” As a result: \n<ul>\n<li>Your child may develop very precise ways of handling, arranging, or aligning objects; they may do this in a highly ritualized way.</li>\n<li>Your child may become very anxious when items are not arranged correctly; they may panic or believe something terrible will happen.</li>\n<li>Your child may have trouble concentrating on schoolwork or other things because they are so preoccupied with these matters, which seem so inessential to you.</li>\n</ul>\n"},{"title":"Watch for compulsions to keep loved ones safe.","content":"\n Children with OCD can obsess about themselves or others being harmed. This obsession may manifest itself in a variety of compulsive behaviors:\n<ul>\n<li>Your child may become very overprotective toward family members and close friends.</li>\n<li>Your child may try to make sure everyone is safe by checking and rechecking that doors are locked, appliances are turned off, and no gas leaks are present.</li>\n<li>Your child may devote several hours a day to performing ritualized tasks aimed at making sure that everyone is safe.</li>\n</ul>\n"},{"title":"Notice any obsession about causing intentional harm.","content":"\n Children with OCD may have violent intrusive thoughts, and they might become very worried that they will give into these thoughts and hurt themselves or others intentionally. They may begin to hate themselves or believe that they are bad people. As a result: \n<ul>\n<li>Your child may be overcome with guilty feelings. They may seek forgiveness, confessing their thoughts to others and seeking reassurances of their love and affection.</li>\n<li>Your child may become emotionally exhausted and preoccupied with these thoughts. Though the anxieties may be mostly internal, you can be alert for signs of increased anxiety, depression, or exhaustion.</li>\n<li>Your child may draw or write about the violent behaviors over and over.</li>\n</ul>\n"}]},{"title":"Understanding Obsessive-Compulsive Disorder","tasks":[{"title":"Familiarize yourself with childhood OCD.","content":"\n More children suffer from OCD than most people realize. According to the director of the Children's Center for OCD and Anxiety in Philadelphia, more than a million children in the US have OCD. That means, 1 in 100 children in America have OCD.\n<ul>\n<li>Unlike adults who can recognize they have OCD, children do not understand that they have OCD. Instead, children may view their repetitive thoughts or actions as shameful and feel like they are going crazy. This makes many children too embarrassed to tell an adult of their problems.</li>\n<li>The average age that OCD manifests is 10.2<sup id=\"_ref-3\" class=\"reference\" aria-label=\"Link to Reference 3\"><a href=\"#_note-3\">[3]</a><span class=\"ts_popup \" hidden=\"\" id=\"ts_popup_3\" style=\"display: none;\">\n\t<span class=\"ts_close\">X</span>\n\t\t<span class=\"ts_name\">Research source</span>\n\t\t<span class=\"ts_description\"></span>\n\t\t\t\t<a href=\"#\" class=\"ts_source\" target=\"_blank\" rel=\"nofollow noreferrer noopener\"></a>\n\n</span>\n</sup>\n</li>\n<li>OCD seems to appear equally in boys and girls.</li>\n</ul>\n"},{"title":"Know how obsessions work.","content":"\n One part of Obsessive-Compulsive Disorder is a tendency to obsess. Obsessions are persistent or repetitive thoughts, images, ideas, or impulses that rise repeatedly into a person’s consciousness. The child cannot shake the thoughts, which become increasingly realistic to him. The unwanted thoughts can be frightening and if unresolved, they can leave your child anxious and distracted, making them appear mentally unbalanced.\n<ul>\n<li>These thoughts can cause a lot of doubt.</li>\n<li>These thoughts can tell the child something bad is going to happen to someone they care about.</li>\n</ul>\n"},{"title":"Understand how compulsions work.","content":"\n The second part of OCD is a tendency toward compulsive behavior. Compulsions are excessively repetitive and rigid behaviors or actions that are performed to reduce anxiety, ward off bad thoughts, or banish something dreaded. The child can do these actions mentally or physically. The actions are often in response to obsessions to help lessen the fear and can seem like strong habits. \n<ul><li>In general, compulsions are easier to spot – you don’t necessarily know what your child is thinking, but if you pay attention, you’ll be able to observe compulsive behavior.</li></ul>\n"},{"title":"Understand that OCD isn't just a phase.","content":"\n Some parents believe the symptoms of OCD are just a phase. They also believe their children are acting out to get attention. If your child has OCD, this is not the case. OCD is a neurological disorder.\n<ul><li>It is not your fault that the child has OCD, so do not blame yourself.</li></ul>\n"},{"title":"Know what other disorders may accompany OCD.","content":"\n Children with OCD may have one or more co-occurring conditions. These include anxiety disorders, <a href=\"/Know-if-Someone-is-Depressed\" title=\"Know if Someone is Depressed\">depression</a>, <a href=\"/Tell-if-Someone-Is-Bipolar\" title=\"Tell if Someone Is Bipolar\">bipolar disorder</a>, <a href=\"/Recognize-the-Signs-of-Attention-Deficit-Hyperactivity-Disorder-(ADHD)\" title=\"Recognize the Signs of Attention Deficit Hyperactivity Disorder (ADHD)\">ADHD</a>, eating disorders, <a href=\"/Recognize-the-Signs-of-Autism\" title=\"Recognize the Signs of Autism\">autism</a>, or Tourette Syndrome. \n<ul><li>Other disorders share similarities with OCD and can be confused with it. These include <a href=\"/Recognize-Body-Dysmorphic-Disorder\" title=\"Recognize Body Dysmorphic Disorder\">body dysmorphic disorder</a>, <a href=\"/Diagnose-Hoarding-Disorder\" title=\"Diagnose Hoarding Disorder\">hoarding disorder</a>, hair-pulling and <a href=\"/Stop-Dermatillomania\" title=\"Stop Dermatillomania\">skin-picking disorder</a>.<sup id=\"_ref-7\" class=\"reference\" aria-label=\"Link to Reference 7\"><a href=\"#_note-7\">[7]</a><span class=\"ts_popup \" hidden=\"\" id=\"ts_popup_7\" style=\"display: none;\">\n\t<span class=\"ts_close\">X</span>\n\t\t<span class=\"ts_name\">Research source</span>\n\t\t<span class=\"ts_description\"></span>\n\t\t\t\t<a href=\"#\" class=\"ts_source\" target=\"_blank\" rel=\"nofollow noreferrer noopener\"></a>\n\n</span>\n</sup>\n</li></ul>\n"}]},{"title":"Finding Support","tasks":[{"title":"Talk openly with your child.","content":"\n Your child may be unaware of their condition or afraid to come to you, so you need to be the one to start the conversation. Ask questions about your child’s behavior in certain situations, and listen carefully. \n<ul>\n<li>Remember that your child may open up to you only when they feel safe and secure. Try to approach your child in a non-intimidating manner, with a warm and understanding tone.</li>\n<li>For example, you may say, “John, I noticed that you’ve been washing your hands a lot of times during the day and that they’re starting to get red from all of the washing.  Would you mind explaining to me why you feel like you need to wash your hands so many times?” or “you’ve been spending a lot of time in your room arranging your toys.  Can you tell me about how they’re arranged?  I’d like to know why they always need to be in that order.”</li>\n</ul>\n"},{"title":"Meet with your child’s teachers, friends, and caregivers.","content":"\n Because OCD usually develops in school-aged children, the observations of others will be a valuable source of information. Your child may face different situations when they are away from you and may have different obsessions and compulsions at school and other places. \n"},{"title":"Consult with a doctor or therapist.","content":"\n If after looking for these behaviors you believe your child might have OCD, you should see a doctor or therapist as soon as possible for proper diagnosis and treatment. Don’t wait for the situation to resolve itself – it may get worse. A doctor can set you on the right path to helping your child.\n<ul>\n<li>Discuss with your doctor or psychologist a treatment plan for your child. Also discuss plans for the family to make sure the whole family is being taken care of and supporting each other.</li>\n<li>Keep a log of your child's behavior before taking him to the doctor. Make a note of the behaviors, the length of time spent on behaviors, and anything else you think will help the doctor. This can help give a better diagnosis.</li>\n</ul>\n"},{"title":"Learn about the available treatments.","content":"\n There is no cure for OCD. However, <a href=\"/Use-Cognitive-Behavioral-Therapy\" title=\"Use Cognitive Behavioral Therapy\">Cognitive Behavior Therapy</a> (CBT) and medication can reduce the symptoms of OCD. Treating the disease can make it more manageable to live with. \n<ul>\n<li>Medications for OCD in children includes SSRIs (selective serotonin reuptake inhibitors)<sup id=\"_ref-9\" class=\"reference\" aria-label=\"Link to Reference 9\"><a href=\"#_note-9\">[9]</a><span class=\"ts_popup \" hidden=\"\" id=\"ts_popup_9\" style=\"display: none;\">\n\t<span class=\"ts_close\">X</span>\n\t\t<span class=\"ts_name\">Research source</span>\n\t\t<span class=\"ts_description\"></span>\n\t\t\t\t<a href=\"#\" class=\"ts_source\" target=\"_blank\" rel=\"nofollow noreferrer noopener\"></a>\n\n</span>\n</sup> such as fluoxetine, fluvoxamine, paroxetine, citalopram, and sertraline.  Another medication that is prescribed for children over 10 is clomipramine, but this medication may have severe side effects for children.<sup id=\"_ref-10\" class=\"reference\" aria-label=\"Link to Reference 10\"><a href=\"#_note-10\">[10]</a><span class=\"ts_popup \" hidden=\"\" id=\"ts_popup_10\" style=\"display: none;\">\n\t<span class=\"ts_close\">X</span>\n\t\t<span class=\"ts_name\">Research source</span>\n\t\t<span class=\"ts_description\"></span>\n\t\t\t\t<a href=\"#\" class=\"ts_source\" target=\"_blank\" rel=\"nofollow noreferrer noopener\"></a>\n\n</span>\n</sup>\n</li>\n<li>CBT includes helping the child become aware of the behaviors and thoughts.<sup id=\"_ref-11\" class=\"reference\" aria-label=\"Link to Reference 11\"><a href=\"#_note-11\">[11]</a><span class=\"ts_popup \" hidden=\"\" id=\"ts_popup_11\" style=\"display: none;\">\n\t<span class=\"ts_close\">X</span>\n\t\t<span class=\"ts_name\">Research source</span>\n\t\t<span class=\"ts_description\"></span>\n\t\t\t\t<a href=\"#\" class=\"ts_source\" target=\"_blank\" rel=\"nofollow noreferrer noopener\"></a>\n\n</span>\n</sup> Then, they are helped to find alternate behaviors in those situations. This helps the child change the behavior and develop positive thinking patterns.</li>\n<li>School-based therapy may be available to help the child navigate school-related tasks, such as academic demands and social expectations.</li>\n</ul>\n"},{"title":"Find a support group for yourself.","content":"\n Helping a child with a serious mental illness can be quite challenging, and finding a group of people in similar situations can help you feel like you’re not alone. \n<ul>\n<li>It’s important to participate in any available parent guidance sessions or family therapy to help parents manage the illness. These sessions also help with parenting skills for these situations, teach families how to deal with the complex feeling surrounding the disorder, and give suggestions on how to function as a family.</li>\n<li>Ask your child’s mental health counselor about parent support groups or search online for “parent of a child with OCD support group” plus your area.</li>\n<li>Check the <a target=\"_blank\" rel=\"nofollow noreferrer noopener\" class=\"external text\" href=\"https://iocdf.org/supportgroups/online-and-phone-ocd-support-groups/#Parents\">International OCD Foundation’s information for parents and families</a>.</li>\n</ul>\n"}]}],"questions":[]}