{"meta":{"description":"A febrile seizure is an episode of unconsciousness and violent bodily convulsion, usually accompanying a fever caused by a common childhood illness, such as a cold, flu, or ear infection. Children between the ages of six months and five years are most likely to experience febrile seizures, which typically occur at the onset of the fever. Witnessing your child experiencing such a seizure can be extremely agitating, but it is important for you to remain calm, and remember that most febrile seizures have no lasting negative effect on a child's health.","title":"Stop Your Child%27s Febrile Seizure"},"todo_list":[{"title":"Applying First Aid","tasks":[{"title":"Stay calm.","content":"\n Breathe deeply, and remember that, while your child's distress may be difficult to watch, the seizure should pose little threat to your child's long-term health if treated properly.\n\n"},{"title":"Note the start time of the seizure.","content":"\n It is important for you to keep track of how long the seizure lasts so that you know whether emergency medical assistance is needed, and so you can accurately report the duration of the seizure to your child's doctor once the episode has subsided.\n"},{"title":"Place your child on a safe, stable surface.","content":"\n The convulsions associated with a febrile seizure can cause your child to move about involuntarily, so you should make sure to place them away from any steep drop.\n<ul>\n<li>If your child is already safe where they are, avoid moving them.</li>\n<li>Placing your child on the floor, or in the center of a bed are good options. If your child is still small enough, you may simply lay them on your lap, and support them with your hands.</li>\n</ul>\n"},{"title":"Ensure that the area surrounding your child is clear.","content":"\n If there are hard objects (such as furniture) in the vicinity, move them away from your child so that they can't accidentally strike them.\n"},{"title":"Soothe your child, and make them comfortable.","content":"\n Remain calm, and remember that, while it is distressing to watch, your child's seizure will pass.\n<ul>\n<li>Speak in soft, low tones to your child. This well help both of you calm down. Remind them (and yourself) that you are there to care for them, and that everything is going to be alright.</li>\n<li>If your child is laying on a hard surface, slide a blanket underneath them.</li>\n<li>Remove or loosen any clothing from the waist up, especially around the neck.</li>\n<li>Do not restrain your child. Simply ensure that they are safe, and allow the convulsions to pass.<sup id=\"_ref-5\" class=\"reference\" aria-label=\"Link to Reference 5\"><a href=\"#_note-5\">[5]</a><span class=\"ts_popup \" hidden=\"\" id=\"ts_popup_5\" style=\"display: none;\">\n\t<span class=\"ts_close\">X</span>\n\t\t<span class=\"ts_name\">Research source</span>\n\t\t<span class=\"ts_description\"></span>\n\t\t\t\t<a href=\"#\" class=\"ts_source\" target=\"_blank\" rel=\"nofollow noreferrer noopener\"></a>\n\n</span>\n</sup>\n</li>\n</ul>\n"},{"title":"Turn your child onto their side or stomach to help them breathe.","content":"\n  It is normal for a child to vomit or produce a lot of saliva during a seizure, and re-positioning them will ensure that their breathing passages remain clear.\n<ul>\n<li>Watch for breathing problems, including the child turning blue from a compromised airway. If this occurs, dial 911 immediately.</li>\n<li>Avoid sticking anything in your child's mouth to clear their airways, as they may choke, or involuntarily bite down.</li>\n</ul>\n"},{"title":"Determine if emergency medical assistance is needed.","content":"\n If your child's seizure lasts longer than five minutes, or if your child does not regain consciousness quickly after their convulsions have ceased, you should call an ambulance before continuing treatment. Don't panic: even febrile seizures severe enough to require emergency medical attention do not pose a serious threat to most children.\n<ul>\n<li>If you do call for an ambulance, calmly relate to the operator that your child is having a febrile seizure. Tell them how long the seizure has lasted, and briefly describe your child's convulsions and state of consciousness.</li>\n<li>Know the difference between a complex and a simple febrile seizure. A complex febrile seizure lasts longer than 15 minutes and occurs multiple times in a 24-hour period.<sup id=\"_ref-7\" class=\"reference\" aria-label=\"Link to Reference 7\"><a href=\"#_note-7\">[7]</a><span class=\"ts_popup \" hidden=\"\" id=\"ts_popup_7\" style=\"display: none;\">\n\t<span class=\"ts_close\">X</span>\n\t\t<span class=\"ts_name\">Research source</span>\n\t\t<span class=\"ts_description\"></span>\n\t\t\t\t<a href=\"#\" class=\"ts_source\" target=\"_blank\" rel=\"nofollow noreferrer noopener\"></a>\n\n</span>\n</sup>\n</li>\n</ul>\n"},{"title":"Monitor your child's level of consciousness.","content":"\n You should observe and soothe them constantly until your child returns to consciousness, or until emergency assistance arrives.\n"}]},{"title":"Reducing the Fever","tasks":[{"title":"Give your child acetaminophen or ibuprofen.","content":"\n  If your child has already returned to consciousness, you may give them a normal oral dose (closely follow the instructions on the medication package). If the seizure is continuing, do not attempt this, as your child will likely be unable to swallow properly. You may give an acetaminophen suppository, if you have one.\n<ul><li>Children six months old or younger should not be given ibuprofen, and no child should ever be given aspirin, for any reason.<sup id=\"_ref-9\" class=\"reference\" aria-label=\"Link to Reference 9\"><a href=\"#_note-9\">[9]</a><span class=\"ts_popup \" hidden=\"\" id=\"ts_popup_9\" style=\"display: none;\">\n\t<span class=\"ts_close\">X</span>\n\t\t<span class=\"ts_name\">Research source</span>\n\t\t<span class=\"ts_description\"></span>\n\t\t\t\t<a href=\"#\" class=\"ts_source\" target=\"_blank\" rel=\"nofollow noreferrer noopener\"></a>\n\n</span>\n</sup>\n</li></ul>\n"},{"title":"Apply a cool, wet cloth to your child's face and neck.","content":"\n This will help soothe the child, and lower their body temperature. \n"},{"title":"Bathe your child with lukewarm water.","content":"\n This will further relax your child, help relieve their fever, and make them more clean and comfortable.\n<ul>\n<li>If the seizure is still in progress, use a sponge to bathe your child, rather than moving them to a bath.</li>\n<li>Do not bathe your child with cold water or rubbing alcohol. Lowering the body's temperature too quickly is dangerous and can induce shock.</li>\n</ul>\n"},{"title":"Provide fluids if possible.","content":"\n If the seizure is continuing, do not introduce anything to the child's mouth. Continue soothing your child and treating their fever while you await medical assistance.\n"},{"title":"Allow the child to sleep.","content":"\n Once the seizure has ended, and you have taken steps to reduce their fever, make them comfortable in a cool room, and let them rest. Sleepiness is common after a seizure, and sleep will allow your child's body to begin working to lower their fever.\n<ul><li>While your child may feel chilly, don't bundle them up in too many blankets until their fever has broken. Remember that your primary goal once the seizure has ended is to gradually lower their body temperature.</li></ul>\n"},{"title":"Continue monitoring your child.","content":"\n If their fever worsens, or they experience more seizures, call for emergency medical assistance. Again, do not panic. Febrile seizure are dramatic and frightening, but even repeat episodes pose little threat to your child's long-term health, especially if you remain calm and focus on soothing them and lowering their fever.\n"},{"title":"Consult your pediatrician.","content":"\n It is important to identify and treat the cause of the fever to prevent future seizures. Give your child's doctor a detailed description of the seizure, including symptoms, and the length(s) of the episode(s).\n"}]}],"questions":[]}