{"meta":{"description":"To take your child for a back to school checkup, contact your child’s doctor. Choose a date and time that work for you. Make a list of questions you might have and bring it to the appointment along with relevant medical records and insurance information. Talk to your child about what to expect of the back to school checkup and help them understand why such a checkup is important.","title":"Take Your Child for a Back%E2%80%90to%E2%80%90School Checkup"},"todo_list":[{"title":"Setting Up the Appointment","tasks":[{"title":"Call your child’s doctor.","content":"\n  The first step in taking your child for a back to school checkup is scheduling an appointment.  To schedule the back to school checkup, call your child’s doctor's office. Be sure to call well in advance to ensure you get an appointment before the school year starts.\n<ul>\n<li>Set a date and time that is convenient.  This will involve checking your own schedule and checking your child’s schedule.  This might involve coordinating with other children and adjusting your other responsibilities, as this time of year is typically very busy for pediatricians.</li>\n<li>For instance, you should find out if your child will be at summer camp during the date and time when their back to school checkup is scheduled, in which case you should reschedule the appointment.</li>\n</ul>\n\n"},{"title":"Gather all necessary paperwork.","content":"\n  If you have not been to the doctor your child will be seeing for their back to school checkup, your insurance information will not be on file.  Therefore, you’ll need to bring your insurance card with your policy number and a photo ID.\n<ul><li>Check the doctor or hospital’s website for information about which insurance is accepted.  If you cannot locate a list of insurance providers that the doctor accepts, contact their office for more information.</li></ul>\n"},{"title":"Make a list of health changes.","content":"\n  If your child has had any health issues or problems since their last visit to the doctor, write them down on a list, or bring in copies of any medical records you may have.  Unless your child was treated by the same doctor who will be administering the back to school checkup, bring associated paperwork, too, such as bloodwork results or other medical records. Make sure to note any allergies your child has, as well, including any allergies to medication.\n<ul><li>Your list should also include important life changes such as the introduction of a new sibling or the loss of a friend or family member.</li></ul>\n"},{"title":"Prepare a list of questions.","content":"\n  If you have questions about your child’s health, you should feel free to ask them when you take your child for a back to school checkup.  For instance, you might want to ask your child’s doctor:\n<ul>\n<li>Is my child growing at a normal rate?</li>\n<li>Is my child at a healthy weight?</li>\n<li>My child has a strange habit.  Is it normal?</li>\n<li>What can I do to ensure my child remains healthy?</li>\n</ul>\n"}]},{"title":"Communicating With Your Child","tasks":[{"title":"Help your child understand the purpose for the doctor’s visit.","content":"\n  If your child has not been to the doctor’s in some time, remind them of why the checkup is important.  Say, “Before returning to school, you need a back to school checkup.  It will help you stay healthy and strong.”\n"},{"title":"Explain to your child what will happen at the back to school checkup.","content":"\n  If your child is relatively young (age eight or below), you might try role-playing with your child.  For instance, you might take the role of doctor to show your child what the back to school checkup will be like.  You might say to your child, “Okay, now open your mouth” and peer inside your child’s mouth.  You might give your child a gentle squeeze around their arm and explain, “This is what it’s like to have a blood pressure cuff on.”\n<ul>\n<li>Look for children’s books of an appropriate age level for your child that deal with going to the doctor.  Read the book with your child to help them learn more about back to school checkups.</li>\n<li>Encourage your child to ask you questions about the doctor’s office and the checkup before you go.</li>\n<li>Encourage your child to ask questions of the doctor when they are getting the checkup.</li>\n</ul>\n"},{"title":"Keep your child from worrying about the checkup.","content":"\n  If your child is young, they might worry about going for the back to school checkup.  After telling your young child that they will soon be going to a back to school checkup, ask them how it makes them feel.  With luck, the young child will reply, “happy” or “excited.”  However, if your young child says they are afraid of the checkup and not looking forward to it, allay your child’s fears\n<ul>\n<li>Let your child know that you will remain with them throughout the checkup.  This will free them from worrying about separation.</li>\n<li>If you know your child will need to get a shot (vaccination, flu shot, or a similar procedure involving a sharp needle) tell your child that the shot will only sting a little, and that there is no need to worry about it.  Remind the child that they are very brave and will have no trouble managing a shot, should it be necessary.</li>\n<li>Always talk about the doctor and the back to school checkup in a positive way to put the child’s mind at ease.</li>\n<li>If your child is older – say, a tween – they will probably not have anxieties about the purpose of back to school checkups.  In this case, just listen to your child attentively and address any concerns related to the checkup they might bring to you, such as scheduling conflicts, what parts of their body will be examined, and how long the process will take.<sup id=\"_ref-7\" class=\"reference\" aria-label=\"Link to Reference 7\"><a href=\"#_note-7\">[7]</a><span class=\"ts_popup \" hidden=\"\" id=\"ts_popup_7\" style=\"display: none;\">\n\t<span class=\"ts_close\">X</span>\n\t\t<span class=\"ts_name\">Research source</span>\n\t\t<span class=\"ts_description\"></span>\n\t\t\t\t<a href=\"#\" class=\"ts_source\" target=\"_blank\" rel=\"nofollow noreferrer noopener\"></a>\n\n</span>\n</sup>\n</li>\n</ul>\n"},{"title":"Choose the right doctor.","content":"\n  A good doctor for your child will not only be knowledgeable and thorough, but also friendly, interested, and sympathetic toward your child.  If your child’s doctor seems aloof and does not relate well to your child, your child might find getting a back to school checkup (and future doctor visits) an unpleasant chore.\n<ul>\n<li>Don’t be afraid to change your child’s doctor if you believe your child could be getting better care.</li>\n<li>If you’re going to a new doctor, it can be hard to determine whether or not the doctor and the child will have a good relationship.  In this case, you could ask friends for recommendations or read online reviews.</li>\n<li>Most importantly, though, pay attention to the doctor’s interaction with your child during the back to school checkup.  Use it as test run to determine if the doctor is worth returning to again for next year’s back to school checkup.</li>\n</ul>\n"}]},{"title":"Getting Your Child Examined","tasks":[{"title":"Transport your child to the doctor’s office.","content":"\n  On the day of the appointment, collect your child’s medical and insurance information.  Don’t forget your list of questions.  Go to your child’s doctor with your child.\n<ul>\n<li>Plan on getting to the doctor’s office about 15 minutes before you’re scheduled to be there.  This will give you some wiggle room in the event you hit traffic or have some unexpected trouble arriving.</li>\n<li>There may be additional fees for not showing up to your child’s back to school checkup.  If you need to cancel, do so ahead of time.</li>\n</ul>\n"},{"title":"Get the basics.","content":"\n  There are many things that could be examined during your child’s back to school checkup.  The specific items that your child’s doctor will be interested in examining will vary depending on your child’s age.  But there are a few standard metrics that any back to school checkup should include.\n<ul><li>For a comprehensive list of checkup occasions and associated items for examination, check out <a target=\"_blank\" rel=\"nofollow noreferrer noopener\" class=\"external free\" href=\"http://kidshealth.org/en/parents/checkups.html?WT.ac=ctg#catcheckupsubcat\">http://kidshealth.org/en/parents/checkups.html?WT.ac=ctg#catcheckupsubcat</a>.</li></ul>\n"},{"title":"Get your child vaccinated.","content":"\n  If your child has not been vaccinated against all or most major illnesses by the time they are school-aged, let your doctor know.  Get your child immunized against illnesses like polio, hepatitis A and B, tuberculosis, varicella (chicken pox), measles, mumps, and rubella, as well as any others required by their school.\n<ul>\n<li>Your doctor will let you know if and when your child needs vaccinations based on where they are on their immunization schedule.</li>\n<li>Getting your child vaccinated is not only a commonsense health decision, it’s also law in many places.  Most U.S. states, for instance, require that your child receive vaccination for certain illnesses before enrolling in school.<sup id=\"_ref-12\" class=\"reference trusted\" aria-label=\"Link to Reference 12\"><a href=\"#_note-12\">[12]</a><span class=\"ts_popup trustedsource\" hidden=\"\" id=\"ts_popup_12\" style=\"display: none;\">\n\t<span class=\"ts_close\">X</span>\n\t\t<a class=\"ts_trustworthy\" href=\"/wikiHow:Delivering-a-Trustworthy-Experience\">Trustworthy Source</a>\n\n\t\t<span class=\"ts_name\">Centers for Disease Control and Prevention</span>\n\t\t<span class=\"ts_description\">Main public health institute for the US, run by the Dept. of Health and Human Services</span>\n\n\t\t\t\t<a href=\"#\" class=\"ts_source\" target=\"_blank\" rel=\"nofollow noreferrer noopener\">Go to source</a>\n</span>\n</sup>\n</li>\n</ul>\n"},{"title":"Ask the questions you have.","content":"\n  Since you’ve made a big effort to write down your questions for the doctor, it is important to ask your questions when your doctor administers the back to school exam.  Request clarification on anything confusing.\n<ul><li>Being actively engaged in your child’s health will send a good message to your child that they, too, should feel free to question doctors and other authority figures regarding issues that concern them.</li></ul>\n"}]},{"title":"Keeping Your Child Well","tasks":[{"title":"Remind your child to wash their hands.","content":"\n  Regular hand-washing throughout the day can keep your child free of germs and bacteria that cause illness.  Before sending your child back to school, refresh them on how to wash their hands by demonstrating the proper technique.\n<ul>\n<li>First, show your child how to wet their hands beneath the running water.</li>\n<li>Next, show them how to rub the soap between their hands to work up a lather.</li>\n<li>After that, instruct your child to scrub their hands by moving them back and forth, not forgetting to scrub the webbing between fingers and the backs of the hands.</li>\n<li>Finally, tell your child to rinse their hands under the running water to remove the soap, turn off the tap, and dry their hands on a soft towel.</li>\n</ul>\n"},{"title":"Encourage physical activity.","content":"\n  Limit your child’s screen time and find ways to keep them active.  For instance, go on family bike rides together at the park, or take walks around the park.  Play catch in the yard.  In winter, go ice skating and skiing with your child.\n<ul>\n<li>Make physical activity a family affair to get your child in the habit of exercising.</li>\n<li>Provide your child with opportunities to participate in team sports through community sporting leagues.</li>\n<li>Getting your child in the habit of exercising will help them maintain their health throughout their life.</li>\n</ul>\n"},{"title":"Practice healthy eating habits with your child.","content":"\n Help encourage your child's overall health by teaching them proper nutrition. Encourage them to choose fruits, vegetables, and lean protein. Don't focus on the scale, though. Instead, focus on portion sizes by doing things like reading food labels with them, and encourage them to stop eating when they feel full.<ul>\n<li>Try to avoid demonizing foods like sodas and candies. Instead, be positive about foods like fresh produce and whole grains. Teach your children that sweets are alright in moderation, but that other foods, like veggies, can be eaten more often.</li>\n<li>Keep healthy food in the house. Kids are not going to make healthy choices if they do not have access to tasty, nutritious options.</li>\n<li>Allow kids to be active in their meals. Give them options and let them pick what they want to eat, and allow them to help you in cooking process.</li>\n</ul>\n"},{"title":"Help your child get enough sleep.","content":"\n  If your child doesn’t get enough sleep, they will be more likely to be cranky and moody the next day.  Lack of sleep can also result in an inability to focus in school and an overall lack of energy.  Give your child a regular bedtime so that they will always get the right amount of sleep and wake up fully rested.\n<ul>\n<li>The amount of sleep your child needs depends on its age.  Preschoolers need 11-12 hours of sleep each night.  Primary school-aged children need about 10 hours of sleep.  Teens need between 9-10 hours of sleep.<sup id=\"_ref-18\" class=\"reference trusted\" aria-label=\"Link to Reference 18\"><a href=\"#_note-18\">[18]</a><span class=\"ts_popup trustedsource\" hidden=\"\" id=\"ts_popup_18\" style=\"display: none;\">\n\t<span class=\"ts_close\">X</span>\n\t\t<a class=\"ts_trustworthy\" href=\"/wikiHow:Delivering-a-Trustworthy-Experience\">Trustworthy Source</a>\n\n\t\t<span class=\"ts_name\">Centers for Disease Control and Prevention</span>\n\t\t<span class=\"ts_description\">Main public health institute for the US, run by the Dept. of Health and Human Services</span>\n\n\t\t\t\t<a href=\"#\" class=\"ts_source\" target=\"_blank\" rel=\"nofollow noreferrer noopener\">Go to source</a>\n</span>\n</sup>\n</li>\n<li>Keep your child’s room dark to encourage deeper sleep.</li>\n</ul>\n"},{"title":"Get your child a flu shot.","content":"\n  Influenza (the flu) is one of the most common ailments among children.  A flu shot will prevent the flu and is often included in the back to school checkup.  Without a flu shot, your child is at greater risk of dehydration, sinus infections, pneumonia, and complications related to other conditions like asthma and diabetes.\n<ul>\n<li>Do not insist on getting your child a flu shot if your child had a previous reaction or if they’re not feeling well.</li>\n<li>Your child’s doctor will determine if your child needs a flu shot, but it's ultimately your call.</li>\n</ul>\n"}]}],"questions":[]}