{"meta":{"description":"Actively reading a piece of literature is about gaining more than the simple insight you get from reading. When you actively read, you understand more thoroughly the concepts, the meaning, and the intricate details that add value and volume to the text. It’s the difference between observation and involvement.[1] Try to preview, respond, and review the literature and you’ll be well on your way towards active reading.","title":"Actively Read a Piece of Literature"},"todo_list":[{"title":"Conducting a Preview of the Literature","tasks":[{"title":"Consider your current knowledge of the literature as you read.","content":"\n Analyzing what you already know about the literature and the author could provide key clues towards better active reading.  Knowing the basic concept of the literature or the author may shape your perception about what the author is actually intending to relate.\n<ul>\n<li>Is the author from a specific region of the world?</li>\n<li>Does the author hold a position or stance on a subject that may shape his or her views?</li>\n<li>Is the book a likely response to a current event or related tension?</li>\n<li>Be careful not to make brash connections between the author’s background and the work.<sup id=\"_ref-2\" class=\"reference\" aria-label=\"Link to Reference 2\"><a href=\"#_note-2\">[2]</a><span class=\"ts_popup \" hidden=\"\" id=\"ts_popup_2\" style=\"display: none;\">\n\t<span class=\"ts_close\">X</span>\n\t\t<span class=\"ts_name\">Research source</span>\n\t\t<span class=\"ts_description\"></span>\n\t\t\t\t<a href=\"#\" class=\"ts_source\" target=\"_blank\" rel=\"nofollow noreferrer noopener\"></a>\n\n</span>\n</sup>\n</li>\n<li>A book titled \"Uncertain Future\" written in 1942 is probably about WWII.</li>\n</ul>\n\n"},{"title":"Review the cover.","content":"\n If the piece of literature you are reading is a book, or has a cover with an illustrated title, take a minute to review it. What does the title mean to you? Before continuing, make an inference on what the book will be about. If the book's title is \"Richard III,\" you're in the clear; it's about Richard III. What if, however, the title of the book was \"Much Ado About Nothing?\" That would not be too clear.\n<ul>\n<li>If a character is fiercely displayed on the cover, try to determine the action being taken.</li>\n<li>For a series or sequel, look at the progression from one cover or title to another, and ask yourself what has occurred from book one to two.</li>\n</ul>\n"},{"title":"Survey each chapter before reading.","content":"\n When beginning your actual text reading, make sure to focus on the chapter title/name. Carefully analyze typeface choices like bold and italic words or passages. Ask yourself why these word and design choices would be made in this specific chapter. Asking different levels of questions will help you understand core concepts throughout the text.\n<ul><li>Create questions or guesses about the oncoming chapter’s purpose or perspective.\n<ul><li>\"Willy Loman battles the devil,\" may be about a character's battle versus evil or inner demons.</li></ul>\n</li></ul>\n"}]},{"title":"Responding to the Literature","tasks":[{"title":"React physically and emotionally to key moments.","content":"\n Actively engage physical reactions to critical portions of the book as you would when listening to a friend tell you a face-to-face story. The key is to absorb and ingrain the a portion of the story, so the entire tale is memorable. \n<ul>\n<li>When a villain gains the upper hand, furl your brow in disdain.</li>\n<li>Laugh out loud when something comical occurs.</li>\n<li>Tense your muscles during action, battles, or fights.</li>\n</ul>\n"},{"title":"Be a critical reader.","content":"\n Avoid passive discovery of concepts and story subplots. Engage the literature and analyze underlying intentions. Being a critical reader means you understand the words being read, their meanings, and then you anticipate a likely future.\n<ul>\n<li>Carefully read seemingly insignificant monologues for hints at future revelations.</li>\n<li>Gather clues about characters to determine their potential outcome. If a character constantly drones on about impending doom or death, is the author attempting to hint at their demise?</li>\n<li>When making connections about the future of the literature, ensure your connections are based on content rather than supposition.<sup id=\"_ref-8\" class=\"reference\" aria-label=\"Link to Reference 8\"><a href=\"#_note-8\">[8]</a><span class=\"ts_popup \" hidden=\"\" id=\"ts_popup_8\" style=\"display: none;\">\n\t<span class=\"ts_close\">X</span>\n\t\t<span class=\"ts_name\">Research source</span>\n\t\t<span class=\"ts_description\"></span>\n\t\t\t\t<a href=\"#\" class=\"ts_source\" target=\"_blank\" rel=\"nofollow noreferrer noopener\"></a>\n\n</span>\n</sup>\n</li>\n</ul>\n"},{"title":"Examine how the author proves their point.","content":"\n While identifying major concepts and themes may be a clear objective, noting how the author proves these points is also important. Once you know the main arguments, look in the text for smaller claims that either support or contradict the primary thesis.\n<ul>\n<li>Does the author make assumptions to prove his or her point?</li>\n<li>Are credible characters in the literature providing the evidence? If a doctor declares something a medical emergency, it likely is. If a bystander says the same thing, it could be to mislead a reader.</li>\n</ul>\n"},{"title":"Make notes while reading.","content":"\n Writing notes about specific sections can be an all-encompassing way for you to summarize all your thoughts and questions related to the topic. It could also help you keep complicated details clear in large pieces of literature. Use a variety of techniques so your notes doesn’t get confusing.\n<ul>\n<li>Dog ear pages that have details difficult to remember.</li>\n<li>Use sticky notes or plastic tabs to reference key plot points.</li>\n<li>Make your own spreadsheet of the various characters, families, allies, and enemies.</li>\n<li>Draw flow-charts, pictures, diagrams, and other visual aids to help with learning.</li>\n</ul>\n"},{"title":"Create an annotation system.","content":"\n Make sure to focus on important selections, creating your own system, or legend, to identify the reason for the annotation. Being able to quickly focus on the portions you’d like to isolate will help you maintain focus throughout your review. For instance, if you only want to flip through pages and look for unfamiliar words, you could quickly find the words you’ve circled or underlined. \n<ul>\n<li>Use asterisks to mark curious or interesting selections.</li>\n<li>Use arrows to connect ideas that appear to be related.</li>\n<li>Circling words you don't know, or underlining creative language by the author, can be beneficial to your linguistic and grammatical skills.</li>\n</ul>\n"},{"title":"Write in the margins.","content":"\n Connect to what is going in the selection, or summarize the key point.  Ensure you identify what the section means to you, what you believe it portends, and any overarching themes with which it aligns or contradicts. Use a few key marks in the margins to quickly convey your methods. \n<ul>\n<li>A large question mark could be your way of identifying a section you didn’t understand.</li>\n<li>Mark particularly moving sections, ones which moved you emotionally, with an heart.</li>\n<li>Exclamation points are attention-getters, for those selections that appear contradictory.</li>\n</ul>\n"}]},{"title":"Reviewing the Literature","tasks":[{"title":"Read the first and last paragraphs of each chapters again.","content":"\n Examine how the book opens and how it closes. Look how each chapter starts, ends, and begins anew.  Is there a connection?  Is there a pattern? Does the story come to a complete resolution? Do characters grow? Look for the setup and resolution to problems.\n<ul>\n<li>Improve the process by creating a simply summary at the end of each chapter. Write a few sentences based on what you understood from the reading.</li>\n<li>Don’t try to speed through. Comprehension is lost the faster you read.<sup id=\"_ref-15\" class=\"reference\" aria-label=\"Link to Reference 15\"><a href=\"#_note-15\">[15]</a><span class=\"ts_popup \" hidden=\"\" id=\"ts_popup_15\" style=\"display: none;\">\n\t<span class=\"ts_close\">X</span>\n\t\t<span class=\"ts_name\">Research source</span>\n\t\t<span class=\"ts_description\"></span>\n\t\t\t\t<a href=\"#\" class=\"ts_source\" target=\"_blank\" rel=\"nofollow noreferrer noopener\"></a>\n\n</span>\n</sup>\n</li>\n<li>Look for critical words that imply additional attention. If you see “however” or “conversely,” you know the content is about to change slightly.</li>\n<li>Identify emphasizing words like “always,” “paramount,” and “above all else.”  These words signify something critical to the story or the current dialogue.<sup id=\"_ref-16\" class=\"reference\" aria-label=\"Link to Reference 16\"><a href=\"#_note-16\">[16]</a><span class=\"ts_popup \" hidden=\"\" id=\"ts_popup_16\" style=\"display: none;\">\n\t<span class=\"ts_close\">X</span>\n\t\t<span class=\"ts_name\">Research source</span>\n\t\t<span class=\"ts_description\"></span>\n\t\t\t\t<a href=\"#\" class=\"ts_source\" target=\"_blank\" rel=\"nofollow noreferrer noopener\"></a>\n\n</span>\n</sup>\n</li>\n</ul>\n"},{"title":"Review everything a second time.","content":"\n The literature and your notes should be reviewed as frequently as possible. The first time you read, it’s about familiarization with the story.  Subsequent readings should focus on simpler concepts, meanings behind subtle details.  Some larger texts may be difficult to read completely a second time, but a thorough review is beneficial.\n<ul>\n<li>Reviewing helps keep the text and your notes fresh in memory.</li>\n<li>Regular review may bring about new thoughts as you progress through a work of literature.  Something you believe or think early on, may change as you move through chapters.<sup id=\"_ref-18\" class=\"reference\" aria-label=\"Link to Reference 18\"><a href=\"#_note-18\">[18]</a><span class=\"ts_popup \" hidden=\"\" id=\"ts_popup_18\" style=\"display: none;\">\n\t<span class=\"ts_close\">X</span>\n\t\t<span class=\"ts_name\">Research source</span>\n\t\t<span class=\"ts_description\"></span>\n\t\t\t\t<a href=\"#\" class=\"ts_source\" target=\"_blank\" rel=\"nofollow noreferrer noopener\"></a>\n\n</span>\n</sup>\n</li>\n<li>Create exam questions for yourself based upon whether you gained new insight from the subsequent reading.</li>\n</ul>\n"},{"title":"Recite key details.","content":"\n As often as you can, attempt to lock down important details by reciting them consistently. Whether verbal or written, recitation helps commit facts to memory so that the more complicated or subtle details can be grasped. Once you have these details firmly in hand, everything else plays out as a result.\n<ul>\n<li>Reciting the sequence of events can help with understanding timeline-based tales.</li>\n<li>Complicated literature can be recited on a cause and effect basis. For instance, Romeo attends a ball and falls in love with Juliet. Lord Capulet stops potential bloodshed, and Romeo overhears Juliet’s shared love for him.</li>\n<li>Don’t forget to recite your notes as well as the original content. Translating and converting your notes as you read will help form greater understanding.<sup id=\"_ref-20\" class=\"reference\" aria-label=\"Link to Reference 20\"><a href=\"#_note-20\">[20]</a><span class=\"ts_popup \" hidden=\"\" id=\"ts_popup_20\" style=\"display: none;\">\n\t<span class=\"ts_close\">X</span>\n\t\t<span class=\"ts_name\">Research source</span>\n\t\t<span class=\"ts_description\"></span>\n\t\t\t\t<a href=\"#\" class=\"ts_source\" target=\"_blank\" rel=\"nofollow noreferrer noopener\"></a>\n\n</span>\n</sup>\n</li>\n</ul>\n"}]}],"questions":[{"title":"How can I analyze a piece of literature I'm reading?","content":"Support wikiHow by unlocking this expert answer.\nAs you're reading, ask yourself, \"What just happened?\" Then, follow that question up with, \"What does that mean for the story?\" or \"What does that mean in general?\" Really connect the dots as you go and think about how the text is meaningful."},{"title":"How fast should I be reading?","content":"Support wikiHow by unlocking this expert answer.\nIt's important to read at a pace that allows you to really understand what's going on. Don't try to rush it or go super slow. Read at whatever speed is most comfortable for you."},{"title":"What are the benefits of reading literature?","content":"Support wikiHow by unlocking this expert answer.\nReading a lot can help you gain an appreciation for language and improve your own writing. Through reading, you begin to understand the texture of words, the tone of a story, and your own voice."}]}