{"meta":{"description":"Do you sigh with envy when you find yourself chatting with a guy who seems to have a quote for every occasion from some book or other? Or maybe that girl attracted people's attention because she was able to talk about everything under the sun, saying, \"I read about that once...\" These people are literate - they are probably also charming and skilled at conversation, but the basis of much charm and good conversational skills is... being literate, or well-read. Being literate is not just about knowing how to read - it's about knowing what to read, and how to talk about it when the time comes. Want to know their secrets?","title":"Become Literate"},"todo_list":[{"title":"Steps","tasks":[{"title":"Read.","content":"\n  First, read what interests you.  Maybe you aren't really into big novels - you find them too unnerving, too much.  Instead, why not try magazines at first, or <a href=\"/Get-Into-Manga\" title=\"Get Into Manga\">graphic novels</a>?  Or pick up a book of short stories - read in small, easy to digest bits at first.  But the most important thing you can do is simply commit to reading, even just a little, each day.\n\n"},{"title":"Progress to more challenging reading.","content":"\n  After a month or two of reading a snippet here or there of this or that, try moving up to things that are a little more challenging.  For example, choose a modern classic, like <i>Harry Potter and the Sorcerer's Stone</i> (or Philosopher's, depending on where you live) or one of the Lemony Snicket books.  These are not just for children - they are books that have been read and enjoyed by millions of people.  If you try one of these and still have trouble committing to the longer length of the read, try <i>Reader's Digest</i> - it offers condensed versions of regular books, along with newsy, chatty articles from lots of different magazines.\n"},{"title":"Find a book group.","content":"\n  Once you've begun reading, you will want to talk over the books you're reading.  Lots of people join or form book clubs.  It can be simple - call your sister or brother, or a couple of friends.  Meet for coffee, and there, agree on a book that you will all read.  Meet again a month from that date, and hopefully you will all have finished the book, and can discuss it.  Talking over things you've read can really enhance your experience of the book, as you share with friends the feelings the book evoked, or the fun you experienced as the story unfolded.  Not only that, but a book club keeps you reading - you know you will be talking about this book in just a few days, so you have a goal in mind as you read.\n"},{"title":"Set personal goals","content":"\n<a href=\"/Accomplish-a-Goal\" title=\"Accomplish a Goal\"><b class=\"whb\">Set personal goals</b></a>  Lots of very literate people do what is known as \"parallel reading\" - or reading several books at the same time.  Maybe you will keep one in the bedroom and read for a bit before you sleep each night.  Maybe you will keep one in the bathroom and read there for a while, or one in the den, etc.  Even if you don't wish to get this crazy, you can still set goals, like, \"I want to spend this next year reading classics\" or \"I will read all of Shakespeare's comedies this year, and next year, maybe I'll tackle the tragedies.\"  Even if you don't achieve the entire goal, you will have still read <i>some</i> of what you set out to read.  And that's good. Try setting a time frame within which you want achieve your reading objective.\n"},{"title":"Choose well-known books.","content":"\n  If you enjoy reading offbeat things, that's fine.  But if you want to become more literate in the conventional sense, you will want to choose books others have heard of.  Ask your <a href=\"/Become-a-Librarian\" title=\"Become a Librarian\">librarian</a> to help you.  Reading well-known works has two benefits:  First, it gives you a common frame of reference for things you may hear from lots of other people, and second, it educates you in ways you may not have thought of.  For example:  Most people have heard of \"To Kill A Mockingbird.\" However, if you are illiterate, reading may be hard. Try watching others read. Ask a friend to help you sound out words. Learn the alphabet.  At a party, one of your friends might express distaste for racial bigotry.  While none of your friends are bigots (hopefully), this friend is the one who publicly took a stand against it.  Saying, \"You're the new Atticus Finch\" is a tremendous <a href=\"/Compliment-People\" title=\"Compliment People\">compliment</a> to such a person, plus you will seem very literate saying it.\n"},{"title":"Enjoy reading.","content":"\n<a href=\"/Love-Reading\" title=\"Love Reading\"><b class=\"whb\">Enjoy reading.</b></a> Perhaps your taste runs more to science fiction than to classic literature - there's no shame in that.  Or maybe you like more romantic fare.  There's plenty to be found in literature.  Or maybe you will find that you like English poetry, but are not so crazy about American.  Whatever.  Anything you read makes you a more literate person.  It exposes you to new words, and to ideas from people all around the world, and from different times in our history.  Whatever you like to read, there will certainly be plenty of reading material.  So you aren't a Shakespeare buff, but you know all of Asimov's Laws of Robotics - you're still literate, and you will gain more enjoyment from your choices if you read what you are interested in.\n"}]},{"title":"Starter Reading Lists","tasks":[]}],"questions":[]}