{"meta":{"description":"Encouraging a teen to read the classics can be a challenging prospect due to their increased time commitments, social pressures, and the challenging nature of classic works of literature. Fortunately with a bit of creativity, there are many ways to inspire teens to read the classics.","title":"Encourage a Teen to Read Classic Literature"},"todo_list":[{"title":"Appealing to Their Interests","tasks":[{"title":"Pair their reading interests with the classics.","content":"\n If your teen enjoys reading outside of the cannon, ask them what they are reading and why they like it, then talk about a work of classic literature you enjoy that explores similar topics.\n<ul><li>Present them with that book and say something encouraging, such as, “The way you were talking about vampires in <i>Twilight</i> yesterday reminded me of Bram Stoker's <i>Dracula</i>. Here's the copy that I read when I was your age. I would be curious to hear what you think about it.”</li></ul>\n\n"},{"title":"Share your own favorites with enthusiasm.","content":"\n Describe your favorite scene from a classic you're encouraging them to read. Giving them specific details can entice them to read it themselves.\n"},{"title":"Listen attentively to their literary interests.","content":"\n If you listen attentively as they talk about their favorite book, they will likely become more receptive to your suggestions.\n"},{"title":"Introduce your teen to classic literature through film and television adaptations.","content":"\n Classic novels have the distinction of being constantly adapted for film and TV series. Encouraging a teen to watch a film based on a classic novel might help to introduce them to relevant and recognizable themes in the work, which may make the task of reading it less daunting.\n<ul>\n<li>It can be exciting to have both read a book and watched its film version; few teenagers can resist smugly asserting that the book was better when their peers discuss the film version.</li>\n<li>Some prominent examples of films based on classic literature include William Wyler's adaptation of <i>Wuthering Heights,</i> John Huston's version of <i>Moby-Dick,</i> and Robert Mulligan's version of <i>To Kill a Mockingbird.</i>\n</li>\n<li>Keep in mind that there are many films that borrow loosely from a classic novel rather than adapting it directly. For example, Coppola's <i>Apocalypse Now</i> is based loosely on Conrad's <i>Heart of Darkness.</i> The 2001 comedy <i>Bridget Jones's Diary</i> is a loose adaptation of Jane Austen's <i>Pride and Prejudice.</i> If a teen already enjoys these kinds of films, you may be able to encourage them to read the novels that inspired them.</li>\n</ul>\n"},{"title":"Introduce your teen to audiobooks.","content":"\n Teenagers are constantly listening to music and podcasts, so audiobooks can be a great way to bridge the gap between reading and the media they consume. Audiobooks can also help your teen process the information better if they have trouble concentrating while reading.\n"},{"title":"Help your teen start a book club with friends.","content":"\n They can read the book, then watch the film adaptation, then do a fun activity connected to the book's plot (cooking, playing baseball, etc).\n<ul><li>Alternatively, you could direct your teen toward online reading forums and book discussions. They can get recommendations on classic books that other teens enjoy.</li></ul>\n"},{"title":"Lead your teen towards novels with themes relevant to their life.","content":"\n By leading teens towards novelists who dealt with issues they are likely to be facing - social pressures, bodily anxiety, \"fitting in\" - you may be able to spark their interest in the broader body of classic literature.\n<ul><li>For example, teens reading Dickens' <i>Hard Times</i> may have difficulty applying material about 19th century poverty to their lives. However, they might find the themes of social pressure and anxiety in Salinger's <i>Catcher in the Rye</i> much more applicable.</li></ul>\n"}]},{"title":"Creating the Right Environment","tasks":[{"title":"Teach by example.","content":"\n If your teen sees you curled up with a book, it is more likely they will pursue reading themselves. Talk enthusiastically about the books you are reading. You can create an association between reading and pleasure by simply demonstrating your own genuine enthusiasm for books. Recommend books like <i>Anne of Green Gables</i> by Lucy Maud Montgomery, <i>Little Women</i> by Louisa May Alcott, <i>A Christmas Carol</i> by Charles Dickens, <i>On The Banks of Plum Creek</i> by Laura Ingalls Wilder, or <i>Alice's Adventures in Wonderland</i> by Lewis Carroll.\n"},{"title":"Create an encouraging reading environment.","content":"\n Television and radios that are constantly on can dull attention spans and discourage attentive reading. Make sure your teen has a lamp that makes reading in bed comfortable. Provide them with a bookshelf for their room and encourage them to collect books. Even if teens aren't reading the classics, a conducive home environment will help them to build the literary foundation for approaching those works later.\n"},{"title":"Encourage them to take an online quiz.","content":"\n There are several quizzes with titles such as “Which classic book would be perfect for me?” Involving siblings and friends can help turn this into a fun game. These quizzes are appealing to teens because activities that help them discover “who they are” are particularly interesting to them.\n"},{"title":"Turn reading into a social game.","content":"\n Wrap 10 classic novels and write catchy summaries of the plot on the kraft paper. Invite a handful of your teen's friends over and ask them to choose one. Give a prize to each teen that reads the entire book.\n<ul><li>You may want to have a few extra books in case someone is disappointed by what they chose.</li></ul>\n"},{"title":"Try the 16 before 16 challenge.","content":"\n Your teen must race against time to read 16 classics before they turn 16. If they succeed, they get a prize, something they would really love. This works especially well if the student has siblings and it becomes a family tradition.\n"},{"title":"Make frequent trips to the library with your teen.","content":"\n Libraries often have summer challenges that encourage youth to read with prizes and competitions. Reading will likely become more exciting for your teen if they've set a goal to read a certain number of books over the summer. However, it should be a loose goal, and encourage your teen to be flexible with it.\n<ul>\n<li>Librarians can help your teen find classics that align with their interests.</li>\n<li>Get involved with your local libraries. Public libraries and school libraries often rely on very tight budgets. When libraries are faced with this minuscule funding, they often focus on reference books at the expense of classic novels. Make an effort to help fund your local libraries (including your teen's school library).</li>\n</ul>\n"},{"title":"Take your teen to the bookstore.","content":"\n Libraries and school textbooks often can't offer attractive editions of classic works, but publishers are increasingly paying more attention to book design as they compete with digital book formats. Take your teen to bookstores in your area; they may be inclined to approach classic novels with the help of eye-catching book jackets and cover designs.\n"},{"title":"Foster student-teacher communication.","content":"\n Teachers can provide a wealth of knowledge when it comes to classic literature. Encourage your teen to discuss literature with their teachers and ask for recommendations on classic books."}]},{"title":"Shakespeare Terms Guide","tasks":[]}],"questions":[{"title":"How do I get my teenager interested in reading?","content":"I would recommend introducing them to audiobooks. Audiobooks are especially great for teens who have trouble focusing while reading."}]}