{"meta":{"description":"If you're having trouble getting interested in a new book, there are lots of ways you can help motivate yourself to love reading. If you're given the choice, it's important to choose books about topics or genres that you're interested in. Read in a distraction-free environment and talk to others about the book to help you get excited about reading it. By dedicating time each day specifically for reading, you'll be done with your book in no time.","title":"Get Into Reading a Book"},"todo_list":[{"title":"Staying Interested in the Book","tasks":[{"title":"Create a distraction-free reading environment.","content":"\n Find somewhere calm, quiet, and comfortable for you to read, such as a comfy chair in a sunlit room or in a hammock outside. Put away all technology, such as phones, tablets, computers, and televisions, so that you won't be distracted.\n\n\n"},{"title":"Complete nagging tasks beforehand so your mind can focus on reading.","content":"\n Allowing your mind to wander or daydream while reading won't allow you to truly take in what you're reading and you'll give up more easily. Put aside all thoughts of undone chores or things you'd rather be doing and focus on the book.\n<ul><li>If you need to finish up homework, respond to emails, or do laundry, complete these tasks before sitting down to focus on a book.</li></ul>\n"},{"title":"Take notes to help you remember key characters and other information.","content":"\n If you find yourself forgetting which character is which while reading, start writing down information about the people, places, and events that take place.\n<ul>\n<li>You can also write down your thoughts, reactions, and predictions about the book as you read.</li>\n<li>Keep the notebook and a pen next to you as you're reading.</li>\n</ul>\n"},{"title":"Talk with others about what you read to get new perspectives.","content":"\n Once you start a new book, ask friends, family members, or coworkers if they've read it. If they have, you can talk about the characters, plot lines, or themes to help you get excited and interested in the book.\n<ul>\n<li>If they haven't read the book, you can talk about themes in the book that you find interesting, or characters that remind you of people in your own life.</li>\n<li>Ask friends and coworkers if they have any book suggestions for you.</li>\n</ul>\n"},{"title":"Join a book club to help motivate you.","content":"\n Book clubs will encourage you to read more often so that you can keep up with the book club's picks. You'll get to discuss the book with others and join a community of people who can encourage you to read as well.\n<ul>\n<li>Check the newspaper, classifieds, or social media to see if there is a book club near you.</li>\n<li>Create an informal book club with your friends or coworkers.</li>\n</ul>\n"},{"title":"Read the book aloud or mouth the words to help you focus.","content":"\n If you're having trouble concentrating on the book, try reading it aloud for a few pages. This helps your brain focus entirely on the words and their meaning.\n<ul><li>If you're in a public place and don't want to disturb others, try softly mouthing the words instead of speaking them aloud.</li></ul>\n"},{"title":"Hold a notecard or bookmark under the line you are currently on.","content":"\n This will help you to focus on 1 line at a time and prevent your eyes from wandering down the page. Move the notecard or bookmark down as you complete each line, but not until you have read the last word in the line.  \n"}]},{"title":"Finding the Time to Read","tasks":[{"title":"Set aside at least 20 minutes of dedicated reading time each day.","content":"\n The 20 minutes can be at any point during the day, but try not to split the 20 minutes up into smaller increments. Dedicating 20 minutes each day to reading (and sticking to it) will help turn reading into a habit.\n<ul>\n<li>Set a timer for 20 minutes—or 30 or 40 minutes, if desired—so that you know how long you've been reading.</li>\n<li>If you find yourself wanting to keep reading after the 20 minutes are up, keep going!</li>\n</ul>\n"},{"title":"Read after you wake up as opposed to right before bed.","content":"\n Many times, you'll start reading before going to bed and will only get through a couple of pages before becoming too tired. By reading right after you wake up, you'll be much more alert and will be more interested in the book.\n<ul><li>Try reading both before bed and in the morning to take advantage of down time.</li></ul>\n"},{"title":"Keep a book with you at all times.","content":"\n There are lots of times you could be reading in your spare time, like when you're at the doctor's office, at a park, or waiting for a lunch date to show up. By keeping a book in your purse, car, briefcase, or backpack, you'll be able to read during any free moments you have.\n<ul><li>Reading during things like television commercial breaks will help you make use of even more reading time.</li></ul>\n"},{"title":"Take advantage of travel time.","content":"\n If you take a bus, train, or other type of public transportation to work, bring a book with you to read during the commute. If someone else drives you to school, work, or other activities, use this time to get in some extra pages.\n<ul><li>While you can't read a book if you're driving, you can listen to the book on tape. Listening to an audiobook requires the same mental process as reading a book, so it's fine to do this.<sup id=\"_ref-11\" class=\"reference\" aria-label=\"Link to Reference 11\"><a href=\"#_note-11\">[11]</a><span class=\"ts_popup \" hidden=\"\" id=\"ts_popup_11\" style=\"display: none;\">\n\t<span class=\"ts_close\">X</span>\n\t\t<span class=\"ts_name\">Research source</span>\n\t\t<span class=\"ts_description\"></span>\n\t\t\t\t<a href=\"#\" class=\"ts_source\" target=\"_blank\" rel=\"nofollow noreferrer noopener\"></a>\n\n</span>\n</sup>\n</li></ul>\n"},{"title":"Use technology to fit in extra reading time.","content":"\n There are book apps that you can download on your phone, tablet, or computer, making it easy to read even if you don't have a physical book with you. Peruse the books available on these apps to find one that you're interested in.\n<ul>\n<li>There are many books you can download on apps that are completely free, while others will cost money.</li>\n<li>If you download the app on all of your devices and read it on different ones, most apps will sync together, making it easy to pick up your reading spot no matter which device you're using.</li>\n</ul>\n"}]},{"title":"Selecting Good Books","tasks":[{"title":"Choose books that interest you.","content":"\n If you love non-fiction or books about love stories, look for books that focus on these interests. Selecting books in your favorite genre or that center around a topic you're interested in will make reading the book much easier and more enjoyable.\n<ul>\n<li>For example, sports lovers can look for books on football, sports car racing, or running.</li>\n<li>If you like medieval history, search for books in the historical fiction section that feature medieval characters.</li>\n<li>Do a search online to find great books about your desired topic.</li>\n</ul>\n"},{"title":"Go to your local library for new reads.","content":"\n Visiting the library is a great way to find a broad range of books for free. You can ask a librarian for suggestions and check out books each week to read—just don't forget to return them by the due date.\n<ul><li>If you've never been to your local library, go in and sign up for a library card so that you can start checking out books.</li></ul>\n"},{"title":"Visit used book stores to find good deals on books.","content":"\n While you can always go to a bookstore and buy new books, purchasing them used will help you save money. Look up used book stores in your area, or visit a regular bookstore and shop in the sale section.\n<ul>\n<li>Stock up on books so that you'll always have one to read next.</li>\n<li>Ask an employee for good book recommendations if you're not sure which book to choose.</li>\n</ul>\n"},{"title":"Read up to 3 books at once for a variety of options.","content":"\n Reading multiple books at one time will ensure that there's always something interesting to read. Sometimes you might want to read a different book depending on your mood, and by starting a few at once, you'll always have one that you're interested in.\n<ul>\n<li>If you get tired of reading a mystery, you can switch to a memoir, while a graphic novel might be a good choice for a before-bedtime book.</li>\n<li>Reading multiple books at once doesn't work for everyone, so if you'd rather read one book at a time, this is okay too.</li>\n</ul>\n"},{"title":"Stop reading a book if you're not interested in it.","content":"\n If you're reading a book for pleasure, you want it to be engaging and worth your time. Don't suffer through a book that you don't like just to finish it—give it a chance, and if you don't like it, switch to another book that you do like.\n<ul><li>If the book is part of an assignment and isn't optional, you'll have to power through it.</li></ul>\n"}]},{"title":"Sample Reading Log, Ways to Make Reading Fun, and Book Suggestions","tasks":[]}],"questions":[{"title":"How do I force myself to read a book?","content":"It's difficult to \"force\" yourself to read a book, but hopefully identifying topics and genres that interest you will make reading more enjoyable."},{"title":"Which books should I start reading?","content":"The best books to start reading are books on topics that interest you. When you read things about things that you find compelling, it will likely make reading easier and give you some momentum for that next book."},{"title":"What book should I read as a beginner?","content":"If you are just beginning to read, first identify topics you want to learn more about. Head to a library or do some internet searching to find short stories or articles on that topic and gradually build up to longer and more complex texts."},{"title":"What is the best book to read for beginners?","content":"If you are a beginner at reading and looking for books that are easy to read but beautifully written, here are three books you might enjoy: Paolo Coehlo's The Alchemist, Sandra Cisneros' The House on Mango Street, and Harper Lee's To Kill a Mockingbird."},{"title":"What do I do if I simply do not have time to read?","content":"Listen to audio books. You can do something else at the same time, such as cooking dinner or traveling to work."},{"title":"Can reading make me more intelligent?","content":"Yes, it can. You will be forced to learn new words as you encounter them, and you will increase your knowledge by running into new topics. Also, the more you read, the more examples of good writing you'll have."},{"title":"Is it necessary to read a book?","content":"If you're in school, you will probably have to read some books. In your free time, it's not necessary, but it is ideal to read a book at least once in a while. It can teach you things, expand your vocabulary, exercise your imagination, and help you understand other people/perspectives better. And it's just fun if you get into it."},{"title":"Must you read aloud or soft?","content":"It depends on how you comprehend. If you understand more that way, read aloud when you can."},{"title":"Any time I try to read, I fall asleep, and whenever I force myself to read, I don't understand anything. What can I do?","content":"Try reading easier books; you may be reading books that above your level. Also find recommended books that are on a topic you enjoy reading about."},{"title":"Will reading help with memorization?","content":"Not necessarily."}]}