{"meta":{"description":"Reading has always been an important part of learning and an enjoyable pastime. Reading nooks provide comfortable, quiet places to retreat to and curl up with a good book. They aren't just for reading, either. A nook is great for drawing, writing, or listening to music. A reading nook is the perfect way to set aside a peaceful spot in your room.","title":"Make a Reading Nook in Your Room"},"todo_list":[{"title":"Creating a Reading Nook","tasks":[{"title":"Find a good spot for your nook, such as a corner, alcove, or a box.","content":"\n You may find it necessary to rearrange your bedroom furniture. Doing so will open up spaces that are good potential nooks. Pick a spot that's as quiet as possible. You do not want a lot of loud noises, such as a radio or TV, to disturb your peaceful little getaway.\n<ul><li>The corner of a room or a space near a window make great spots for reading nooks. Though natural light is ideal, you could use lamps in the nook if necessary.</li></ul>\n\n"},{"title":"Decide what kind of seating you want to utilize.","content":"\n Do you want a big fluffy chair that swallows you up? Do you want a chair that you can curl up in? Do you prefer a bunch of pillows on the floor or a beanbag instead? Or do you want a woven bench that doubles as a coffee table and an ottoman?\n<ul><li>Consider how much space you have for seating as well. If you have a lot of room, a chaise lounge will create a luxurious feel. If you don’t have a lot of space, a hanging chair or floor pillows will work well.</li></ul>\n"},{"title":"Brighten up your space with light.","content":"\n Ample light is the perfect way to capitalize on moments of inspiration that might come to you as you read. Find a light that strikes a balance between lighting needs and your level of comfort.\n<ul>\n<li>For daytime reading, nothing beats glorious daylight. If it gets too bright, pull across the curtains to prevent the direct sunlight from beaming onto your reading material.</li>\n<li>For reading at night, a simple lamp will do, as long as it is adjustable. Another option is to buy a desk or floor lamp.</li>\n<li>You could also hang a reading light or globe light above the reading nook.</li>\n</ul>\n"},{"title":"Make it a place of comfort.","content":"\n The most important part of a reading nook is comfort. It must be something that appeals to you and encourages you to curl up in it time after time. Think of softness and textures that delight you. Do not use anything that you do not like or that gives you a feeling of unpleasantness.\n<ul>\n<li>Surround yourself with the things that make you the most comfortable, such as a plush throw or soft pillows.</li>\n<li>Use colors, patterns and textures that make you feel safe and warm.</li>\n<li>To anchor the nook visually, add a small rug to the space. This has the added benefit of a comfortable place to rest your feet.</li>\n</ul>\n"},{"title":"Seclude the reading nook from other parts of the room if possible.","content":"\n This can be as simple as putting a low dresser perpendicular to one wall to give the impression of division, or it can be as complicated as hanging curtains around the nook to create a canopy. The division will give you a sense of ownership of the nook and keep others from invading your private space.\n<ul>\n<li>Treat your nook like a hideaway and keep a snack nearby that’s savory and sweet, like cheddar popcorn with candy corn. Unplug from everything and don’t introduce phone or electronics to your quiet space.<sup id=\"_ref-4\" class=\"reference\" aria-label=\"Link to Reference 4\"><a href=\"#_note-4\">[4]</a><span class=\"ts_popup \" hidden=\"\" id=\"ts_popup_4\" style=\"display: none;\">\n\t<span class=\"ts_close\">X</span>\n\t\t<span class=\"ts_name\">Research source</span>\n\t\t<span class=\"ts_description\"></span>\n\t\t\t\t<a href=\"#\" class=\"ts_source\" target=\"_blank\" rel=\"nofollow noreferrer noopener\"></a>\n\n</span>\n</sup>\n</li>\n<li>Surround yourself and your personal haven with sweet aromas. Purchase a season-themed candle and place it in your nook to help you further unwind.</li>\n<li>To make the space even more tranquil and absorb noise, hang a tapestry on the wall.</li>\n</ul>\n"}]},{"title":"Creating a Canopy Nook","tasks":[{"title":"Start crafting the canopy nook by taking apart the embroidery hoop.","content":"\n The perfect size for an embroidery hoop is about 23 inches (58 cm) and the hoops can be found at any local store that sells crafts. Take the hoop apart and place its hardware pieces in a baggie to keep them from getting lost while you put the canopy together.\n"},{"title":"Slide the curtain fabric onto the embroidery hoop.","content":"\n You’ll need 3 packages of white 110 in × 68 in (280 cm × 170 cm) curtains. Be sure that the casing seam at the top of your curtains are facing the hoop on its inside. Slide all 6 curtain panels around the circumference of the hoop.\n"},{"title":"Secure the hoop back together.","content":"\n Clamp the 2 ends of the embroidery hoop together by inserting the hardware pieces you previously placed in the baggie. Slide curtains over the hoop’s closure and make sure that the curtains are distributed evenly around the circumference of the hoop.\n"},{"title":"Prepare the ribbons that will hang the canopy.","content":"\n Get a spool of off-white ribbon that’s <span class=\"frac nowrap\">1<span class=\"visualhide\">&nbsp;</span><sup>1</sup>⁄<sub>2</sub></span> inches (3.8 cm) x 12 feet (3.7 m). Cut 3 pieces of ribbon about 4 inches (10 cm) long so that the hoop can hang a good distance away from the ceiling. If you want the canopy to hang down even lower from the ceiling, cut the ribbon pieces a little longer.\n<ul>\n<li>Spread the curtains and loop the ribbons around the sides of the hoop.</li>\n<li>The ribbons should be looped onto the hoop every couple of panels so that the curtains are even on each side and the access points are more plainly seen.<sup id=\"_ref-9\" class=\"reference\" aria-label=\"Link to Reference 9\"><a href=\"#_note-9\">[9]</a><span class=\"ts_popup \" hidden=\"\" id=\"ts_popup_9\" style=\"display: none;\">\n\t<span class=\"ts_close\">X</span>\n\t\t<span class=\"ts_name\">Research source</span>\n\t\t<span class=\"ts_description\"></span>\n\t\t\t\t<a href=\"#\" class=\"ts_source\" target=\"_blank\" rel=\"nofollow noreferrer noopener\"></a>\n\n</span>\n</sup>\n</li>\n<li>Tie the ribbons together at the top into a knot.</li>\n</ul>\n"},{"title":"Hang a hook from the ceiling, then hang the canopy from the hook.","content":"\n Hooks are available at most home improvement stores. Hang the knotted ribbon and your canopy curtains over the hook in the ceiling. Spread 2 of the panels to create a door.\n<ul>\n<li>Add pillows to your finished canopy or stuffed animals to give the reading nook some personality.</li>\n<li>These reading nooks can also act as a tent around small armchairs in children rooms and nurseries and can be the perfect place to read to your child while they’re in your lap.</li>\n</ul>\n"}]},{"title":"Creating a Closet Nook","tasks":[{"title":"Make sure the closet is perfect to use to create your nook.","content":"\n If your room is too tight to accommodate a canopy nook, a closet nook is a great alternative. Your closet should have a great size, location, and should be optional for use.\n"},{"title":"Prepare your closet for the nook.","content":"\n Empty the things out of the closet, take out your shelving, wash down your walls, and vacuum the floors. Make a base by constructing a bench seat out of plywood, using lag bolts to secure the seat to the studs.\n"},{"title":"Construct some texture in your reading nook.","content":"\n Install 1 in × 4 in (2.5 cm × 10.2 cm) pine wood boards as paneling three-quarters of the way up the wall. On the right side of the closet, install 2 of those 1 in × 4 in (2.5 cm × 10.2 cm) pine wood pieces on the right side of the closet as 2 floating shelves. Attach the wood to the closet with power grab adhesive glue or finishing nails.\n<ul><li>You can also hang items on the wall, such as a dream catcher or macrame tapestry. Or, frame pages from vintage books or quotes that inspire you to create a mini gallery wall.</li></ul>\n"},{"title":"Include a light source.","content":"\n If the closet has an overhead light, that would work well. If not, add a reading lamp or hang a couple sconces. You could even put up string lights or Christmas lights for a fun, whimsical touch.\n"},{"title":"Choose a color theme for your nook.","content":"\n Paint the remaining quarter above the paneled section with the color of your choice. Stain the wood with wood stain to preserve it and give it more of a polished look. Paint the shelves, borders, and bench white.\n"},{"title":"Add personal touches to make the space special.","content":"\n Place a cushion, a warm throw, and throw pillows on the bench for comfort inside your nook. Put some books up to line the shelves you’ve installed and some books in a couple of wicker baskets for decoration.\n<ul>\n<li>For children’s nooks, consider using different toys to help you decorate the space. Include stuffed animals, toy cars, a flashlight, etc.<sup id=\"_ref-16\" class=\"reference\" aria-label=\"Link to Reference 16\"><a href=\"#_note-16\">[16]</a><span class=\"ts_popup \" hidden=\"\" id=\"ts_popup_16\" style=\"display: none;\">\n\t<span class=\"ts_close\">X</span>\n\t\t<span class=\"ts_name\">Research source</span>\n\t\t<span class=\"ts_description\"></span>\n\t\t\t\t<a href=\"#\" class=\"ts_source\" target=\"_blank\" rel=\"nofollow noreferrer noopener\"></a>\n\n</span>\n</sup>\n</li>\n<li>Create themes centered around favorite novels to add to the reading theme. Include cloaks or wands if you are a big Harry Potter fan or a makeshift Narnia with a snow white color palette and a stuffed lion.<sup id=\"_ref-17\" class=\"reference\" aria-label=\"Link to Reference 17\"><a href=\"#_note-17\">[17]</a><span class=\"ts_popup \" hidden=\"\" id=\"ts_popup_17\" style=\"display: none;\">\n\t<span class=\"ts_close\">X</span>\n\t\t<span class=\"ts_name\">Research source</span>\n\t\t<span class=\"ts_description\"></span>\n\t\t\t\t<a href=\"#\" class=\"ts_source\" target=\"_blank\" rel=\"nofollow noreferrer noopener\"></a>\n\n</span>\n</sup>\n</li>\n</ul>\n"}]}],"questions":[{"title":"I have no space anywhere in my house so how do I create a reading nook that I would be comfortable in? Also, where would I put it since I have a giant table in my room?","content":"You can create a makeshift creating nook. If you have a chair in your room or a corner you can utilize, then you can use that area. Get a basket with all the things that make it feel cozy; pillows, a reading light, floor pillows, etc., and have them ready for when you want to transform that space into a reading nook. Then, you can put it all back in the basket when you are finished."},{"title":"My bed is huge and I share another huge bed with my sister. I have no free closets, but two corners in my room. I can't fit any furniture in my room except a small chair. How can I make a reading nook?","content":"You can use the small chair or you can use pillows and cushions. You could even use the pillows from your bed to temporarily put on the floor when you want to use it as a reading nook."},{"title":"If I put my nook in a closet, should I close the door?","content":"It depends whether you have sufficient light or if you are claustrophobic. As long as you have some light in there (at least a torch or reading lamp) and you feel comfortable being enclosed in that space, then it's fine."},{"title":"What do I do if my room is to small for a reading nook where else would you recommend?","content":"A nook doesn't have to be extravagant. A great way to create a nook in a small room is by making a canopy. Another way is to use either your closet or a nearby pantry in your home."},{"title":"I have a small room and can't add anything into it at all. How can I make a nook in the small space I have?","content":"i would recommend making/buying a canopy and hanging it over your bed from the ceiling. That way, you have a nice, private spot for reading, without taking up much space and you can remove it whenever you want."},{"title":"I share a room with my sister so there's no space there, and most of my house has wooden floors. I literally have nowhere to put a nook. What should I do?","content":"Maybe you could find a comfortable, private space outside to read or put an area rug down in another part of your house. Or you could get bed risers and go under your bed, thus keeping your nook in your bedroom."},{"title":"What can I do if I have a very small room, and my furniture won't fit in my room any other way?","content":"Try creating a temporary nook by pulling a quilt off your bed and then stuffing it against a corner of the room. If you have a wide windowsill, you could just make your nook there."},{"title":"I have no room and I am only nine-years-old. How can I get the perfect book nook if I cannot craft, buy, or decorate things?","content":"Is there a spare closet somewhere in your home? Otherwise, maybe your parents or a sibling would allow you to use some space in their room. You could also start a reading club with a friend and help them create a nook in their room. Everyone can craft, get creative!"},{"title":"What do I do if my parents only let me have a small spot?","content":"Then dress up that small part of the room as best you can to make it comfortable, and take whatever book you want to read there with you."},{"title":"What are some places in your bedroom that are good reading spots?","content":"In a closet or corner, or beside your bed are good places for a reading nook."}]}