{"meta":{"description":"Reading multiple books concurrently isn't for everyone, but sometimes it's helpful to take in a lot of information quickly or to let your mind enjoy varied genres at once. Switching between books keeps each book fresh and it can be a good way to compare them. It can even help you decide what to read if you're not sure.","title":"Read Several Books at Once"},"todo_list":[{"title":"Steps","tasks":[{"title":"Make time to read","content":"\n<a href=\"/Make-Time-to-Read-a-Book-when-You%27re-Busy\" title=\"Make Time to Read a Book when You're Busy\"><b class=\"whb\">Make time to read</b></a> If you cannot get through even one book at a time, starting several at once is only going to make the whole process slower. Even if you can only spend a few minutes per day reading, you can still switch on and off between different books.\n\n"},{"title":"Select several books according to your interests and your reasons for reading them.","content":"\n\n<ul>\n<li>The books may be related or unrelated, depending on your purpose. If you are researching a particular subject, they will probably be related. If you are reading for fun, the books may be any assortment you wish.</li>\n<li>Choose books that draw you in. It will be easier to come back to a book you enjoy.</li>\n</ul>\n"},{"title":"Sample each book.","content":"\n You can read the beginnings (one at a time), or you can pre-read. Look at the <a href=\"/Write-a-Table-of-Contents\" title=\"Write a Table of Contents\">table of contents</a>, and read or skim the summaries, introductions, and prefaces.\n"},{"title":"Start reading each book while your attention for it is fresh.","content":"\n  Try to start the day you bring it home or the day you begin a project. Use your fresh interest to read a larger portion of a new book in the first sitting or sittings. Thoroughly engage with and commit to reading each book in turn. <a href=\"/Be-Well-Read\" title=\"Be Well Read\">Reading</a> more the first time will also give you a good head start.\n<ul><li>You need not start several books at the same time to read them concurrently. Instead, try laddering them, getting well into the first before starting the next.</li></ul>\n"},{"title":"Scatter books around.","content":"\n Leave one on your nightstand, one by the breakfast table, and another in your bag. Read whichever book is nearby when you are there. Match the book to the focus or mood you usually have when you visit a certain place.\n<ul><li>Place one in your home bathroom in easy reach of the toilet, especially if it's nonfiction with a lot of short subtopics. You'll be surprised at how often you read in the bathroom. Don't put it where the shower will get it wet though and be careful if you read during soaking baths to have a towel handy to dry your hands while handling pages. You might want a short reading stand next to a bathtub.</li></ul>\n"},{"title":"Mix books of different types and formats.","content":"\n Listen to an audio book in the car, keep a paperback or e-book in your purse, have e-books on your <a href=\"/Buy-an-iPad\" title=\"Buy an iPad\">iPad</a>, etc. Depending on your purpose, choose books of different subjects and difficulties, so that you'll have choices for different places and moods. Reading about different topics will help you keep straight which book is which.\n<ul>\n<li>Your mind can cope well with associating different books being read within the same time period but in different places. So, have books for the bus or train to and from work, books for bedtime, books for the hammock afternoon, and books for moments when you need instructions, such as cookbooks.</li>\n<li>Keep in mind that reading a politically charged tome at bedtime will be more effort than a lightweight genre read. Another good reason for having several books on the go at once! Good bedtime choices include rereading old favorites - when you know how it ends, it's easier to set it down when you finally drowse.</li>\n</ul>\n"},{"title":"Have a time line in mind","content":"\n<a href=\"/Keep-a-Calendar\" title=\"Keep a Calendar\"><b class=\"whb\">Have a time line in mind</b></a> If no <a href=\"/Find-Books-in-a-Library\" title=\"Find Books in a Library\">library</a> or project <a href=\"/Get-Things-Done-Fast\" title=\"Get Things Done Fast\">due date</a> is built into your reading choices, notice when you begin each book and pay attention to your progress. Use this awareness of time to keep yourself relatively focused.\n"},{"title":"Don't ignore any book so long that you lose the story or forget where you were.","content":"\n The books you read concurrently must compete for your attention. If a book interests you much less than others, change your approach. Read that book separately. Read that book alongside others of a similar interest level. Or, consider dropping the book altogether.\n"},{"title":"Make sure to mark your place when you stop.","content":"\n Read an entire chapter or section at a time whenever possible, or at least find a good stopping place.  Reading an entire section in a sitting will help you keep continuity when you skip from book to book.  Reading one or two shorter sections of a book per sitting can also help you understand difficult or complex writing better.\n"},{"title":"Let your focus and preferences guide you.","content":"\n  If you find yourself drawn into a book and feel like continuing for longer, go ahead.  Read whichever book you are in the mood to read at a given moment.\n"},{"title":"Get through a difficult book","content":"\n<a href=\"/Read-a-Boring-Book\" title=\"Read a Boring Book\"><b class=\"whb\">Get through a difficult book</b></a>  Let yourself read the fun book for a while when you get through part of the difficult book.\n"},{"title":"Take notes","content":"\n<a href=\"/Take-Notes-on-a-Book\" title=\"Take Notes on a Book\"><b class=\"whb\">Take notes</b></a>\n"},{"title":"Try to read endings in longer sittings and spend less time in other books.","content":"\n  Endings in fiction are often the most intense part of the story.  In nonfiction, they usually contain summaries, conclusions, and other important information.  Either way, try to read with more continuity near the end.\n"},{"title":"Finish books.","content":"\n  However many books you choose to read at a time, make sure to continue to read the important ones until you finish with them.\n"}]}],"questions":[{"title":"How many books is best to read at once?","content":"It really depends on you. Some people can read five at a time, others have trouble keeping up with just one. If you're new to reading multiple books, start off with two at once and see how it goes, making sure you're actually absorbing the material. Don't focus too much on the quantity, just see what works for you, and make sure you're enjoying the reading."},{"title":"Can I read two books at once if I place them side by side?","content":"I don't recommend it. If you tried, you'd probably get confused and fail to retain any of the information."},{"title":"Can I read two book series at once?","content":"Yes, if you want to. I usually alternate between two series at once - I read one or two books from the first series, then one or two from the second, then the next book in the first series, then the next in the second, etc."}]}