{"meta":{"description":"Email is a primary method of communication today. Emails are sent and received for business and personal purposes. Almost everyone has at least one email address, and sometimes your inbox can accumulate many email messages in the course of a day. You can read email at home or while traveling, thanks to smartphones and laptops.","title":"Read Email"},"todo_list":[{"title":"Using a Browser","tasks":[{"title":"Log into your email provider's website.","content":"\n If you've ever created a free email account, or you have an email account through your internet service provider, you can check your email using your web browser. Open the website that you use to log into the email account. For example, if you have a Gmail account, visit <samp style=\"padding-left:0em; padding-right:0.1em; color: #666666;\">mail.google.com</samp>, or if you have Comcast internet visit <samp style=\"padding-left:0em; padding-right:0.1em; color: #666666;\">comcast.net</samp> and click the Email button.\n<ul><li>You will need to log in with the account you have with that service. If you don't have an account, you can <a href=\"/Make-an-Email-Address-for-Free\" title=\"Make an Email Address for Free\">create one</a> from a variety of free email services.</li></ul>\n\n"},{"title":"Find an email to open.","content":"\n When you log into your email account, you will be taken to your inbox. This is where all of your new email messages appear. Double-click a message in your inbox to open it.\n"},{"title":"Reply to a message.","content":"\n Click the \"Reply\" button to send a response to an email you have received. The Reply function varies from service to service. Some services such as Gmail allow you to start typing your reply in the same screen as the original message, while other services require you to click the \"Reply\" button or link to compose your message.\n"},{"title":"Check your \"Spam\" folder occasionally.","content":"\n Spam email is primarily advertising and scam email messages. Most email services have spam filters which automatically detect and remove spam before it reaches your inbox. These messages are moved to the Spam folder, where they typically sit for 30 days before being deleted. Check the folder occasionally, as sometimes legitimate mail gets flagged and sent to the Spam folder.\n"},{"title":"Delete or sort read messages.","content":"\n If you don't take the time to manage your inbox, you will soon be drowning emails. After you read an email and apply to an email, either sort it into a folder or delete it from your inbox. This will help keep you organized.\n<ul><li>See <a href=\"/Create-a-New-Folder-in-Gmail\" title=\"Create a New Folder in Gmail\">this guide</a> for details on organizing your Gmail inbox.</li></ul>\n"},{"title":"Don't click any unknown links.","content":"\n Email is one of the most popular ways to try to scam and \"phish\" (trick people into giving out personal information). Any email offer you read that sounds too good to be true most likely is. Never click links unless you trust the sender, and even then its best to be cautious, as viruses on the sender's computer can cause them to send infected emails without knowing.\n"}]},{"title":"Using an Email Client (Outlook, Thunderbird)","tasks":[{"title":"Connect your email account.","content":"\n Most email accounts can be linked to an email client installed on your computer, which allows you to download and organize your email messages. Many people prefer using Outlook or another mail client to using a browser, since it allows for offline reading.\n<ul>\n<li>See <a href=\"/Set-up-Microsoft-Outlook\" class=\"mw-redirect\" title=\"Set up Microsoft Outlook\">this guide</a> for connecting your email account to Outlook.</li>\n<li>See <a href=\"/Set-up-Mozilla-Thunderbird\" title=\"Set up Mozilla Thunderbird\">this guide</a> for connecting your email account to Mozilla Thunderbird.</li>\n</ul>\n"},{"title":"Download your email from the server.","content":"\n Outlook automatically downloads email messages when you start it, and will check at regular intervals when Outlook is running. You can also manually check by clicking the \"Send/Receive\" button.\n"},{"title":"Read your email.","content":"\n Single-clicking an email opens the preview. Double-click an email in your inbox to open it. This will open the email in a new window. If the email was a reply to another email, the earlier versions will be listed below the body of the message.\n"},{"title":"Reply to your emails.","content":"\n Click the \"Reply\" button to <a href=\"/Write-an-Email\" title=\"Write an Email\">compose a reply</a> to the message you are reading. Click the \"Send\" button when you are finished and ready to send it off. When you send an email, it is typically sent immediately.\n"},{"title":"Sort your messages.","content":"\n Outlook allows you to create folder directories to store your messages. <a href=\"/Manage-Your-Outlook-Email-Effectively\" title=\"Manage Your Outlook Email Effectively\">Create folders and subfolders</a> to store important messages and keep your inbox clean.\n"},{"title":"Don't click any unknown links.","content":"\n Email is one of the most popular ways to try to scam and \"phish\" (trick people into giving out personal information). Any email offer you read that sounds too good to be true most likely is. Never click links unless you trust the sender, and even then its best to be cautious, as viruses on the sender's computer can cause them to send infected emails without knowing.\n"}]},{"title":"Using Your Mobile Phone or Tablet","tasks":[{"title":"Connect your email account to your phone.","content":"\n Most smartphones allow you to sign into your email account and automatically receive your email messages using the built-in Mail app. You will receive notifications when messages are received.\n<ul>\n<li>See this guide for instructions on connecting an email account to an iOS device.</li>\n<li>See <a href=\"/Set-Up-Email-Account-on-an-Android-Device\" title=\"Set Up Email Account on an Android Device\">this guide</a> for instructions on connecting an email account to an Android device.</li>\n</ul>\n"},{"title":"Download your email service's dedicated app.","content":"\n Some email services, such as Gmail, have dedicated apps for their email service. You can use this app instead of using your device's default Mail app. The Gmail app may be preinstalled on Android devices, but it can be <a href=\"/Set-Up-Gmail-on-an-iPhone#Using_the_Gmail_App_sub\" title=\"Set Up Gmail on an iPhone\">downloaded for free</a> from the iOS App Store or Google Play Store.\n"},{"title":"Open your inbox.","content":"\n You can access your inbox by opening your Mail app, or you can open new mail directly by selecting it from the notifications area of your device.\n"},{"title":"Reply to your messages.","content":"\n Tap the Reply button to send a message back to the sender. Some device's will add a line to the end of your message indication that it was sent from a mobile device (this can be turned off).\n"}]},{"title":"Reading Email Headers","tasks":[{"title":"Understand how headers are added.","content":"\n Headers take data every time the message is sent and received. This means that messages that have gone back and forth can contain extremely long headers, as information is added each time it is sent, received, sent back, received again, and so on.\n"},{"title":"Parse basic information.","content":"\n There are several entries that are likely to be of the most interest to the average user. Reading these gives you a run down of where the email was sent and how long it took. This can be useful for dealing with connection issues or for determining where an email originated from.\n<ul>\n<li>Delivered-To: This is the address that the email was sent to.</li>\n<li>Received: This shows the IP address that received the email message (the recipient's email service) as well as the time.</li>\n<li>Return-Path: This is the address that sent the message.</li>\n<li>Message-ID: Shows a unique number to identify the message.</li>\n<li>From, Subject, To: This is the information entered by the sender. It shows the sender's name, the email subject line, and the recipient's name.</li>\n</ul>\n"}]}],"questions":[{"title":"How do I get emails?","content":"Create an email address with Google or another email server, then email other people or give out your email address to receive mail."}]}