{"meta":{"description":"The Ogham stones refer to stone monuments inscribed with messages from ancient Celtic tribes. The messages are all in Ogham, which is the earliest form of Irish language. These 400 stones are sprinkled around the coasts of the Irish Sea in Ireland, Wales, England, and the Isle of Man. Unless you’re fluent in ancient forms of Gaelic, reading the stones will prove fairly difficult. However, if you’re patient and have a keen eye, you can translate each stone to a legible form of Primitive Irish and translate that into your language.","title":"Read Ogham Stones"},"todo_list":[{"title":"Facing the Stone and Orienting Yourself","tasks":[{"title":"Read the stone from the bottom to the top if it’s vertical.","content":"\n If the Ogham stone sits vertically in the ground, start on the bottom and work your way to the top. Look for the lowest mark available and work your way up. Any gaps in the markings indicate the separation of a word, although you may need to separate them yourself after you translate it if the marks are close together.\n<ul><li>Many of these stones are weathered away from centuries of erosion. You may only be able to figure out what some of the message means.</li></ul>\n\n"},{"title":"Go from the right to the left if the stone is horizontal.","content":"\n Horizontal stones tend to be much harder to read. For one, they tend to be more worn down than the vertical stones. In addition, it’s hard to figure out which side is the right and which side is the left since you can stand on either side. If you’re near water, assume that you face the water to read the stone.\n\n<ul>\n<li>If the stone is embedded next to a hill or large rock, assume you read the stone by facing the geological feature it’s next to.</li>\n<li>If you translate a horizontal stone and the message simply doesn’t make sense, you may have stood on the wrong side of the stone. Unfortunately, there’s no way around this.</li>\n</ul>\n"},{"title":"Find the guideline by looking for the longest line in the middle of the hash marks.","content":"\n Every Ogham inscription is placed along a single line that guides the sentence. Look for a long, thin line carved into the stone. On a vertical stone, this line starts on the ground and goes up. On a horizontal stone, it will run the length of the stone.\n<ul>\n<li>This line is sort of like the line on a piece of notebook paper that guides a sentence.</li>\n<li>Many of the Ogham stones use a corner as the vertical line that guides the inscription. If the marks are on a sharp edge of the stone, treat the entire corner as the line you need.</li>\n<li>Letters in Ogham are determined based on their relationship to this line. For example, a single mark going to the left of the line is the letter H, while a single line going right of the line is a B. A single line that goes both right and left of the line is actually an A.</li>\n</ul>\n"},{"title":"Write the letters down as you read the stone.","content":"\n To translate the stone yourself, grab a notebook and a pencil. It is much easier to write the letters down as you work and separate them later for translation. If you’re in a time crunch, you can draw the entire carving and translate the drawing later.\n<ul>\n<li>If you’re on vacation with your family, they probably aren’t going to be happy about you sitting in front of a stone for 20 minutes to translate a 1500-year-old burial stone. These readings can take some time.</li>\n<li>You can always take a photo if you’re really in a rush.</li>\n</ul>\n"}]},{"title":"Deciphering the Letters","tasks":[{"title":"Treat changes in the pattern as new letters and spaces as new words.","content":"\n Some of the stones have gaps between each set of markings. Treat these gaps as new words. You can find where a new letter starts by looking for a change in the pattern. Every letter in Ogham is a series of repetitive marks (or a single mark), so if the pattern changes, it’s a new letter.\n\n<ul><li>If there are no spaces, you’ll need to do some guessing when it comes to separating the letters out into individual words.</li></ul>\n"},{"title":"Look for horizontal hash marks that stick out right for N, S, F, L, and B.","content":"\n If you see any sets of straight horizontal marks sticking out of the right of the central guideline carved in the stone, count how many hash marks appear next to one another to determine the letter. Keep in mind, the hash marks must form a 90-degree angle (or close to it) off of the main line on the stone.\n<ul>\n<li>One mark – B</li>\n<li>Two marks – L</li>\n<li>Three marks – F</li>\n<li>Four marks – S</li>\n<li>Five marks – N</li>\n</ul>\n"},{"title":"Use horizontal marks that go left to note Q, C, T, D, and H.","content":"\n You will also note several horizontal marks that stick out to the left of the main line. Again, these marks must form 90-degree angles to the central line guiding the message.\n<ul>\n<li>One mark – H</li>\n<li>Two marks – D</li>\n<li>Three marks – T</li>\n<li>Four marks – C</li>\n<li>Five marks – Q</li>\n</ul>\n"},{"title":"Note lines that run at an angle to find R, Z, NG, G, and M.","content":"\n Some of the hash marks are not perfectly perpendicular to the central line. These marks rest at an angle on the central line, although they’ll always run in the same direction parallel to one another. These slanted marks always extend all the way through the center line.\n<ul>\n<li>One mark (at an angle) – M</li>\n<li>Two marks (at an angle) – G</li>\n<li>Three marks (at an angle) – NG</li>\n<li>Four marks (at an angle) – ST (or Z)<sup id=\"_ref-9\" class=\"reference\" aria-label=\"Link to Reference 9\"><a href=\"#_note-9\">[9]</a><span class=\"ts_popup \" hidden=\"\" id=\"ts_popup_9\" style=\"display: none;\">\n\t<span class=\"ts_close\">X</span>\n\t\t<span class=\"ts_name\">Research source</span>\n\t\t<span class=\"ts_description\"></span>\n\t\t\t\t<a href=\"#\" class=\"ts_source\" target=\"_blank\" rel=\"nofollow noreferrer noopener\"></a>\n\n</span>\n</sup>\n</li>\n<li>Five marks (at an angle) – R</li>\n</ul>\n"},{"title":"Spot I, E, U, O, and A by looking for horizontal marks that bisect the guideline.","content":"\n If a horizontal line runs all the way through the center line (i.e. to the right and left), it is a vowel. Luckily, the Romanized vowels of Primitive Irish are identical to English which makes translating a little easier. Keep in mind, these lines must sit at a 90-degree angle on both sides of the center line.\n<ul>\n<li>One mark – A</li>\n<li>Two marks – O</li>\n<li>Three marks – U</li>\n<li>Four marks – E</li>\n<li>Five marks – I</li>\n</ul>\n"},{"title":"Treat dots that appear on the guideline as alternative ways to write vowels.","content":"\n On many of the Ogham stones, the original author used dots instead of lines to indicate vowels. If you see some round notches etched into the center line, treat these dots like vowels. On a handful of stones, the dots appear next to the center line.\n<ul>\n<li>One dot – A</li>\n<li>Two dots – O</li>\n<li>Three dots – U</li>\n<li>Four dots – E</li>\n<li>Five dots – I</li>\n</ul>\n"},{"title":"Interpret the runic symbols as vowel groupings and use both letters.","content":"\n Ogham only uses lines and dots to produce letters, but many of the older Ogham stones contain symbols that do not conform to the alphabet. These symbols relate to pronunciations or vowel groups, and they are often used as shorthand for names. Include both vowels in your translation.\n<ul>\n<li>An X carved over the center line – EA</li>\n<li>A square bisected on opposite corners by the center line – OI</li>\n<li>A sequence of 90-degree angles forming a curl – UI</li>\n<li>Two sets of parallel lines sticking out of the center line and crossing – IA</li>\n<li>A checkerboard pattern – AE</li>\n</ul>\n"}]},{"title":"Translating the Ogham","tasks":[{"title":"Search each individual word online to decode what it means.","content":"\n Once you’ve converted the entire sentence into Primitive Irish, look each word up in a search engine to find what it means in your language. Unfortunately, there are no reliable Primitive Irish translation tools online, so you’ll have to look each word up individually.\n<ul>\n<li>There is a formula you can use to convert the letters to Basque (a language in Europe) and look the definitions up in a complete dictionary, but this is kind of complicated. It’s much easier to search the word on its own.<sup id=\"_ref-14\" class=\"reference\" aria-label=\"Link to Reference 14\"><a href=\"#_note-14\">[14]</a><span class=\"ts_popup \" hidden=\"\" id=\"ts_popup_14\" style=\"display: none;\">\n\t<span class=\"ts_close\">X</span>\n\t\t<span class=\"ts_name\">Research source</span>\n\t\t<span class=\"ts_description\"></span>\n\t\t\t\t<a href=\"#\" class=\"ts_source\" target=\"_blank\" rel=\"nofollow noreferrer noopener\"></a>\n\n</span>\n</sup>\n</li>\n<li>Some words are unknown and have not been completely translated.</li>\n</ul>\n"},{"title":"Look for words “maqi” or “mucoi” to note memorials to the dead.","content":"\n Most of the Ogham stones are memorials to the dead. The Celtic people that used Ogham are thought to have erected these stones for funerary purposes. You’ll often find “maqi,” which means “son of” or “mucoi,” which roughly means “of the tribe.” If you spot either of these words, you’re looking at a burial stone!\n<ul>\n<li>You may also stumble on “maqiritte,” which is a combination of “son” and “stone.” It roughly translates to “the stone of…”</li>\n<li>Some of the stones have odd inscriptions or phrases. One stone reads, “To compare with the name of the horse.”<sup id=\"_ref-16\" class=\"reference\" aria-label=\"Link to Reference 16\"><a href=\"#_note-16\">[16]</a><span class=\"ts_popup \" hidden=\"\" id=\"ts_popup_16\" style=\"display: none;\">\n\t<span class=\"ts_close\">X</span>\n\t\t<span class=\"ts_name\">Research source</span>\n\t\t<span class=\"ts_description\"></span>\n\t\t\t\t<a href=\"#\" class=\"ts_source\" target=\"_blank\" rel=\"nofollow noreferrer noopener\"></a>\n\n</span>\n</sup>\n</li>\n</ul>\n"},{"title":"Treat every word with no translation as a name.","content":"\n If you cannot find the meaning of a word you translated, the odds are extremely high that it is someone’s name. It may also be the name of Celtic family or tribe if it appears after the word “mucoi.” Assume these unfamiliar words are names.\n\n<ul><li>Often, the names are Gods. The word “lugaddon” appears often on the stones. This is a reference to Lugh, a warrior God in Irish mythology.</li></ul>\n"},{"title":"See if the stone you found has a full translation online to check your work.","content":"\n Many of the stones have been fully translated, and you can find the full text in your language in a reference work online. Search online for the stone that you found by typing in the location followed by the phrase “Ogham stone.” If any scholars have translated it, you’ll be able to check your work and see how close you got!\n<ul><li>Some of the stones have not been translated. They’re either too worn down, or the original author wasn’t very careful with their carving.</li></ul>\n"}]},{"title":"Finding Ogham Stones","tasks":[{"title":"Look for the stones in southern Ireland if you’re seeking them out.","content":"\n The largest concentration of Ogham stones is in southern Ireland. Roughly 360 of the stones are found in Ireland, while the other 40 or so are spread across the coasts of England, Wales, and the Isle of Man. If you really want to see the stones, Ireland is hands down your best bet.\n\n<ul><li>The stones outside of Ireland are mostly older and were mainly carved between 800-1100 CE.</li></ul>\n"},{"title":"Visit Stone Corridor in Cork for the largest museum collection.","content":"\n The biggest catalogued collection of stones is at the University College of Cork, in the city of Cork. The school maintains a collection of 20 stones, which can be found in a hallway on the western side of the campus. Stop by the university to take a look.\n<ul><li>You can also call the university to see if they offer guided tours.</li></ul>\n"},{"title":"Go to the Dingle Peninsula in Kerry to find the stones yourself.","content":"\n The single largest collection of unexcavated stones is found in Corca Dhuibhne, also known as the Dingle Peninsula, which is in County Kerry. Roughly 60 stones are found here, but there are hundreds of other megaliths and ancient monuments as well. If you’re going relic seeking on your own, this is hands down the best place to find some ancient artifacts!\n<ul><li>If you’re staying in Ireland specifically to go look at artifacts in the Dingle Peninsula, the port town of Dingle is a great place to stay. If larger cities are more your vibe, stay in Tralee, which is a popular tourist spot just outside of the peninsula.</li></ul>\n"},{"title":"Keep an eye out for tall stones with horizontal hash marks on them.","content":"\n In your travels, look for large stone tablets embedded in the ground. The Ogham stones are all different, but most of them are 8–14 feet (2.4–4.3 m) tall. If you spot a stone sticking out of the ground, look to see if it has horizontal lines carved all over it. If it does, you just found an Ogham stone!\n<ul>\n<li>Some of the stones sit horizontally on the ground, but the vast majority of them are planted vertically.</li>\n<li>A handful of the stones have signs or placards next to them, so keep an eye out for modern signs set up near large stones as you’re traveling around. However, many of the stones are just sitting out in nature.<sup id=\"_ref-25\" class=\"reference\" aria-label=\"Link to Reference 25\"><a href=\"#_note-25\">[25]</a><span class=\"ts_popup \" hidden=\"\" id=\"ts_popup_25\" style=\"display: none;\">\n\t<span class=\"ts_close\">X</span>\n\t\t<span class=\"ts_name\">Research source</span>\n\t\t<span class=\"ts_description\"></span>\n\t\t\t\t<a href=\"#\" class=\"ts_source\" target=\"_blank\" rel=\"nofollow noreferrer noopener\"></a>\n\n</span>\n</sup>\n</li>\n<li>Unfortunately, it can be hard to find maps of where the stones are located. You can search online to see if there are any stones in the county or area where you’re staying, though!</li>\n</ul>\n"}]}],"questions":[]}