{"meta":{"description":"Learning to read email headers is a skill used when trying to determine the path an electronic message follows from the sender to the recipient. This skill can be applied in several facets, from protecting someone's children from harmful emails to helping an email provider recognize SPAM emails, to aiding in recognizing a scam or virus delivered by email. The information which follows describes what each common tag in an email header represents, and how the information may be useful to recipients and senders alike.","title":"Read Email Headers"},"todo_list":[{"title":"Steps","tasks":[{"title":"Expand and view the email headers.","content":"\n This information is not typically revealed automatically, because of the amount of space it can require. Most email programs or websites (such as Gmail, Hotmail and Yahoo! Mail) allow you to view email headers by clicking on a box or link near the sender's address on the email viewing pane or window.\n\n"},{"title":"Determine who sent the email by reading the \"Received from\" tags starting at the bottom.","content":"\n Because email headers are listed in reverse chronological order, the bottom header will provide you with information about the original sender. You can learn the sender's email address, the date and time that the message was sent, as well as server and domain information, including the Internet Server Provider (ISP) address.\n"},{"title":"Confirm that you are the correct recipient.","content":"\n This can be helpful if it seems you received an email in error. By examining the \"Deliver to\" tag, you can verify that your email address matches what was entered.\n"},{"title":"Learn if there was a server lag.","content":"\n The \"Received\" tag will tell you when your email server received the message. If this happened a long time before you saw the message arrive in your inbox, there may be an issue with your server. Contact your Internet Service Provider or network administrator if this happens frequently.\n"},{"title":"Find the email address from which the message was sent.","content":"\n The \"Return-Path\" tag can provide this information.\n"},{"title":"Determine information about the sender's email provider.","content":"\n The \"Received-from\" and \"Message ID\" tags reference information about the senders email provider, such as the server, date, time and method.\n"},{"title":"Read user-specified details.","content":"\n Information entered by the sender may be found at the bottom of the email headers. This information includes tags such as \"Subject,\" \"From\" and \"To.\" The date and time are entered by the system and represent when the message was submitted by the sender to the provider.\n"}]}],"questions":[{"title":"What does the X stand for?","content":"X is just something placed there by the server."}]}