{"meta":{"description":"If you’ve ever sat up after getting lost in a good book for a few hours and discovered that your neck, back, or legs were sore, you’re not alone. It’s easy to get caught up in your reading and end up shifting into an unhealthy position that feels right at the time, but is ultimately not very good for your body. The goal of reading with proper posture is to maintain a neutral spine where your back is lined up perfectly over your hips to avoid putting unnecessary strain on your body. Remember to take frequent breaks while you’re reading for an extended period of time. If you don’t, you may get sore or strain a muscle regardless of the position you’re sitting in.","title":"Read with Good Posture"},"todo_list":[{"title":"Sitting Correctly","tasks":[{"title":"Maintain a straight spine while reading to avoid back pain.","content":"\n The straighter that you can keep your spine, the less pressure you’re putting on your lower back. If you’re sitting, rest your butt against the junction where the back of the chair meets the seat. Alternatively, if you’re lying down, keep your spine level with your neck. This will make it easier to keep your spine straight without even thinking about it!\n<ul>\n<li>This will also make it impossible for you to lean too far back if you’re in a chair, since your tailbone will be directly underneath your spine.</li>\n<li>Don’t worry if this feels a little goofy at first. Many people naturally develop poor posture over the years, but it’s nothing some good habits can’t change. You’ll get used to this over time.</li>\n<li>The term “straight spine” is a little misleading, since you have some natural curvature in your back. You know that your spine is straight if your shoulders are directly over your hips and your back is firm and upright.</li>\n</ul>\n\n"},{"title":"Keep your head straight and avoid tilting your neck.","content":"\n Keep your neck aligned with your spine and move your eyes to read from line to line instead of moving your entire head. Unless you’re deliberately stretching your neck out, tilting your head at an angle will result in neck strain. It will also throw your center of gravity slightly off, which may inadvertently put some light pressure on your back.\n<ul><li>If you’ve got a cushion on the top of your chair, use it as a headrest to keep your head still.</li></ul>\n"},{"title":"Hold the book up a little under eye-level to avoid slouching forward.","content":"\n Keep your elbows bent and hold the book up a little beneath your eyes. If you hold the book down near your lap, you’ll bend your neck down while reading, which will strain your neck and upper back muscles while you enjoy your book.\n<ul>\n<li>Resting your elbows on a table or armchair will make this easier to do over a longer period of time. Otherwise, you can rest your elbows against your sides and bring the book a little closer to your eyes than you normally would.</li>\n<li>If you prefer to use an e-reader, opt for a lightweight model to make it easier to hold up in front of you.</li>\n</ul>\n"},{"title":"Read in a seat that allows your feet to reach the ground if possible.","content":"\n It is difficult to maintain proper posture if your feet can’t touch the ground. For ideal posture, choose a comfortable seat with a straight back that will allow you to rest your entire back against the chair. Any chair, sofa, or bench can work so long as you can sit with your knees at a 90-degree angle and your feet flat on the floor.\n\n<ul>\n<li>Recliners are great for maintaining good posture—especially if they have a footrest. Tilting your spine back 15-30 degrees while keeping your knees at a 90-degree angle is a great way to ensure that your spine stays straight. It tends to be a little harder to hold a book up in one of these chairs, though.</li>\n<li>While it may seem counterintuitive, a straight-backed chair is actually better for your posture than a soft sofa. You can still put a cushion on the straight-backed chair to make it more comfortable if you’d like.</li>\n<li>If you're reading in bed, prop yourself up against the headrest or wall with a pillow behind your back for more support.<sup id=\"_ref-7\" class=\"reference\" aria-label=\"Link to Reference 7\"><a href=\"#_note-7\">[7]</a><span class=\"ts_popup \" hidden=\"\" id=\"ts_popup_7\" style=\"display: none;\">\n\t<span class=\"ts_close\">X</span>\n\t\t<span class=\"ts_name\">Research source</span>\n\t\t<span class=\"ts_description\"></span>\n\t\t\t\t<a href=\"#\" class=\"ts_source\" target=\"_blank\" rel=\"nofollow noreferrer noopener\"></a>\n\n</span>\n</sup>\n</li>\n</ul>\n"},{"title":"Set your device on a small table or stand if you use a laptop or e-reader.","content":"\n Get a <a href=\"/Raise-a-Laptop-on-a-Desk\" title=\"Raise a Laptop on a Desk\">laptop stand</a> or small adjustable table and set it down in front of you. Set your laptop or e-reader on top of the stand or table so that the screen rests a little under eye level. If the device is on a platform, you won’t need to slump forward to look at it, which can cause neck pain.<ul><li>There are plenty of cheap options for e-reader stands and using one will keep your arms from getting tired from holding the e-reader up. When your arms get tired, you’re bound to lower them eventually which will cause you to tilt your head down.</li></ul>\n"}]},{"title":"Staying Comfortable and Preventing Strain","tasks":[{"title":"Keep the room well-lit to avoid straining your eyes or moving your neck.","content":"\n If the room is dark, you’ll struggle to focus your eyes on the text. This means that you’ll naturally squint your eyes and lean forward a little to get a better look at the words. If you’re leaning forward, your spine won’t be straight and your neck will be tilted over your lap. This can lead to a sore back and neck, in addition to strained eyes.\n<ul><li>If you’re using a digital e-reader or laptop, make the brightness of the screen lower than the brightest light in the room. It’s relatively difficult for your eyes to focus on a bright digital screen against a dim background. If the digital screen is the brightest source of light in the room, it will strain your eyes and lead to headaches or eye pain.<sup id=\"_ref-11\" class=\"reference\" aria-label=\"Link to Reference 11\"><a href=\"#_note-11\">[11]</a><span class=\"ts_popup \" hidden=\"\" id=\"ts_popup_11\" style=\"display: none;\">\n\t<span class=\"ts_close\">X</span>\n\t\t<span class=\"ts_name\">Research source</span>\n\t\t<span class=\"ts_description\"></span>\n\t\t\t\t<a href=\"#\" class=\"ts_source\" target=\"_blank\" rel=\"nofollow noreferrer noopener\"></a>\n\n</span>\n</sup>\n</li></ul>\n"},{"title":"Prop your feet up to keep your spine straight if you’re sitting and need support.","content":"\n You can sit with your feet planted on the floor at a 90-degree angle, but if you’re struggling to keep your spine straight, prop your feet up a little. Get a small footstool or ottoman and rest your feet on it so that they’re raised 6–12 inches (15–30 cm) off of the floor. Keep both feet flat on the surface of the platform.\n\n"},{"title":"Slide a rolled-up towel behind your lower back if it gets sore.","content":"\n For some people, it’s more comfortable to cushion the lower back and brace it with additional support. If your back is getting sore while you’re seated, grab a small towel or cloth and roll it up. After sitting down, slide the towel behind your lower back, just above the edge of your tailbone.\n<ul>\n<li>You can use a small pillow instead of a towel if you prefer.</li>\n<li>You’re not harming your posture by adding a cushion or towel. If you’re comfortable, it’s a good sign that your posture is correct!</li>\n<li>Giving the lower back additional cushioning is a great way to make sure you aren’t leaning forward or back as well, since you’ll be able to feel the towel sliding down if you lean forward, or compressing against the chair if you lean back.</li>\n</ul>\n"},{"title":"Take a 5-minute break every hour to avoid muscle strain.","content":"\n After 60 continuous minutes of reading, stand up and walk around for a few minutes. Do some simple stretches or callisthenic exercises. You don’t need to work up a sweat or anything, but a little bit of movement will stretch your muscles out and make it less likely that you get sore while you’re reading.\n<ul>\n<li>Jumping jacks are a great simple way to work your body out for a minute or two.</li>\n<li>Stretch your arms, roll your neck around the stretch the muscles out, and bend over to touch your toes. You don’t need a full workout or stretching session; a few simple stretches will do the tricks just fine</li>\n</ul>\n"},{"title":"Stretch your legs out in front of you periodically to keep the blood moving.","content":"\n While seated, your legs will be prone to falling asleep and stiffening up. To keep them from tightening up, stick your legs out in front of you and roll your ankles around in the air. Doing this for 5-10 seconds every once in a while will keep your legs from cramping up or falling asleep. A little physical movement will also help your body stay comfortable while you’re sitting for a long period of time.\n"}]}],"questions":[{"title":"How can I read without straining my neck?","content":"Support wikiHow by unlocking this expert answer.\nThink about where you're setting up. For example, if you're sitting up in bed, head down and slouched, that puts a lot of tension on your neck tissues and the tissues of your low back. If you have a higher dresser in your house, I recommend using it as a standing desk and standing for maybe 45 minutes to an hour a few times a day instead. It’s a free way to improve your posture."},{"title":"What are the symptoms of bad posture?","content":"Support wikiHow by unlocking this expert answer.\nHaving poor posture is not going to help you in the long run. It can potentially put strain on your neck as well as the tissues of your lower back. It can also leave you feeling tight and stiff."},{"title":"How should I sleep if I want to fix my posture?","content":"Support wikiHow by unlocking this expert answer.\nTake a deep breath and don't stress. The pain caused by sleeping incorrectly is usually not serious. If you're a side sleeper, consider placing a pillow between your knees. This can take a lot of stress off your lower back and the upper hips muscles. For people that sleep on their back, I would recommend laying on your back with a pillow behind your knees. This can take some stress off some of the tissues of your lower back as well."}]}