{"meta":{"description":"In order to remember what you read, you need to become a critical, active reader. Become a critical reader by knowing your purpose for reading the material, creating mental pictures of important concepts and ideas, and by asking yourself questions as you read the material. Finally, store the information in your long-term memory bank by discussing the material with others, rewording the material in your own words, and by re-reading important concepts and ideas.","title":"Remember What You Read"},"todo_list":[{"title":"Setting Yourself Up to Read and Remember","tasks":[{"title":"Know what goal you hope to achieve by reading the material.","content":"\n Ask yourself, “Why am I reading this?” or “What am I supposed to learn from reading this?” By understanding your purpose for reading the material, you will be able to stay on task and focus on the more relevant parts of the text.\n<ul><li>For example, if you keep in mind that you are reading the material for an exam, this will help you focus on important dates, events, and people.</li></ul>\n\n"},{"title":"Become familiar with the topic.","content":"\n Get to know the topic by doing a quick Internet search. The more you understand and know about a particular topic, the more likely you will be able to make associations and remember the information better.\n<ul><li>For example, if you will be reading about Islam, type in “Islam” in your search engine. Then, click on an article, for example a Wikipedia article, and familiarize yourself with the basic tenets of Islam.</li></ul>\n"},{"title":"Skim the material to pick out the main points.","content":"\n Before reading the material, take note of headings, pictures, tables, blurbs, charts, and opening paragraphs. Focus on the important information that fulfills your purpose for reading the material.\n<ul><li>Skimming the material primes your memory, orients your thinking so you can focus on important information, and helps you formulate a bigger picture of the content, which makes it easier to remember important information.<sup id=\"_ref-4\" class=\"reference\" aria-label=\"Link to Reference 4\"><a href=\"#_note-4\">[4]</a><span class=\"ts_popup \" hidden=\"\" id=\"ts_popup_4\" style=\"display: none;\">\n\t<span class=\"ts_close\">X</span>\n\t\t<span class=\"ts_name\">Research source</span>\n\t\t<span class=\"ts_description\"></span>\n\t\t\t\t<a href=\"#\" class=\"ts_source\" target=\"_blank\" rel=\"nofollow noreferrer noopener\"></a>\n\n</span>\n</sup>\n</li></ul>\n"},{"title":"Read in short segments.","content":"\n Reading when you cannot focus is a waste of time. Therefore, to maximize your focus, read in short segments. For example, read only a section, or read for only 10 to 15 minutes at a time. After you read the section, go over what you just read in your mind.\n<ul><li>Increase your reading endurance by steadily increasing the amount of time you read each day or week. For example, if you read in short segments of 10 to 15 minutes one week, read for 20 to 25-minute segments the next week.</li></ul>\n"}]},{"title":"Becoming a Critical Reader","tasks":[{"title":"Take notes.","content":"\n As you read, write down relevant information. The tactile act of writing will help you remember the information better. For example, if you are reading about Islam, write down the 5 tenets of Islam.\n<ul>\n<li>You can also underline concepts, or write down ideas that come to your mind as you read.</li>\n<li>This is a form of active reading, which helps you engage with the material instead of just taking it in passively. Active reading will help you absorb and remember the material better.<sup id=\"_ref-7\" class=\"reference\" aria-label=\"Link to Reference 7\"><a href=\"#_note-7\">[7]</a><span class=\"ts_popup \" hidden=\"\" id=\"ts_popup_7\" style=\"display: none;\">\n\t<span class=\"ts_close\">X</span>\n\t\t<span class=\"ts_name\">Research source</span>\n\t\t<span class=\"ts_description\"></span>\n\t\t\t\t<a href=\"#\" class=\"ts_source\" target=\"_blank\" rel=\"nofollow noreferrer noopener\"></a>\n\n</span>\n</sup>\n</li>\n</ul>\n"},{"title":"Highlight important concepts.","content":"\n Try to only highlight important and relevant information. For example, highlight just a few key words on a page. Before you highlight something, ask yourself, “Does this information fulfill my purpose for reading the material?” If the answer is no, then it is best to not highlight it.\n"},{"title":"Link the material to something you know.","content":"\n Associate new information with information you already know. By associating new information with prior knowledge, your brain will store the new information in <a href=\"/Improve-Long-Term-Memory\" title=\"Improve Long Term Memory\">your long-term memory bank</a>.\n<ul>\n<li>For example, if Thomas Jefferson was born in the same month as your mom, by linking his birthday to the birthday of someone you know, you will be able to remember the date better.</li>\n<li>It's hard to understand difficult concepts if you don't have a good understanding of the underlying fundamentals. If you're having trouble understanding what you're reading about, it might help to go back to the basics.<sup id=\"_ref-10\" class=\"reference trusted\" aria-label=\"Link to Reference 10\"><a href=\"#_note-10\">[10]</a><span class=\"ts_popup trustedsource\" hidden=\"\" id=\"ts_popup_10\" style=\"display: none;\">\n\t<span class=\"ts_close\">X</span>\n\t\t<a class=\"ts_trustworthy\" href=\"/wikiHow:Delivering-a-Trustworthy-Experience\">Expert Source</a>\n\n\t\t<span class=\"ts_name\"></span>\n\t\t\t<a class=\"ts_expert_link\" href=\"/Author/Josh-Jones\"><span class=\"ts_expert_image\"><picture><source type=\"image/webp\" srcset=\"/images/thumb/5/5c/Josh_Jones.png/-crop-100-100-100px-Josh_Jones.png.webp\"><img src=\"/images/thumb/5/5c/Josh_Jones.png/-crop-100-100-100px-Josh_Jones.png\" alt=\"Josh Jones\" loading=\"lazy\" width=\"30\" height=\"30\" style=\"max-width: 30px\"></picture></span>Josh Jones<br><span class=\"ts_blurb\">CEO, Test Prep Unlimited</span></a>\n\n\t\t<span class=\"ts_description\">Expert Interview.  15 November 2019.</span>\n\n</span>\n</sup>\n</li>\n</ul>\n"},{"title":"Think in pictures.","content":"\n Creating mental pictures for the content you read will help you remember the content better than just reading the content without any mental images. Make mental pictures of important events, concepts, or people. This is an especially helpful strategy for visual learners.\n<ul>\n<li>For example, remember an important date, such as when a battle began, by imagining the battle in your head with the date in big letters.</li>\n<li>You could also try drawing out the battle scene and writing the date of when it began and ended underneath it.</li>\n</ul>\n"},{"title":"Read out loud.","content":"\n If you are an auditory learner, try reading important material out loud. The act of speaking and hearing the material will enable you to remember the material better. Particularly, read the important information you have underlined, as well as answers to questions out loud.\n<ul><li>You can also use word association to remember important facts. For example, create rhymes or songs to help you remember important information.<sup id=\"_ref-13\" class=\"reference\" aria-label=\"Link to Reference 13\"><a href=\"#_note-13\">[13]</a><span class=\"ts_popup \" hidden=\"\" id=\"ts_popup_13\" style=\"display: none;\">\n\t<span class=\"ts_close\">X</span>\n\t\t<span class=\"ts_name\">Research source</span>\n\t\t<span class=\"ts_description\"></span>\n\t\t\t\t<a href=\"#\" class=\"ts_source\" target=\"_blank\" rel=\"nofollow noreferrer noopener\"></a>\n\n</span>\n</sup>\n</li></ul>\n"},{"title":"Ask yourself questions about the material.","content":"\n While reading the material, ask yourself, “How does this material fit into what I already know and do not know?” “Why did the author mention this?” “Do I understand this concept or word?” “Where is the evidence for this statement?” “What is the main idea of this paragraph?” or, “Do I agree with the author's conclusions?”\n<ul><li>By asking and answering these questions, you will be able to remember relevant information much better.</li></ul>\n"}]},{"title":"Reinforcing Your Memory","tasks":[{"title":"Reword what you read in your own words.","content":"\n After you finish reading a section, write down what you read in your own words. This will help you assess which information you remember and which information you cannot remember. Go back and re-read the information that you could not remember, or had trouble putting in your own words.\n<ul><li>The goal isn’t to recreate whole passages in your own words. Just write down a quick summary or outline of the main points. Try to stick to a few bullet points or short paragraphs.</li></ul>\n"},{"title":"Discuss the material with someone.","content":"\n After you read something, discuss the new information with a friend, family member, or classmate. The act of discussing the content will create new associations in your memory. It will also help you see which information you understand and can remember, and which information you do not understand and cannot remember.\n<ul><li>Go back and re-read the information you had trouble relating and remembering. Then, discuss the information with a friend or family member again.</li></ul>\n"},{"title":"Re-read the material.","content":"\n Repetition is key to remembering any kind of information. After you read something, go back over the important concepts and ideas that you highlighted or underlined. Also, re-read the paragraph in which the concepts and ideas are embedded.\n<ul><li>After 1 or 2 days, go back over the content. Re-read the important concepts and ideas, and quiz yourself.</li></ul>\n"}]}],"questions":[{"title":"What if I'm having trouble understanding what I'm reading?","content":"You may need to brush up on your fundamentals. You can't start building a skyscraper at the 5th floor—you have to start at the ground floor and build up from there."},{"title":"If I start reading late for an exam, what advice can you give me to catch up?","content":"Focus on the main ideas, things you think will likely be on the test, and material you don't know as well. Skim everything else."},{"title":"How much time should I take for a break while studying?","content":"Five to 15 minutes per hour is a decent time."},{"title":"Why do I read something but forget it when I am in the exam hall?","content":"Exam anxiety i.e the fear of \"I haven't prepared\", \"I might go blank when the paper comes\", \"I know nothing\" or simply when you start to hyperventilate by seeing whats on the exam, that's when panic starts to engulf you and you start forgetting stuff. Ironically, this panic attack is not termed as \"I remember nothing\" but in fact it is called exam anxiety that leads to brain closure on temporary basis. To overcome it read through the entire paper and attempt the questions you know the answers of or might know because some of the information is always stored up in your subconsciousness through which you are capable of remembering at least some part of what you read!"},{"title":"I am not able to remember what I read and I get confused! What can I do?","content":"Perhaps you are reading too much information at a time. Slow down and read for shorter segments, for example 10 to 15 minutes. Try to visualize or put into words what you just read. Then, move on to the next section."},{"title":"Why do I feel sleepy when I want to read books?","content":"You could be tired and sitting still causes your body to feel more sleepy. Try sitting in an uncomfortable place or position with good lighting, read out loud, or eat a light snack. Drink water or coffee to energize yourself."},{"title":"Can I answer a question in an exam in my own words?","content":"Yes. That's what you should always try to do. You would be plagiarizing otherwise."},{"title":"How can I calculate various problems faster?","content":"The faster you read, the faster the information gets pushed from your eyes to your brain, and can get cramped, and sometimes pushed to unreachable places. Try reading slower, giving your eyes and brain time to sort the information, so you can remember it faster when you need it."},{"title":"How can I remember things?","content":"By reading slowly for 10-15 minutes and recapture what you have read. Take notes while reading and make your own sentences."},{"title":"What about my reading speed as visual learner?","content":"Start by reading in short segments, for example 10 to 15 minutes. After you read, try to make sense of and visualize what you just read. Then, progress your reading endurance by reading in longer segments, like 20 to 25 minutes."}]}