{"meta":{"description":"The harder the ascent, the higher the reward. If the problem is the length of the material, you might want to read the article on that (general rule: set reading tasks for each session). This article is about digesting difficult reading material, not about a time constraint.","title":"Tackle Difficult Reading Material"},"todo_list":[{"title":"Steps","tasks":[{"title":"Read the title and think about what it means and which resources might help you (for example Italian dictionary or atlas).","content":"\n\n\n"},{"title":"Underline words you don't know.","content":"\n It is essential to be honest with yourself (after all no one is looking!). If you cannot use a word in a sentence you don't understand what it means. Imagine yourself in a real-world situation, using the word to describe something to a stranger.\n"},{"title":"Write very short summaries for chunks of the text that seem appropriate.","content":"\n The frequency of these summaries will depend on the material itself and your ability to read it. If it's a rather daunting book, then write a summary for every paragraph or half a paragraph.\n"},{"title":"Visualize the ideas with simple flow diagrams.","content":"\n For example, you may create a flow diagram that indicates the plot, or the relationships between characters.\n"},{"title":"Explain the new idea to a person and try to get the person excited about it.","content":"\n (If you have no one, imagine telling it to a number of persons like A. the bus driver B. a drunk girl C. Barack Obama D. a 5 year old child).\n"},{"title":"Use any background information you may have on the topic.","content":"\n Connection will help you become more knowledgeable about certain topics, leaving you able to learn even more.\n"},{"title":"Explain the thought-train to yourself in front of a mirror.","content":"\n\n"},{"title":"Make sure to notice uncertainties and read these passages again.","content":"\n\n"},{"title":"Make sure to re-read the whole text when you have proceeded through all the chunks:","content":"\n Finally understanding it and seeing the whole picture will be an incredible reward.\n"}]}],"questions":[]}