{"meta":{"description":"Have you ever wanted to drink something but it was too hot? These methods will help bring down the temperature. It is especially good for cooling down tea for people who don't like it too hot.","title":"Cool a Hot Drink Quickly"},"todo_list":[{"title":"Transferring Between Cups","tasks":[{"title":"Take your drink and pour it from one cup to the other cup.","content":"\n\n<ul>\n<li>If your cup goes higher, then more air will go through it, making it colder.</li>\n<li>Don't make your cup go too high, after pouring, it might bounce a few drops and land on your arms. It will burn!</li>\n</ul>\n\n"},{"title":"Repeat until your drink has cooled down.","content":"\n\n"},{"title":"Once it has cooled down, enjoy your drink.","content":"\n\n"}]},{"title":"Ice Cubes","tasks":[{"title":"Put one or two ice cubes in your hot drink.","content":"\n\n"},{"title":"Stir your drink.","content":"\n\n"},{"title":"Enjoy!","content":"\n The ice should have cooled down your drink.\n"}]},{"title":"Milk","tasks":[{"title":"Trying pouring some milk into your drink.","content":"\n\n"},{"title":"Stir well.","content":"\n\n"}]},{"title":"Fanning the Drink","tasks":[{"title":"Get a fan, and aim the fan at your drink.","content":"\n The cool wind from the fan will cool down your drink.\n"},{"title":"If you do not have a fan, try blowing on your drink, but not too hard.","content":"\n\n"}]},{"title":"Blowing and Stirring","tasks":[{"title":"Blow across the surface of the drink.","content":"\n Form your lips into an \"O\" shape and gently blow a steady stream of air across the surface of your hot drink. The cool air will reduce the temperature at the surface of the water.\n"},{"title":"Stir your drink with a teaspoon.","content":"\n As you blow, continually stir the drink with a teaspoon. This allows a greater volume of the hot drink to be cooled by the air.\n"},{"title":"Continue until your drink reaches the desired temperature.","content":"\n Although you may feel a little silly doing it, the blowing and stirring method is actually one of the most effective ways to cool a hot drink. In fact, studies have shown that using this method can cool a hot drink by up to 11 degrees per minute!\n"}]},{"title":"Ice and Salt","tasks":[{"title":"Put the drink inside its cup into a closed container.","content":"\n\n"},{"title":"Put some ice sprinkled with salt into the closed container (not into the drink cup).","content":"\n\n"},{"title":"Let sit briefly.","content":"\n Your drink will be cold in a matter of minutes.\n"}]}],"questions":[{"title":"Are there other ways? Also, is it true that I can't have salt and ice in hot chocolate?","content":"Pour into a metal tin and use step 6 before pouring into your cup. You could certainly add a little salt, if you wanted. Adding ice would make your hot cocoa watery, so that's not a good idea."},{"title":"Will hot water in a metal cup cool down faster or slower than hot water in a plastic cup?","content":"It will cool slower, as the metal in the cup will conduct the heat and keep it warmer longer."},{"title":"Could I put a hot milk cup in a cold water bowl to let it cool down?","content":"Yes, but make sure the milk does not tip or spill out and no water gets in."}]}