{"meta":{"description":"Milk is very important for a healthy lifestyle. Drinking 2-3 cups of milk every day can help you give your body enough calcium, phosphorous, magnesium, protein, vitamin A, B12, C, and D, and may help lower blood pressure, and reduce the risks of cardiovascular disease and type-2 diabetes.[1] If you're concerned that you're not drinking enough milk, a few simple changes to your daily diet can make it easy to get the nutrients you need.","title":"Drink More Milk Every Day"},"todo_list":[{"title":"Drinking More Milk","tasks":[{"title":"Drink milk every day.","content":"\n The USDA recommends that both children and adults should drink 3 cups of low-fat or fat-free milk (or equivalent dairy products) everyday in order to get the calcium and vitamins your body needs. \n<ul>\n<li>Children are encouraged to drink whole milk until age 2 and then switch to 2% milk.</li>\n<li>If you don't like the taste of milk, try adding flavors like vanilla extract, banana extract, or strawberry syrup.</li>\n</ul>\n\n"},{"title":"Add milk to hot beverages.","content":"\n Try adding milk to your coffee, tea, or hot chocolate. Milk will make your beverages creamy and smooth while reducing acidity and bitterness.\n<ul><li>Be aware, though, that adding milk to tea may reduce the benefits of drinking tea. Milk proteins interfere with your body's ability to absorb the beneficial flavonoid antioxidants found in tea.<sup id=\"_ref-3\" class=\"reference\" aria-label=\"Link to Reference 3\"><a href=\"#_note-3\">[3]</a><span class=\"ts_popup \" hidden=\"\" id=\"ts_popup_3\" style=\"display: none;\">\n\t<span class=\"ts_close\">X</span>\n\t\t<span class=\"ts_name\">Research source</span>\n\t\t<span class=\"ts_description\"></span>\n\t\t\t\t<a href=\"#\" class=\"ts_source\" target=\"_blank\" rel=\"nofollow noreferrer noopener\"></a>\n\n</span>\n</sup>\n</li></ul>\n"},{"title":"Use non-fat powdered milk.","content":"\n Powdered milk can be added to any recipe that calls for milk, and can be used in coffee as a nutritious, fat-free substitute for non-dairy creamer. You can even add non-fat powdered milk to a glass of milk to double your vitamin intake.\n"},{"title":"Make chocolate milk.","content":"\n For a sweet treat that will satisfy adults and children alike, try making your own chocolate milk at home.\n<ul><li>Mix cocoa powder, vanilla, milk, and sugar to taste. It's a simple, delicious recipe that will satisfy your craving for sweets without all the additives of store-bought chocolate milk.<sup id=\"_ref-5\" class=\"reference\" aria-label=\"Link to Reference 5\"><a href=\"#_note-5\">[5]</a><span class=\"ts_popup \" hidden=\"\" id=\"ts_popup_5\" style=\"display: none;\">\n\t<span class=\"ts_close\">X</span>\n\t\t<span class=\"ts_name\">Research source</span>\n\t\t<span class=\"ts_description\"></span>\n\t\t\t\t<a href=\"#\" class=\"ts_source\" target=\"_blank\" rel=\"nofollow noreferrer noopener\"></a>\n\n</span>\n</sup>\n</li></ul>\n"},{"title":"Get creative.","content":"\n You can add milk to various recipes to make the food taste richer and creamier, while giving you an extra boost of vitamins and calcium.\n"},{"title":"Try using milk to make smoothies.","content":"\n Adding milk will thicken your smoothie and help you bulk up on vitamins and nutrients.\n<ul><li>Use a blender to mix ice, fruit, and non-fat or low-fat milk. If low-fat milk isn't thick enough for your smoothie, scoop in some creamy peanut butter for a richer, fuller flavor.</li></ul>\n"}]},{"title":"Changing Your Diet","tasks":[{"title":"Change your milk.","content":"\n If you're used to drinking whole milk, gradually lower yourself down to skim milk. This will reduce your intake of calories and saturated fat. Step down slowly from whole milk to two percent milk, then down to one percent milk, and finally, skim milk.\n<ul><li>You may want to consider organic milk without added hormones.</li></ul>\n"},{"title":"Count calories.","content":"\n While most varieties of milk do come with calories, you can make smart choices or substitutions to accommodate for those calories in your daily diet. Cut out \"empty\" calories from your diet and drink more milk instead.\n<ul><li>If you're unsure about whether you are getting enough dairy, or worry that you're consuming too much, talk to your doctor or a registered dietitian about dietary changes you can make for a better-balanced meal plan.</li></ul>\n"},{"title":"Choose milk over soda.","content":"\n One twelve-ounce cup of skim milk has fewer calories than most twelve-ounce cans of soda, and delivers vitamins and nutrients that soda lacks.\n"},{"title":"Make milk a priority.","content":"\n Milk and dairy products are essential for delivering the vitamins and nutrients your body needs to stay healthy and strong. You may need to cut out other parts of your diet if you're worried about fat and caloric intake, but milk should be a priority because of its many health benefits.\n<ul>\n<li>\n<b>Calcium</b> keeps bones and teeth healthy.<sup id=\"_ref-9\" class=\"reference trusted\" aria-label=\"Link to Reference 9\"><a href=\"#_note-9\">[9]</a><span class=\"ts_popup trustedsource\" hidden=\"\" id=\"ts_popup_9\" style=\"display: none;\">\n\t<span class=\"ts_close\">X</span>\n\t\t<a class=\"ts_trustworthy\" href=\"/wikiHow:Delivering-a-Trustworthy-Experience\">Trustworthy Source</a>\n\n\t\t<span class=\"ts_name\">Mayo Clinic</span>\n\t\t<span class=\"ts_description\">Educational website from one of the world's leading hospitals</span>\n\n\t\t\t\t<a href=\"#\" class=\"ts_source\" target=\"_blank\" rel=\"nofollow noreferrer noopener\">Go to source</a>\n</span>\n</sup>\n</li>\n<li>\n<b>Protein</b> is a good source of energy and builds and repairs your muscle tissue.<sup id=\"_ref-10\" class=\"reference trusted\" aria-label=\"Link to Reference 10\"><a href=\"#_note-10\">[10]</a><span class=\"ts_popup trustedsource\" hidden=\"\" id=\"ts_popup_10\" style=\"display: none;\">\n\t<span class=\"ts_close\">X</span>\n\t\t<a class=\"ts_trustworthy\" href=\"/wikiHow:Delivering-a-Trustworthy-Experience\">Trustworthy Source</a>\n\n\t\t<span class=\"ts_name\">USDA Center for Nutrition Policy and Promotion</span>\n\t\t<span class=\"ts_description\">U.S. agency responsible for promoting good nutrition based on scientific research</span>\n\n\t\t\t\t<a href=\"#\" class=\"ts_source\" target=\"_blank\" rel=\"nofollow noreferrer noopener\">Go to source</a>\n</span>\n</sup>\n</li>\n<li>\n<b>Potassium</b> helps regulate blood pressure and is important for bone and muscle strength.<sup id=\"_ref-11\" class=\"reference\" aria-label=\"Link to Reference 11\"><a href=\"#_note-11\">[11]</a><span class=\"ts_popup \" hidden=\"\" id=\"ts_popup_11\" style=\"display: none;\">\n\t<span class=\"ts_close\">X</span>\n\t\t<span class=\"ts_name\">Research source</span>\n\t\t<span class=\"ts_description\"></span>\n\t\t\t\t<a href=\"#\" class=\"ts_source\" target=\"_blank\" rel=\"nofollow noreferrer noopener\"></a>\n\n</span>\n</sup>\n</li>\n<li>\n<b>Phosphorus</b> helps strengthen your bones and teeth. It also helps your body filter waste in the kidneys.</li>\n<li>\n<b>Vitamin D</b> helps your body absorb calcium and phosphorous.<sup id=\"_ref-12\" class=\"reference\" aria-label=\"Link to Reference 12\"><a href=\"#_note-12\">[12]</a><span class=\"ts_popup \" hidden=\"\" id=\"ts_popup_12\" style=\"display: none;\">\n\t<span class=\"ts_close\">X</span>\n\t\t<span class=\"ts_name\">Research source</span>\n\t\t<span class=\"ts_description\"></span>\n\t\t\t\t<a href=\"#\" class=\"ts_source\" target=\"_blank\" rel=\"nofollow noreferrer noopener\"></a>\n\n</span>\n</sup>\n</li>\n<li>\n<b>Vitamin B12</b> helps maintain healthy red blood cells and helps maintain nerve tissue.<sup id=\"_ref-13\" class=\"reference\" aria-label=\"Link to Reference 13\"><a href=\"#_note-13\">[13]</a><span class=\"ts_popup \" hidden=\"\" id=\"ts_popup_13\" style=\"display: none;\">\n\t<span class=\"ts_close\">X</span>\n\t\t<span class=\"ts_name\">Research source</span>\n\t\t<span class=\"ts_description\"></span>\n\t\t\t\t<a href=\"#\" class=\"ts_source\" target=\"_blank\" rel=\"nofollow noreferrer noopener\"></a>\n\n</span>\n</sup>\n</li>\n<li>\n<b>Vitamin A</b> helps maintain normal vision and healthy skin, teeth, and tissue.<sup id=\"_ref-14\" class=\"reference\" aria-label=\"Link to Reference 14\"><a href=\"#_note-14\">[14]</a><span class=\"ts_popup \" hidden=\"\" id=\"ts_popup_14\" style=\"display: none;\">\n\t<span class=\"ts_close\">X</span>\n\t\t<span class=\"ts_name\">Research source</span>\n\t\t<span class=\"ts_description\"></span>\n\t\t\t\t<a href=\"#\" class=\"ts_source\" target=\"_blank\" rel=\"nofollow noreferrer noopener\"></a>\n\n</span>\n</sup>\n</li>\n<li>\n<b>Niacin</b>, a B vitamin, can help regulate your cholesterol.<sup id=\"_ref-15\" class=\"reference trusted\" aria-label=\"Link to Reference 15\"><a href=\"#_note-15\">[15]</a><span class=\"ts_popup trustedsource\" hidden=\"\" id=\"ts_popup_15\" style=\"display: none;\">\n\t<span class=\"ts_close\">X</span>\n\t\t<a class=\"ts_trustworthy\" href=\"/wikiHow:Delivering-a-Trustworthy-Experience\">Trustworthy Source</a>\n\n\t\t<span class=\"ts_name\">Mayo Clinic</span>\n\t\t<span class=\"ts_description\">Educational website from one of the world's leading hospitals</span>\n\n\t\t\t\t<a href=\"#\" class=\"ts_source\" target=\"_blank\" rel=\"nofollow noreferrer noopener\">Go to source</a>\n</span>\n</sup>\n</li>\n</ul>\n"},{"title":"Get your dairy from other sources.","content":"\n If you're worried about adding calories by drinking milk with a meal, try fat-free yogurt as a healthy snack. You can even make a breakfast out of yogurt by adding dry cereal, nuts, and fruit.\n"}]},{"title":"Drinking Milk When You're Lactose Intolerant","tasks":[{"title":"Drink a glass of milk with food.","content":"\n Some people who have a hard time digesting lactose (found in dairy products) find that combining milk with food makes it easier to digest.\n"},{"title":"Take lactase enzyme tablets.","content":"\n These over-the-counter pills can be taken right before meals to help your body digest milk and dairy products.\n"},{"title":"Buy lactose-free milk.","content":"\n Some dairies and milk producers add lactase directly to milk, so you can get the taste and nutritional value of milk without the risk of digestive problems.\n<ul><li>Unsweetened almond milk, coconut milk and rice milk are all great alternatives.</li></ul>\n"},{"title":"Try other dairy products.","content":"\n If drinking milk is not an option, opt for other milk products, like yogurt or cheese. Even though these foods are still made with milk, they may be easier to digest.\n"}]}],"questions":[{"title":"How many glasses of milk should you drink a day?","content":"The recommendation is to drink 2-3 glasses per day. Or, you could eat dairy foods instead."},{"title":"Why you should drink milk every day?","content":"Low-fat milk is a source of calcium, phosphorous, magnesium, protein, and vitamins A, B12, C, and D."},{"title":"Is it bad to drink a gallon of milk in one day?","content":"Yes, that is too much milk in one day. A serving of milk is 8 ounces and you shouldn't have more than 3 servings per day."},{"title":"Is it okay to drink milk on an empty stomach?","content":"Yes, as long as you are not lactose intolerant. In that case, drink a dairy alternative such as soy, rice, or oat milk."}]}