{"meta":{"description":"RumChata is a cream-liqueur that combines distilled Caribbean rum with dairy cream from Wisconsin and a secret spice mix. Known for its sweet, creamy taste, RumChata has fans across the world and is most commonly enjoyed as part of a cocktail. If you’d like to try a RumChata mixed drink, there are a wide variety of alcoholic and non-alcoholic ingredients you can mix it with to create a delicious RumChata cocktail.","title":"Drink Rumchata"},"todo_list":[{"title":"Mixing RumChata with Other Alcoholic Drinks","tasks":[{"title":"Combine RumChata and cinnamon-flavored liqueur for a spicy drink.","content":"\n Take equal portions of RumChata and cinnamon-flavored liqueur and stir them together in a mixing glass with ice until a frost forms on the glass exterior. Serve in shot glasses or in a single rocks glass for yourself.\n<ul>\n<li>For garnish, add freshly grated cinnamon or allspice to the drink.</li>\n<li>This drink is also known as a RumBall.</li>\n</ul>\n\n"},{"title":"Use orange liqueur to make Orange Creamsicle RumChata.","content":"\n To make this drink, fill a lowball glass with ice. Then, mix 1  fl oz (30 mL) of orange liqueur with 2  fl oz (59 mL) of RumChata.\n<ul><li>You can also make a similar drink by using orange-flavored vodka instead of orange liqueur.</li></ul>\n"},{"title":"Mix equal parts grenadine, tequila, and RumChata to make French Kiss Shots.","content":"\n Pour the grenadine in the bottom of a shot glass, then carefully pour your RumChata on top of that. Finally, add your tequila to the top of the drink and enjoy!\n<ul>\n<li>For added sweetness, you can also garnish this drink with whipped cream or sprinkles.</li>\n<li>Note that many people who drink French Kiss Shots say that they barely taste like alcohol, so make sure you drink responsibly when you have them.</li>\n</ul>\n"},{"title":"Make a Cinnamon Roll Cocktail out of RumChata and coffee-flavored liqueur.","content":"\n Fill a shaker and two small shot glasses with ice. Then, pour 3 parts RumChata to 1 part coffee-flavored liqueur in the shaker and shake them. Finally, pour your mixed drink into the shot glasses.\n<ul>\n<li>You may also see this referred to as a “Cinnamon Bun Cocktail.”</li>\n<li>Note that this is NOT the same drink as a Cinnamon Toast Crunch Shot; that drink uses cinnamon-flavored liqueur instead of coffee-flavored liqueur.</li>\n</ul>\n"},{"title":"Blend a fruity drink with RumChata, banana rum, ice, and cream.","content":"\n Mix 1 banana, 2  fl oz (59 mL) of banana rum, 4  fl oz (120 mL) of RumChata, 4  fl oz (120 mL) of cream, and 1 cup (240 mL) of ice in a blender and blend them until the mixture is smooth and there are no large chunks of ice. Then, sprinkle cinnamon on top of the mixture and garnish with banana slices and cherries.\n<ul>\n<li>If the mixture is too thick after it’s been blended, you can make it smoother by adding more cream and re-blending.</li>\n<li>This drink is often referred to as a “Banana RumChata Colada.”</li>\n</ul>\n"},{"title":"Combine apple liqueur, ice, and RumChata to make Apple RumChata.","content":"\n Mix 1  fl oz (30 mL) of apple liqueur, 2  fl oz (59 mL) of RumChata, and ice in a cocktail shaker. Shake the ingredients together, then use a strainer to strain them into a martini glass rimmed with sea salt.\n<ul><li>You can also make a similar drink by mixing equal parts of RumChata and sour apple schnapps.</li></ul>\n"}]},{"title":"Making Drinks with RumChata and Non-Alcoholic Ingredients","tasks":[{"title":"Spice up your cold brew coffee by adding RumChata to it.","content":"\n Because RumChata is made with cream, it’s a ready substitute for milk or creamer in coffee. Pour 3 fluid ounces (89 mL) of RumChata over ice in a highball glass and top with your cold brew coffee. Garnish with grated cinnamon to taste.\n<ul>\n<li>You can make this drink even stronger by adding rum, allspice dram liqueur, or Angostura bitters to it.</li>\n<li>You can also mix RumChata with hot coffee; most people, however, seem to prefer to use it in cold brew or iced coffee.</li>\n</ul>\n"},{"title":"Use ice cream to make RumChata milkshakes.","content":"\n RumChata can essentially serve as a replacement for milk in a traditional milkshake. Blend 2 fluid ounces (59 mL) of RumChata with a scoop of ice cream in a blender until smooth. Then, garnish with grated nutmeg, crushed pistachios, almonds, or crumbled cookies.\n<ul>\n<li>Most recipes for RumChata milkshakes use vanilla ice cream, although you can use any flavor of ice cream you like for this drink.</li>\n<li>If you’re not pleased with the consistency of your milkshake, try adding crushed ice to the mix.</li>\n</ul>\n"},{"title":"Pour RumChata into your eggnog for a festive holiday drink.","content":"\n Fill a highball glass with ice and add 4  fl oz (120 mL) of eggnog. Then, pour in 2  fl oz (59 mL) of RumChata and stir with a spoon.\n<ul><li>To garnish, grate fresh nutmeg across the top of your drink.</li></ul>\n"},{"title":"Mix milk, RumChata, and pudding mix to make shots.","content":"\n Stir 1  c (0.24 L) of milk, 1  c (0.24 L) of RumChata, and 1 package of instant pudding mix in a bowl together until thickened. Add 8  fl oz (240 mL) of whipped cream to the mixture, then pour into disposable shot cups and freeze for at least 3 hours.\n<ul>\n<li>For best results, use a package of instant pudding mix that is no larger than 4 ounces (110&nbsp;g).</li>\n<li>Add whipped cream to the top of the frozen shot for garnish.</li>\n<li>You may see this type of drink referred to as a RumChata Pudding Shot.</li>\n</ul>\n"},{"title":"Make a delicious dessert drink out of RumChata and hot chocolate.","content":"\n Pour 2  fl oz (59 mL) of RumChata into a coffee mug and top with hot chocolate. For a stronger drink, try using 3  fl oz (89 mL) of RumChata instead.\n<ul>\n<li>You can garnish this drink with whipped cream and freshly shaved dark chocolate.</li>\n<li>RumChata hot chocolate is a delectable drink to have on cold nights, but can also easily complement a summer brunch.</li>\n</ul>\n"},{"title":"Add blue cream soda to iced RumChata to make a creamy float.","content":"\n Put some ice in a highball glass and pour 1.5  fl oz (44 mL) to 2  fl oz (59 mL) of RumChata into the glass. Then, slowly pour a bottle of blue cream soda into the glass until it’s filled.\n<ul>\n<li>For an even sweeter experience, add sugar to the rim of your glass.</li>\n<li>This drink is sometimes referred to as an Abominable Snowman Cocktail.</li>\n</ul>\n"}]}],"questions":[]}