{"meta":{"description":"Using matcha is a great way to upgrade your tea time! Native to Japanese culture, matcha is powdered tea that's packed with antioxidants useful for boosting metabolism and preventing cancer, among other health benefits. It's quite simple to make. The basic method is to add boiled water to a small bowl with a bit of matcha in it. After carefully whisking the tea, it's ready to drink![1]","title":"Drink Matcha Green Tea"},"todo_list":[{"title":"Making Matcha Green Tea the Traditional Way","tasks":[{"title":"Boil 3/4 cup (180 ml) of water and pour it into your matcha bowl.","content":"\n A matcha bowl is a traditional tea drinking bowl of Japanese culture. It's small and usually doesn't have handles.\n\n"},{"title":"Whisk the hot water with a chasen.","content":"\n A chasen is a Japanese tea whisking tool made of bamboo. This step warms up the bowl and softens the whisk's bamboo tines. As a result, the chasen becomes flexible and springy for effective whisking.\n"},{"title":"Discard the hot water from the bowl.","content":"\n Dump it into the kitchen sink. Dry the inside of the bowl with a clean, dry cloth.\n"},{"title":"Scoop 2 tsp (1.5 heaping teaspoons or 10 g) of matcha into a fine mesh strainer.","content":"\n If you use a chashaku, the scoop should be round. A chashaku is a Japanese tea ladle (also known as a teaspoon). The matcha should reach the point where the chashaku starts to bend.\n<ul>\n<li>For thin matcha (\"Usucha\" in Japanese), use 1 tsp. (5 g) of matcha and 2 oz. (60 ml) of boiling water.</li>\n<li>For thick matcha (\"Koicha\" in Japanese), use 2 tsp. (10 g) of matcha and 1.4 oz. (41.4 ml) of boiling water.</li>\n</ul>\n"},{"title":"Sift the matcha into your empty, dry bowl.","content":"\n This gets rid of the clumps. As a result, your tea will be smooth enough to enjoy drinking.\n"},{"title":"Pour boiling water into a teacup.","content":"\n Let the water cool down for a minute. Aim for 185F or 85C.\n"},{"title":"Add a small amount of hot water into the matcha bowl and whisk it.","content":"\n Take the chasen in one hand and the rim of the tea bowl in the other hand. Carefully blend together the matcha and hot water until you have a solid mixture.\n<ul>\n<li>For Usucha, whisk the matcha and hot water briskly. Move in a quick, back-and-forth motion as if you were drawing the letter W or M. Use your wrist instead of your arm. Whisk the surface of the tea when it has small bubbles until a thick froth appears.</li>\n<li>For Koicha, move in a slow kneading motion from left to right as well as up and down. Since you're not aiming for froth, gently rotate the whisk in a 360 motion to achieve a thick, smooth, and even consistency.</li>\n</ul>\n"},{"title":"Add the teacup water to the bowl until it's 1/3 full and continue whisking.","content":"\n Toward the end of whisking, draw a circle and move the chasen to the bowl's center to finish the whisking. The center will have a slightly higher fluffy foam as a result. Your matcha green tea is ready!\n"},{"title":"Clean your utensils.","content":"\n You just need warm water and a dry, clean cloth for this step. Thoroughly rinse the chasen and matcha bowl with warm water after each use. Make sure you stand the chasen on its base so the tines are sticking up in the air. Just wipe off the chashaku with the cloth.  \n"}]},{"title":"Crafting a Matcha Latte for Sweetness","tasks":[{"title":"Bring 3/4 cup (180 ml) of milk to a bare simmer in a small pot.","content":"\n You can use unsweetened almond milk, soy milk, rice milk, or cow milk. Make sure the small pot is over medium-high heat. Don't let it boil.\n<ul><li>Bring 1/4 cup (60 ml) of water to a boil in a different pot at the same time.</li></ul>\n"},{"title":"Add 1 tsp (5 g) of matcha in a heatproof cup.","content":"\n If you want thicker latte, add 2 tsp. (10 g). A heatproof cup can be a tea or coffee mug.\n"},{"title":"Add in 1/4 cup (60 ml) of boiling water as you whisk it.","content":"\n Whisk in a slightly slow, rotating motion. For more froth, whisk in the shape of the letter M or W.\n<ul><li>Use an electric hand whisker for a smooth and even consistency. Be careful not to whisk too fast with this tool.</li></ul>\n"},{"title":"Pour in your milk and continue whisking.","content":"\n Slightly tip the cup to create more foam. Sweeten the tea with agave syrup if you'd like. Now, you can enjoy your matcha latte!\n"}]},{"title":"Drinking Matcha Beverages Properly","tasks":[{"title":"Drink your beverage at home.","content":"\n This is how the Japanese typically consume matcha green tea. Being in a comfortable environment adds to the calming effect the tea possesses.\n"},{"title":"Enjoy drinking throughout the day.","content":"\n The Japanese typically drink this tea in the morning, afternoon, and evening. It's a great way to achieve alertness early in the day and relaxation in the evening before bed. It won't keep you up at night.\n"},{"title":"Drink the beverage quickly.","content":"\n  The powdered tea is a suspension. It will settle at the bottom if you let it sit for too long.\n"},{"title":"Use a small bowl, not a mug.","content":"\n This is the traditional way to go. It's about the sensory experience of cupping the bowl in both of your hands, bringing it your nose, and breathing in the aroma. The dome shape of the bowl over the nose and mouth intensifies the aroma better than a mug.\n"}]}],"questions":[]}