{"meta":{"description":"Kefir is a fermented beverage full of healthy probiotics and bacteria that are good for your gut. Drinking kefir can greatly benefit your digestive health and can even lower blood pressure.[1] To start introducing kefir to your diet, fermented coconut water is a great dairy-free and flavorful option. Coconut water kefir can easily be made at home using activated water kefir grains.","title":"Drink Coconut Water Kefir"},"todo_list":[{"title":"Activating Water Kefir Grains","tasks":[{"title":"Heat water and dissolve sugar in a glass jar.","content":"\n Heat half of the water in a pan and bring to a boil. Pour into a 1 US quart (0.95 L) glass jar and mix in the cane sugar until fully dissolved.\n<ul>\n<li>The heat of the water should help to thoroughly dissolve the sugar.</li>\n<li>The sugar acts as a food source for the kefir grains to thrive and grow.<sup id=\"_ref-4\" class=\"reference\" aria-label=\"Link to Reference 4\"><a href=\"#_note-4\">[4]</a><span class=\"ts_popup \" hidden=\"\" id=\"ts_popup_4\" style=\"display: none;\">\n\t<span class=\"ts_close\">X</span>\n\t\t<span class=\"ts_name\">Research source</span>\n\t\t<span class=\"ts_description\"></span>\n\t\t\t\t<a href=\"#\" class=\"ts_source\" target=\"_blank\" rel=\"nofollow noreferrer noopener\"></a>\n\n</span>\n</sup>\n</li>\n</ul>\n\n"},{"title":"Add room-temperature water.","content":"\n Pour in the other half of the room-temperature water to cool down the hot sugar water. Make sure not to overfill the jar by pouring in just enough water to reach the shoulder of the jar.\n<ul><li>You can use a thermometer to check that the sugar water has reached room temperature.<sup id=\"_ref-6\" class=\"reference\" aria-label=\"Link to Reference 6\"><a href=\"#_note-6\">[6]</a><span class=\"ts_popup \" hidden=\"\" id=\"ts_popup_6\" style=\"display: none;\">\n\t<span class=\"ts_close\">X</span>\n\t\t<span class=\"ts_name\">Research source</span>\n\t\t<span class=\"ts_description\"></span>\n\t\t\t\t<a href=\"#\" class=\"ts_source\" target=\"_blank\" rel=\"nofollow noreferrer noopener\"></a>\n\n</span>\n</sup>\n</li></ul>\n"},{"title":"Add kefir grains and cover the jar.","content":"\n Pour the water kefir grains into the cooled sugar water. Cover the jar with a cheesecloth and secure with a rubber band.\n<ul>\n<li>If you do not have a cheesecloth, you can also cover the jar using a coffee filter secured with a rubber band.<sup id=\"_ref-8\" class=\"reference\" aria-label=\"Link to Reference 8\"><a href=\"#_note-8\">[8]</a><span class=\"ts_popup \" hidden=\"\" id=\"ts_popup_8\" style=\"display: none;\">\n\t<span class=\"ts_close\">X</span>\n\t\t<span class=\"ts_name\">Research source</span>\n\t\t<span class=\"ts_description\"></span>\n\t\t\t\t<a href=\"#\" class=\"ts_source\" target=\"_blank\" rel=\"nofollow noreferrer noopener\"></a>\n\n</span>\n</sup>\n</li>\n<li>Water kefir grains can react with certain metals so if you are using a spoon to transfer the grains make sure it is non-metal.<sup id=\"_ref-9\" class=\"reference\" aria-label=\"Link to Reference 9\"><a href=\"#_note-9\">[9]</a><span class=\"ts_popup \" hidden=\"\" id=\"ts_popup_9\" style=\"display: none;\">\n\t<span class=\"ts_close\">X</span>\n\t\t<span class=\"ts_name\">Research source</span>\n\t\t<span class=\"ts_description\"></span>\n\t\t\t\t<a href=\"#\" class=\"ts_source\" target=\"_blank\" rel=\"nofollow noreferrer noopener\"></a>\n\n</span>\n</sup>\n</li>\n</ul>\n"},{"title":"Let the mixture sit for 3-4 days.","content":"\n Store the jar at room temperature and out of direct sunlight. Allow the mixture to sit for 3-4 days until the kefir grains appear plump.\n<ul><li>If the mixture sits for 5 days or longer, the grains may run out of sugar to feed on and disintegrate.<sup id=\"_ref-10\" class=\"reference\" aria-label=\"Link to Reference 10\"><a href=\"#_note-10\">[10]</a><span class=\"ts_popup \" hidden=\"\" id=\"ts_popup_10\" style=\"display: none;\">\n\t<span class=\"ts_close\">X</span>\n\t\t<span class=\"ts_name\">Research source</span>\n\t\t<span class=\"ts_description\"></span>\n\t\t\t\t<a href=\"#\" class=\"ts_source\" target=\"_blank\" rel=\"nofollow noreferrer noopener\"></a>\n\n</span>\n</sup>\n</li></ul>\n"},{"title":"Strain out the sugar water from the grains.","content":"\n You can discard the sugar water and put the grains back in the jar. The kefir grains are now activated and ready for immediate use.\n<ul><li>Make sure equipment such as strainers or spoons are non-metal as the kefir grains may react with certain metals.<sup id=\"_ref-12\" class=\"reference\" aria-label=\"Link to Reference 12\"><a href=\"#_note-12\">[12]</a><span class=\"ts_popup \" hidden=\"\" id=\"ts_popup_12\" style=\"display: none;\">\n\t<span class=\"ts_close\">X</span>\n\t\t<span class=\"ts_name\">Research source</span>\n\t\t<span class=\"ts_description\"></span>\n\t\t\t\t<a href=\"#\" class=\"ts_source\" target=\"_blank\" rel=\"nofollow noreferrer noopener\"></a>\n\n</span>\n</sup>\n</li></ul>\n"}]},{"title":"Making Coconut Water Kefir","tasks":[{"title":"Pour coconut water into a glass jar.","content":"\n For about 4 servings of water kefir, pour 4 cups of coconut water into a jar.\n<ul><li>You can use natural coconut water or sweetened coconut water based on your preferences.<sup id=\"_ref-14\" class=\"reference\" aria-label=\"Link to Reference 14\"><a href=\"#_note-14\">[14]</a><span class=\"ts_popup \" hidden=\"\" id=\"ts_popup_14\" style=\"display: none;\">\n\t<span class=\"ts_close\">X</span>\n\t\t<span class=\"ts_name\">Research source</span>\n\t\t<span class=\"ts_description\"></span>\n\t\t\t\t<a href=\"#\" class=\"ts_source\" target=\"_blank\" rel=\"nofollow noreferrer noopener\"></a>\n\n</span>\n</sup>\n</li></ul>\n"},{"title":"Add activated grains and cover the jar.","content":"\n Pour the activated grains into the coconut water and stir with a non-metal spatula. Cover the jar with a cheesecloth and rubber band.\n<ul>\n<li>Make sure the jar is covered securely to prevent contamination.<sup id=\"_ref-15\" class=\"reference\" aria-label=\"Link to Reference 15\"><a href=\"#_note-15\">[15]</a><span class=\"ts_popup \" hidden=\"\" id=\"ts_popup_15\" style=\"display: none;\">\n\t<span class=\"ts_close\">X</span>\n\t\t<span class=\"ts_name\">Research source</span>\n\t\t<span class=\"ts_description\"></span>\n\t\t\t\t<a href=\"#\" class=\"ts_source\" target=\"_blank\" rel=\"nofollow noreferrer noopener\"></a>\n\n</span>\n</sup>\n</li>\n<li>Again, if you do not have a cheesecloth you can also cover the jar with a coffee filter secured by a rubber band.<sup id=\"_ref-16\" class=\"reference\" aria-label=\"Link to Reference 16\"><a href=\"#_note-16\">[16]</a><span class=\"ts_popup \" hidden=\"\" id=\"ts_popup_16\" style=\"display: none;\">\n\t<span class=\"ts_close\">X</span>\n\t\t<span class=\"ts_name\">Research source</span>\n\t\t<span class=\"ts_description\"></span>\n\t\t\t\t<a href=\"#\" class=\"ts_source\" target=\"_blank\" rel=\"nofollow noreferrer noopener\"></a>\n\n</span>\n</sup>\n</li>\n</ul>\n"},{"title":"Let it ferment for 24-48 hours.","content":"\n Make sure the jar is stored in room temperature and is out of direct sunlight. Allow the mixture to sit for 24-48 hours.\n<ul><li>The longer the mixture ferments, the less sweet it will be. Do not let it ferment for over 72 hours as the grains may start to disintegrate.<sup id=\"_ref-18\" class=\"reference\" aria-label=\"Link to Reference 18\"><a href=\"#_note-18\">[18]</a><span class=\"ts_popup \" hidden=\"\" id=\"ts_popup_18\" style=\"display: none;\">\n\t<span class=\"ts_close\">X</span>\n\t\t<span class=\"ts_name\">Research source</span>\n\t\t<span class=\"ts_description\"></span>\n\t\t\t\t<a href=\"#\" class=\"ts_source\" target=\"_blank\" rel=\"nofollow noreferrer noopener\"></a>\n\n</span>\n</sup>\n</li></ul>\n"},{"title":"Prepare a jar of sugar water.","content":"\n Before the kefir is done fermenting, repeat steps 1 and 2 of Part 1 to make sugar water. This is so you can store the used kefir grains in the sugar water and make more batches of coconut water kefir.\n<ul><li>If kept well fed, the grains can multiply over time so that you are always ready to make a new batch of kefir.<sup id=\"_ref-20\" class=\"reference\" aria-label=\"Link to Reference 20\"><a href=\"#_note-20\">[20]</a><span class=\"ts_popup \" hidden=\"\" id=\"ts_popup_20\" style=\"display: none;\">\n\t<span class=\"ts_close\">X</span>\n\t\t<span class=\"ts_name\">Research source</span>\n\t\t<span class=\"ts_description\"></span>\n\t\t\t\t<a href=\"#\" class=\"ts_source\" target=\"_blank\" rel=\"nofollow noreferrer noopener\"></a>\n\n</span>\n</sup>\n</li></ul>\n"},{"title":"Strain water kefir and store the used grains.","content":"\n Use a fine-mesh nylon sieve to strain the coconut water kefir into a glass jar or bottle. Place the captured grains in the prepared sugar water and cover with a cheesecloth secured with a rubber band.\n<ul>\n<li>The liquid will be slightly cloudy and bubbly.<sup id=\"_ref-21\" class=\"reference\" aria-label=\"Link to Reference 21\"><a href=\"#_note-21\">[21]</a><span class=\"ts_popup \" hidden=\"\" id=\"ts_popup_21\" style=\"display: none;\">\n\t<span class=\"ts_close\">X</span>\n\t\t<span class=\"ts_name\">Research source</span>\n\t\t<span class=\"ts_description\"></span>\n\t\t\t\t<a href=\"#\" class=\"ts_source\" target=\"_blank\" rel=\"nofollow noreferrer noopener\"></a>\n\n</span>\n</sup>\n</li>\n<li>The stored grains can be refrigerated for up to 2 weeks. Make sure they are brought to room temperature when reusing.<sup id=\"_ref-22\" class=\"reference\" aria-label=\"Link to Reference 22\"><a href=\"#_note-22\">[22]</a><span class=\"ts_popup \" hidden=\"\" id=\"ts_popup_22\" style=\"display: none;\">\n\t<span class=\"ts_close\">X</span>\n\t\t<span class=\"ts_name\">Research source</span>\n\t\t<span class=\"ts_description\"></span>\n\t\t\t\t<a href=\"#\" class=\"ts_source\" target=\"_blank\" rel=\"nofollow noreferrer noopener\"></a>\n\n</span>\n</sup>\n</li>\n</ul>\n"},{"title":"Serve or store your coconut water kefir.","content":"\n You can now enjoy your freshly brewed coconut water kefir. You can also store it securely in a glass jar or bottle to drink later.\n<ul>\n<li>If you are storing your water kefir, it will become more carbonated over time. Make sure to consume the kefir within 10 days.<sup id=\"_ref-23\" class=\"reference\" aria-label=\"Link to Reference 23\"><a href=\"#_note-23\">[23]</a><span class=\"ts_popup \" hidden=\"\" id=\"ts_popup_23\" style=\"display: none;\">\n\t<span class=\"ts_close\">X</span>\n\t\t<span class=\"ts_name\">Research source</span>\n\t\t<span class=\"ts_description\"></span>\n\t\t\t\t<a href=\"#\" class=\"ts_source\" target=\"_blank\" rel=\"nofollow noreferrer noopener\"></a>\n\n</span>\n</sup>\n</li>\n<li>You can choose to flavor your coconut water kefir at any time. Get creative with different flavors by adding ingredients such as honey, ginger, lemon juice or even fruit.<sup id=\"_ref-24\" class=\"reference\" aria-label=\"Link to Reference 24\"><a href=\"#_note-24\">[24]</a><span class=\"ts_popup \" hidden=\"\" id=\"ts_popup_24\" style=\"display: none;\">\n\t<span class=\"ts_close\">X</span>\n\t\t<span class=\"ts_name\">Research source</span>\n\t\t<span class=\"ts_description\"></span>\n\t\t\t\t<a href=\"#\" class=\"ts_source\" target=\"_blank\" rel=\"nofollow noreferrer noopener\"></a>\n\n</span>\n</sup>\n</li>\n</ul>\n"}]}],"questions":[]}