{"meta":{"description":"Chia seeds are loaded with antioxidants, calcium, fiber, potassium, and Omega-3s. Not only can you cook with them, you can drink them too! Chia seeds can absorb ten times their weight, which is why they transform into a gel-like consistency when submerged in liquid. To reap their health benefits, add soaked chia seeds to your favorite beverage, create chia detox water, or make chia seed smoothies.","title":"Drink Chia Seeds"},"todo_list":[{"title":"Making Chia Seed Beverages","tasks":[{"title":"Microwave 1 cup (250 mL) of water for 30-60 seconds.","content":"\n Fill a microwave-safe container with drinking water. Heat it for 30-60 seconds or until warm. Alternatively, you can use warm tap water.\n\n"},{"title":"Add 3 tbsp (43 g) of chia seeds to the container and stir well.","content":"\n You can increase or decrease the amount of chia seeds you add, if desired. Be sure to stir the chia seeds thoroughly into the water.\n"},{"title":"Cover the container then place it in the refrigerator overnight.","content":"\n Cover the container with a tight-fitting lid or with plastic wrap held in place by a rubber band. Allow it to sit in the refrigerator overnight in order to give the chia seeds time to completely absorb the water and transform to a gel-like consistency.\n<ul><li>If you don’t have time to soak the chia seeds overnight, allow them to soak for at least 10 minutes before adding them to your drink.</li></ul>\n"},{"title":"Mix 1 cup (250 mL) of the desired liquid into the chia seed water.","content":"\n Remove the container from the refrigerator in the morning and take off the lid. Transfer the chia seeds and water to a larger vessel, if necessary. Add 1 cup (250 mL) of your favorite beverage—anything from iced coffee to pomegranate juice to almond milk—to the chia seed water and mix it thoroughly. Enjoy!\n"}]},{"title":"Creating Chia Detox Water","tasks":[{"title":"Fill a lidded container with 12 oz (355 mL) of drinking water.","content":"\n The container needs a lid as you will be shaking the drink to mix the chia seeds and water. A glass Mason or Ball jar works well for this, but you could also use a water bottle or Tupperware, then transfer the drink to a cup or glass.\n<ul><li>You could use coconut water instead of plain water, if desired.<sup id=\"_ref-6\" class=\"reference\" aria-label=\"Link to Reference 6\"><a href=\"#_note-6\">[6]</a><span class=\"ts_popup \" hidden=\"\" id=\"ts_popup_6\" style=\"display: none;\">\n\t<span class=\"ts_close\">X</span>\n\t\t<span class=\"ts_name\">Research source</span>\n\t\t<span class=\"ts_description\"></span>\n\t\t\t\t<a href=\"#\" class=\"ts_source\" target=\"_blank\" rel=\"nofollow noreferrer noopener\"></a>\n\n</span>\n</sup>\n</li></ul>\n"},{"title":"Add 1 tbsp (14.3 g) of chia seeds to the container and replace the lid.","content":"\n The chia seeds will absorb the water and swell significantly. You can increase or decrease the amount of chia seeds you add based on your personal preferences. Ensure the lid is tightly sealed so the container doesn’t leak.\n"},{"title":"Shake the container, then let it sit for 10 minutes.","content":"\n Shake the container thoroughly to distribute the chia seeds. Allow the chia seeds to soak for 10 minutes to absorb the water.\n"},{"title":"Add lime juice and agave nectar to the container.","content":"\n Remove the lid from the container. Roll one lime on the countertop with your palm to break the sections inside it. Cut the lime in half and squeeze each half over the jar. Then add ¼ tsp (1 mL) of  agave nectar, honey, or another sweetener, if desired.\n"},{"title":"Shake the container, then drink the contents.","content":"\n Be sure to replace the lid before shaking the container. The chia seeds will have a gel-like consistency, which may take some getting used to.\n"}]},{"title":"Making a Blueberry and Chia Seed Smoothie","tasks":[{"title":"Add chia seeds and almond milk to a jar or cup and stir.","content":"\n Use 2 tbsp (28.6 g) of chia seeds and ½ cup (125 mL) of almond milk. Be sure to stir the mixture thoroughly so that the chia seeds can absorb the almond milk.\n"},{"title":"Allow the mixture to set for 10 minutes, or refrigerate it overnight.","content":"\n If you’re in a hurry, allow the mixture to set for only 10 minutes to let the chia seeds absorb the almond milk. If you have more time, you can cover the mixture with a tight-fitting lid and refrigerate it. It will last for up to 4 days in the fridge.\n"},{"title":"Blend almond milk, blueberries, vanilla, coconut butter, and cinnamon.","content":"\n Put 1 cup (250 mL) of almond milk, 1 cup (227 g) of blueberries, 1 tsp (5 mL) of pure vanilla extract, 1 heaping tbsp (15 mL) coconut butter or coconut oil, and a pinch of cinnamon into a blender and blend it well.\n<ul><li>You can substitute these ingredients for others, if desired. Simply blend the chia seed and almond milk mixture into your own favorite smoothie.</li></ul>\n"},{"title":"Add the chia seeds and almond milk, then blend.","content":"\n Use a spatula or spoon to transfer the chia seeds and almond milk from the cup or jar to the blender. Blend the concoction until all the ingredients are thoroughly combined and the liquid is smooth.\n"},{"title":"Sweeten the drink with honey, and enjoy.","content":"\n If desired, you can add 1 tbsp (15 mL) of raw honey to your smoothie. Mix it in thoroughly with a spoon, or blend the drink again.\n"}]}],"questions":[]}