{"meta":{"description":"Mead is a sweet, honey-based alcoholic drink that comes in a huge variety of different flavors including very sweet, full and rich, and bone dry. Tasting mead involves picking the different flavors that you want to try before taking in the aromas, appearance, and taste of each mead. To serve mead, decide whether to chill the bottle or keep it at room temperature, choose a type of drinking vessel, and pair food with the mead if desired.","title":"Drink Mead"},"todo_list":[{"title":"Tasting Mead","tasks":[{"title":"Choose the types of mead that you want to try.","content":"\n Mead is the oldest alcoholic drink in the world, and is made from fermented honey and diluted water. It often has fruits, vegetables, grains, or spices added. You can either make your own mead at home, purchase it from a local meadery or liquor store, or go to a tasting session.\n<ul>\n<li>Traditional mead is made just from honey, water, and yeast.<sup id=\"_ref-2\" class=\"reference\" aria-label=\"Link to Reference 2\"><a href=\"#_note-2\">[2]</a><span class=\"ts_popup \" hidden=\"\" id=\"ts_popup_2\" style=\"display: none;\">\n\t<span class=\"ts_close\">X</span>\n\t\t<span class=\"ts_name\">Research source</span>\n\t\t<span class=\"ts_description\"></span>\n\t\t\t\t<a href=\"#\" class=\"ts_source\" target=\"_blank\" rel=\"nofollow noreferrer noopener\"></a>\n\n</span>\n</sup>\n</li>\n<li>Bochet mead is made by the honey being caramelized separately before the water is added. This mead has a rich marshmallow or toffee flavor!</li>\n<li>Melomel mead is made using fruit or fruit juices, and sometimes has spices added too.</li>\n<li>Metheglin mead is a mead made with lots of spices. These are usually ginger, orange peel, cinnamon, coriander, nutmeg, tea, or cloves.</li>\n</ul>\n\n"},{"title":"Go to a craft mead taproom to try a variety of different meads.","content":"\n There are over 500 meaderies scattered across the US, and many have taprooms which give you the opportunity to taste many different types of mead in one sitting. Mead is also widely available in the UK and Europe. Contact your local meadery ahead of time to arrange a tasting.\n<ul>\n<li>In the US, Maryland, Oregon, New Hampshire, Illinois, New York, and Arizona are all popular mead distributors.</li>\n<li>Some European countries such as Poland even have vacations based around mead, where you can taste many different samples and learn how to make your own.<sup id=\"_ref-4\" class=\"reference\" aria-label=\"Link to Reference 4\"><a href=\"#_note-4\">[4]</a><span class=\"ts_popup \" hidden=\"\" id=\"ts_popup_4\" style=\"display: none;\">\n\t<span class=\"ts_close\">X</span>\n\t\t<span class=\"ts_name\">Research source</span>\n\t\t<span class=\"ts_description\"></span>\n\t\t\t\t<a href=\"#\" class=\"ts_source\" target=\"_blank\" rel=\"nofollow noreferrer noopener\"></a>\n\n</span>\n</sup>\n</li>\n</ul>\n"},{"title":"Smell the mead immediately after it has been poured.","content":"\n Keep the glass still, place your nose just above the glass, and inhale deeply. Consider how many different aromas you can smell, and the tones that the mead has (such as fruity, woody, or floral).\n<ul><li>Make sure that you don’t have a cold or have just eaten a spicy meal, as this will affect your sense of smell.</li></ul>\n"},{"title":"Look at the glass of mead against a white background.","content":"\n Tilt the glass slightly to take in the color of the mead. Look straight down at the mead from above to see the intensity of the color.\n<ul>\n<li>The color depends on the type of mead that you are tasting, and what sort of honey and fruits have been used.</li>\n<li>It’s common for the color to vary slightly from the edges of the glass to the center.</li>\n</ul>\n"},{"title":"Taste a small amount of mead and let it run over your whole tongue.","content":"\n Swirl the mead slightly to aerate it, and take a small sip from the glass. Make sure that the mead comes in contact with the whole of your tongue before swallowing.\n<ul><li>Determine the blend of fruits and spices that you think have been used in the mead.</li></ul>\n"},{"title":"Evaluate the aftertaste of the mead.","content":"\n Let the flavor linger in your mouth, and see what tones you can detect. The mead may taste different when you have swallowed it compared to your first sip.\n<ul><li>Decide what you thought of the taste of the mead, including your first impression, if you liked it or not, and if it matched what you thought the taste would be based on the smell and appearance.</li></ul>\n"}]},{"title":"Serving Mead","tasks":[{"title":"Serve mead either at room temperature or slightly chilled.","content":"\n Although mead can be enjoyed hot or cold, most people today enjoy mead slightly chilled. Check the label, or ask at the meadery what the best temperature is to serve your mead.\n<ul>\n<li>If you are unsure about whether to chill your mead or keep it at room temperature, try it both ways! Experiment with how the temperature adjusts the flavor of the mead.</li>\n<li>Generally, sweeter meads are chilled to 10–12&nbsp;°C (50–54&nbsp;°F).</li>\n</ul>\n"},{"title":"Pick a glass that is 8–10  fl oz (240–300 ml) to drink mead the modern way.","content":"\n Mead is often drunk from glass or crystal vessels that are egg-shaped, have a stem, and are colorless. Mead glasses also have thin walls and are fully transparent, with no drawings or designs on the glass.\n<ul>\n<li>Using this specific type of glass will ensure that you get the best taste possible from your mead, as it will concentrate the aromas.</li>\n<li>Mead glassware is very similar to wine glassware.</li>\n<li>You can purchase mead glasses from specialty homeware stores or online.</li>\n</ul>\n"},{"title":"Drink mead from a horn, tankard, or mazer to have a traditional experience.","content":"\n Mead has existed for much longer than glass, which means that to get a traditional mead experience you will need to use a different kind of vessel. You can buy traditional mead drinking vessels online.\n<ul>\n<li>Mead horns are shaped similarly to bovine horns, as mead was originally served in cattle horns.</li>\n<li>Tankards are ale cups that are made from wood, pewter, or horn.</li>\n<li>Mazers are soup-bowl sized drinking vessels that are made from wood or metal. A traditional friendship and welcoming ceremony is still performed in some areas of Scotland, where two people symbolically drink mead from the same cup.</li>\n</ul>\n"},{"title":"Pair dry mead with dinner.","content":"\n Heavier, savoury foods go well with drier types of mead. Spiced or dark and fruity meads pair best with darker foods, such as steaks, barbeques, and stews.\n<ul>\n<li>Melomel mead that is made with dark berries or cherries pairs especially well with dark meats.</li>\n<li>For lighter meat such as chicken or fish, light, dry meads are best.</li>\n</ul>\n"},{"title":"Drink sweeter mead with dessert.","content":"\n Lighter, fruity meads pair best with sweeter foods. Sweet mead can also be enjoyed alone as a summer refreshment.\n<ul><li>Sparkling mead is also good as a palate cleanser in between courses.</li></ul>\n"},{"title":"Store leftover mead in a cool, dark place for 3-6 months.","content":"\n Room temperature is ideal for storing opened mead, as storing an open bottle in the fridge will affect the fermentation process and shorten the lifespan. Unopened mead can be stored for up to 5 years.\n<ul>\n<li>Check the label on the mead for an indication on how long that particular bottle will last.</li>\n<li>Don't freeze mead, as this will affect its flavor.</li>\n<li>You can tell when mead has gone bad because it will have a rancid aroma, and it will taste bitter.</li>\n</ul>\n"}]}],"questions":[]}