{"meta":{"description":"A Marmite broth has a distinct meaty flavour perfect for warming your insides on a cold day. Alternatively, why not try drinking Marmite in your cocktails.","title":"Drink Marmite"},"todo_list":[{"title":"Marmite Broth","tasks":[{"title":"Spoon marmite into a mug - about two thirds of a teaspoon will be sufficient.","content":"\n You can vary how much marmite you use depending on how much you can handle.\n\n"},{"title":"Boil water in a kettle.","content":"\n Enough water to fill the mug.\n"},{"title":"Pour the boiling water into the mug.","content":"\n\n"},{"title":"Stir the mixture until it becomes a light brown colour throughout.","content":"\n\n"},{"title":"Wait for the broth to cool before drinking","content":""},{"title":"If you wish, dip buttered bread into your broth to turn it into a meal.","content":"\n \n"}]},{"title":"Marmite Bloody Mary","tasks":[{"title":"Insert all the ingredients into a mixing glass and add ice.","content":"\n\n"},{"title":"Stir very well.","content":"\n\n"},{"title":"Strain the mixture into a 12oz Collins (without ice).","content":"\n\n"},{"title":"Garnish the cocktail with a celery stick and lemon wedge.","content":"\n\n"}]}],"questions":[{"title":"Can I warm the Marmite jar to aid in spreading it on bread?","content":"If it's glass, then maybe for 10 to 20 seconds, but avoid microwaving plastic or putting it in the oven as it could melt."},{"title":"How do I thicken a hot Marmite drink?","content":"You could add just a little bit of cornstarch to the drink. You don't want to add too much or it will affect the taste, but a little bit should help thicken it."},{"title":"Can I make this recipe without using hot sauce?","content":"Yes, it's perfectly fine to leave out the hot sauce if you do not want your Marmite bloody mary to be spicy."},{"title":"Can I mix Marmite with tomato juice?","content":"Yes. Mixing Marmite with tomato juice will make a very simple Bloody Mary. To do this, try Method 2 of this article to learn to make a more advanced Marmite Bloody Mary."}]}