{"meta":{"description":"Mezcal is a spirit distilled from the agave plant and mainly produced in Oaxaca. It is known for its distinct smoky flavor that’s derived during the production method used in the distilling process. It is commonly confused for tequila, but in reality, tequila is technically a type of mezcal. You can enjoy mezcal’s earthy and smoky characteristics by drinking it straight, making a mezcal margarita, or creating a Last of the Oaxacans cocktail.","title":"Drink Mezcal"},"todo_list":[{"title":"Drinking Mezcal Straight","tasks":[{"title":"Pour 2  fl oz (59 mL) of mezcal into a jicarita.","content":"\n The shape of this clay cup allows you to take in and explore mezcal’s aromas before taking a sip. Mezcal is a spirit with a spectrum of flavors including smoky, fruity, and vegetal, that are meant to be enjoyed slowly.\n<ul>\n<li>If you are new to mezcal, it is recommended to start with a less expensive bottle to get familiar with the taste.<sup id=\"_ref-2\" class=\"reference\" aria-label=\"Link to Reference 2\"><a href=\"#_note-2\">[2]</a><span class=\"ts_popup \" hidden=\"\" id=\"ts_popup_2\" style=\"display: none;\">\n\t<span class=\"ts_close\">X</span>\n\t\t<span class=\"ts_name\">Research source</span>\n\t\t<span class=\"ts_description\"></span>\n\t\t\t\t<a href=\"#\" class=\"ts_source\" target=\"_blank\" rel=\"nofollow noreferrer noopener\"></a>\n\n</span>\n</sup>\n</li>\n<li>If you don’t have a jicarita, you can drink mezcal from an old-fashioned glass. However, due to the design of the jicarita, you may not get the same experience from the aromas.</li>\n</ul>\n\n"},{"title":"Garnish with an orange wheel sprinkled with sal de gusano.","content":"\n Sal de gusano is a mixture of salt and ground chile peppers. These spices are made to enhance the earthy undertones of mezcal.\n<ul>\n<li>Authentic sal de gusano also contains ground, roasted worms from the agave plant.</li>\n<li>You can substitute sal de gusano with salt and ground dried chile peppers, but remember that the taste may vary slightly from the sal de gusano.</li>\n</ul>\n"},{"title":"Enjoy it neat and at room temperature.","content":"\n The best way to drink mezcal straight is without ice. Serving mezcal straight at room temperature is the best way to experience its colorful flavors and aromas.\n"},{"title":"Take a sip and swish it around in your mouth.","content":"\n This will open your palate and allow your taste buds to adjust to the initial burning sensation. To experience more flavor, bite into the orange garnish right after taking a sip of mezcal. Mezcal is meant to be enjoyed slowly and should not be taken as a shot.\n"},{"title":"Serve mezcal with traditional Oaxacan tlayuda.","content":"\n Since mezcal is a clear spirit, it can be paired with a variety of dishes. However, to have an authentic experience with mezcal, you should pair it with Mexican dishes. Try to stick to dishes that contain meat, cheese, and chile to bring out mezcal’s extensive flavors.\n<ul><li>Other dishes to try with mezcal are pisole or quinoa salad.<sup id=\"_ref-7\" class=\"reference\" aria-label=\"Link to Reference 7\"><a href=\"#_note-7\">[7]</a><span class=\"ts_popup \" hidden=\"\" id=\"ts_popup_7\" style=\"display: none;\">\n\t<span class=\"ts_close\">X</span>\n\t\t<span class=\"ts_name\">Research source</span>\n\t\t<span class=\"ts_description\"></span>\n\t\t\t\t<a href=\"#\" class=\"ts_source\" target=\"_blank\" rel=\"nofollow noreferrer noopener\"></a>\n\n</span>\n</sup>\n</li></ul>\n"}]},{"title":"Making a Mezcal Margarita","tasks":[{"title":"Combine 2  fl oz (59 mL) of mezcal in a cocktail shaker filled with ice.","content":"\n The stainless steel cocktail shaker should be filled ½ to ¾ of the way full with ice. This will help cool all of the ingredients before you serve your drink. There is no need to shake the mezcal and ice together yet.\n"},{"title":"Add the lime juice and agave syrup to the shaker.","content":"\n Put 1  fl oz (30 mL) of lime juice and <span class=\"frac nowrap\"><sup>1</sup>⁄<sub>2</sub></span>  fl oz (15 mL) of agave syrup into the shaker with the mezcal. The lime juice and agave are used to enhance the smokiness of the mezcal and add a little sweetness to an otherwise dry cocktail.\n<ul>\n<li>You can make agave syrup by dissolving light agave in an equal amount of hot or boiling water.</li>\n<li>If you don’t have a cocktail shaker, use a mason jar or a bottle with a screw-on lid.</li>\n</ul>\n"},{"title":"Shake the mixture for 10-30 seconds.","content":"\n Place the cap of the shaker on tightly and shake the mixture vigorously. You want the ingredients to mix thoroughly and allow the ice to completely cool the liquids.\n<ul><li>Your cocktail is ready once a light frost has formed on the outside of the shaker.</li></ul>\n"},{"title":"Strain the mixture into a cocktail glass.","content":"\n The cocktail shaker has a built-in strainer in the lid. Hold the edges of the top down, and flip the shaker upside down to strain the cocktail into a glass. Any cocktail glass will work for this dry margarita.\n<ul>\n<li>You can serve this cocktail straight up or on the rocks, whichever your prefer.</li>\n<li>This is a great drink to try if you are new to the world of mezcal. It allows you to experience its earthy and subtle tones in a familiar environment.</li>\n</ul>\n"},{"title":"Garnish with a lime wheel and serve with tacos and guacamole.","content":"\n The flavors of your mezcal margarita go great with beef, fish, or carne asada tacos. Try adding some guacamole to enhance the spice and lime flavorings in the mezcal. You should try seasonings that have black pepper, chile, or lime in it to compliment your cocktail.\n"}]},{"title":"Creating a Last of the Oaxacans Cocktail","tasks":[{"title":"Chill your cocktail glass in the freezer.","content":"\n Place the glass in the freezer and wait for it to get to 32 °F (0 °C). To speed the process up slightly, you can dampen a paper towel with water and wrap it around the glass before placing it in the freezer.\n<ul><li>Chilling your glass will keep your cocktail cold longer and remove the possibility of your drink becoming watered down by melted ice.</li></ul>\n"},{"title":"Pour the mezcal and lime juice to a shaker with ice.","content":"\n Combine your <span class=\"frac nowrap\"><sup>3</sup>⁄<sub>4</sub></span>  fl oz (22 mL) of mezcal and <span class=\"frac nowrap\"><sup>3</sup>⁄<sub>4</sub></span>  fl oz (22 mL) of lime juice into a stainless steel shaker. After you add the mezcal and lime juice, fill the shaker 2/3 of the way full with ice.\n<ul>\n<li>Use either a liquid measuring cup or a 2&nbsp;&nbsp;fl&nbsp;oz (59&nbsp;mL) shot glass to measure your liquids.</li>\n<li>If you don’t have a cocktail shaker, you can use a mason jar or a bottle that has a screw-on lid to mix your ingredients.</li>\n<li>Freshly squeezed lime juice will taste better but you can use pre-squeezed lime juice if you need to.</li>\n<li>You can opt to squeeze your own lime juice by juicing 1-2 limes.</li>\n</ul>\n"},{"title":"Add in the luxardo maraschino and green chartreuse.","content":"\n The <span class=\"frac nowrap\"><sup>3</sup>⁄<sub>4</sub></span>  fl oz (22 mL) of maraschino and <span class=\"frac nowrap\"><sup>3</sup>⁄<sub>4</sub></span>  fl oz (22 mL) of chartreuse, should both be added to the shaker that contains the mezcal, lime juice, and ice. If you want your drink on the spicier side, you can add in a slice of a serrano pepper to increase the spiciness of the drink.\n<ul>\n<li>Luxardo maraschino and green chartreuse can be found in your local liquor store.</li>\n<li>If you like your drinks to be on the spicier side, add in another pepper slice or a dash of spicy bitters.</li>\n</ul>\n"},{"title":"Shake the contents for about 20 seconds.","content":"\n Make sure you shake vigorously to mix the liquids and their flavors thoroughly. You should continue shaking until the outside of the shaker begins to frost.\n<ul><li>The frost on the outside of the shaker should form in about 20 seconds of shaking.</li></ul>\n"},{"title":"Strain the contents into your chilled cocktail glass.","content":"\n For this particular drink, you should double strain your drink. Hold a fine-mesh strainer over your cocktail glass while you pour the beverage from the shaker. Double straining simply adds another filter to keep any bits of ingredients from making it into your drink.\n<ul>\n<li>Double straining will remove any pulp or other pieces of ingredients that you want to keep out of your drink.<sup id=\"_ref-18\" class=\"reference\" aria-label=\"Link to Reference 18\"><a href=\"#_note-18\">[18]</a><span class=\"ts_popup \" hidden=\"\" id=\"ts_popup_18\" style=\"display: none;\">\n\t<span class=\"ts_close\">X</span>\n\t\t<span class=\"ts_name\">Research source</span>\n\t\t<span class=\"ts_description\"></span>\n\t\t\t\t<a href=\"#\" class=\"ts_source\" target=\"_blank\" rel=\"nofollow noreferrer noopener\"></a>\n\n</span>\n</sup>\n</li>\n<li>If you don’t have a fine-mesh strainer, place piece of cheesecloth over the top of your glass while you slowly pour your cocktail.</li>\n</ul>\n"},{"title":"Garnish with a pepper slice and serve with an Oaxacan mole sauce.","content":"\n The nice thing about using a chilled glass is that you don’t have to rush to finish your drink. As with most mezcal beverages, the Last of the Oaxacans is meant to be drunk slowly to savor every flavor. Due to the spiciness of this drink, it pairs nicely with beef, chicken, or fish smothered in a spicy red mole sauce.\n<ul><li>If heat isn’t your thing, leave off the pepper garnish.</li></ul>\n"}]}],"questions":[]}