{"meta":{"description":"Drinking milk is a great way for children and adults to get calcium and protein, which can lead to strong bones, healthy teeth and glowing skin. However, many people cannot drink cow milk because they are lactose intolerant. In fact, millions of people suffer from a cow milk allergy, and many of the same people also react negatively to goat, sheep and nut milk. There is a viable alternative: camel milk.","title":"Drink Camel Milk"},"todo_list":[{"title":"Drinking Camel Milk Plain","tasks":[{"title":"Enjoy camel milk as its own beverage.","content":"\n Camel milk tastes similar to cow milk, so there is no need to add anything to offset the taste. It is also healthier than milk from other animals because it has less lactose, the sugar found in milk. Make sure to only drink the pasteurized version, as consuming raw camel milk can leave you exposed to animal-based pathogens.\n\n"},{"title":"Consume camel milk at any time of day.","content":"\n Camel milk is a filling beverage, which means it can be had as a snack whenever you are craving it. Many people drink camel milk as part of their breakfast, while others enjoy it best as a midnight treat.\n<ul>\n<li>There is no limit to how much camel milk you can have in a day.</li>\n<li>Camel milk is effective when consumed midday, as it can give you a boost of energy.</li>\n</ul>\n"},{"title":"Use camel milk before or after exercising.","content":"\n Camel milk provides the energy and nutrition needed to get through a long day. Drinking it before or after working out is a great way to keep your heart healthy. Camel milk can both get you ready for a strenuous workout and replenish your body after you've hit the gym. \n<ul><li>The enzymes found in camel milk help your body fight off bacteria.</li></ul>\n"}]},{"title":"Mixing Camel Milk with other Drinks and Food","tasks":[{"title":"Put camel milk in your coffee.","content":"\n Camel milk mixes seamlessly with coffee and is a great way to kickstart your day. A healthy way to keep your productivity up, camel milk is perfect for anyone feeling sluggish mid-week.\n"},{"title":"Dip cookies into camel milk.","content":"\n Camel milk contains a small hint of saltiness, which helps it harmonize with cookies. Chocolate chip cookies work well, as dipping them in camel milk creates a delicious and balanced sweet-and-salty snack.\n<ul><li>You can't go wrong with other cookies, as the sweetness is what is key to having it with camel milk.</li></ul>\n"},{"title":"Cook with camel milk when recipes call for milk.","content":"\n Camel milk can be used in place of cow milk when it comes to cooking. Any dish that you would prepare using cow milk can be made with camel milk. This includes various cheeses and yogurt.\n<ul><li>Camel milk makes Feta cheese in particular especially tasty.</li></ul>\n"}]},{"title":"Buying and Storing Camel Milk","tasks":[{"title":"Try to find camel milk in health food stores.","content":"\n Though camel milk is not yet widely available in the United States, it can be found in some grocery chains and health food stores. Whole Foods sells the product in its stores across the country, while California is home to many smaller shops that sell camel milk.\n"},{"title":"Buy camel milk online if you can't find any in local stores.","content":"\n The easiest way for most people to get camel milk is to purchase it on the internet, as many companies that make the product also sell it online. Keep in mind that camels produce less milk than other animals, like cows, so it is not cheap.\n<ul><li>Camels can produce up to two gallons of milk per day, while cows can give around 12 gallons of milk per day.</li></ul>\n"},{"title":"Refrigerate the camel milk you buy.","content":"\n Camel milk must be stored at 40 degrees Fahrenheit or colder. Camel milk generally has a longer shelf life than cow milk, so it can be kept in your fridge for a few weeks without spoiling.\n<ul><li>Fresh camel milk can keep for up to a week, while cow milk can turn sour within two days.</li></ul>\n"},{"title":"Purchase camel milk carefully.","content":"\n Camel milk is still something of a niche beverage, so shop for it smartly. Whereas a gallon of cow milk goes for a little more than three dollars on average, a 16-ounce bottle of camel milk can run you about 18 dollars. Camel milk is also available in powder form, but a 200-gram packet can costs nearly 80 dollars. These prices do not account for taxes or shipping and handling fees.\n"}]}],"questions":[]}