{"meta":{"description":"Feni is an alcoholic spirit that is produced only in Goa, India. It is exported to different parts of the world, including the US. The main types of Feni are made from either coconut sap or cashew apples, and each bottle has an approximately 43-45% alcohol content. There are many ways to enjoy this liquor, such as with ice, neat, with soft drink mixers, or in cocktails. You can also taste Feni at many bars and restaurants in Goa, or at a limited number of cocktail bars in Chicago.","title":"Drink Feni"},"todo_list":[{"title":"Drinking Feni Plain","tasks":[{"title":"Use a shot glass or highball to drink Feni neat.","content":"\n Choose a shot glass that is 1.5  fl oz (44 mL) in volume, or select a highball glass if you want to sip the liquor. Keep the glass at room temperature before you pour the Feni.\n<ul><li>A shot of Feni is sometimes used to treat colds in Goa.<sup id=\"_ref-2\" class=\"reference\" aria-label=\"Link to Reference 2\"><a href=\"#_note-2\">[2]</a><span class=\"ts_popup \" hidden=\"\" id=\"ts_popup_2\" style=\"display: none;\">\n\t<span class=\"ts_close\">X</span>\n\t\t<span class=\"ts_name\">Research source</span>\n\t\t<span class=\"ts_description\"></span>\n\t\t\t\t<a href=\"#\" class=\"ts_source\" target=\"_blank\" rel=\"nofollow noreferrer noopener\"></a>\n\n</span>\n</sup>\n</li></ul>\n\n"},{"title":"Drink Feni neat to experience the strong, bitter flavor.","content":"\n Drinking Feni neat means that it is served without a mixer or ice. It isn’t chilled in any way, and is served at room temperature.\n<ul><li>Feni has a very strong flavor and a high alcohol content, so drinking it neat may take some getting used to.<sup id=\"_ref-4\" class=\"reference\" aria-label=\"Link to Reference 4\"><a href=\"#_note-4\">[4]</a><span class=\"ts_popup \" hidden=\"\" id=\"ts_popup_4\" style=\"display: none;\">\n\t<span class=\"ts_close\">X</span>\n\t\t<span class=\"ts_name\">Research source</span>\n\t\t<span class=\"ts_description\"></span>\n\t\t\t\t<a href=\"#\" class=\"ts_source\" target=\"_blank\" rel=\"nofollow noreferrer noopener\"></a>\n\n</span>\n</sup>\n</li></ul>\n"},{"title":"Have Feni over ice to enjoy a chilled beverage.","content":"\n Scoop ice cubes into either a cocktail or highball glass. Pour Feni over the top of the ice cubes.\n<ul><li>You can also chill the glass before you pour the Feni to lower the temperature even more.</li></ul>\n"},{"title":"Pair Feni with South Indian food.","content":"\n Feni is a popular drink to enjoy with South Indian cuisine, which involves many dishes that are based around lentils, rice, and stews. Common dishes to enjoy with Feni are dosa (a crêpe made from lentils and rice), saaru (a tomato, lentil, and tamarind soup), and huli (spicy vegetable and lentil stew).\n<ul><li>There are many recipes for South Indian cuisine online for you to experiment with at home. Many Indian restaurants also serve these delicious dishes.</li></ul>\n"}]},{"title":"Making Feni Cocktails","tasks":[{"title":"Use a highball or cocktail glass to drink Feni if it is mixed.","content":"\n Choose a highball glass that is 8–12  fl oz (240–350 mL) in volume. A highball glass is large enough to hold Feni combined with other beverages such as Limca, lemonade, or cola.\n<ul><li>A cocktail glass which has a long stem and triangular-shaped bowl is the perfect size to enjoy Feni cocktails. Cocktail glasses are typically 4–12&nbsp;&nbsp;fl&nbsp;oz (120–350&nbsp;mL) in volume. These glasses work best for Feni mixed with ice, lime juice, sugar, or chili.<sup id=\"_ref-8\" class=\"reference\" aria-label=\"Link to Reference 8\"><a href=\"#_note-8\">[8]</a><span class=\"ts_popup \" hidden=\"\" id=\"ts_popup_8\" style=\"display: none;\">\n\t<span class=\"ts_close\">X</span>\n\t\t<span class=\"ts_name\">Research source</span>\n\t\t<span class=\"ts_description\"></span>\n\t\t\t\t<a href=\"#\" class=\"ts_source\" target=\"_blank\" rel=\"nofollow noreferrer noopener\"></a>\n\n</span>\n</sup>\n</li></ul>\n"},{"title":"Drink Feni mixed with Limca for a traditional Goan cocktail.","content":"\n Mix together 1.5  fl oz (44 mL) of Feni and 6  fl oz (180 mL) of Limca in a highball glass. Add ice cubes and a lemon twist on the side of the glass.\n<ul>\n<li>Limca is a carbonated lemon and lime flavored drink that is sold in India. If it isn’t available in your country, try a different brand of lemon and lime soft drink. This will give a similar taste.</li>\n<li>To make a lemon twist, slice the lemon in half crosswise. The make a second, parallel cut that is 0.25&nbsp;in (0.64&nbsp;cm) from the edge of the first cut, creating a thin slice. Cut the pulp away from the peel, and twist the peel into a curl.<sup id=\"_ref-10\" class=\"reference\" aria-label=\"Link to Reference 10\"><a href=\"#_note-10\">[10]</a><span class=\"ts_popup \" hidden=\"\" id=\"ts_popup_10\" style=\"display: none;\">\n\t<span class=\"ts_close\">X</span>\n\t\t<span class=\"ts_name\">Research source</span>\n\t\t<span class=\"ts_description\"></span>\n\t\t\t\t<a href=\"#\" class=\"ts_source\" target=\"_blank\" rel=\"nofollow noreferrer noopener\"></a>\n\n</span>\n</sup>\n</li>\n</ul>\n"},{"title":"Mix Feni with a soft drink for a simple, refreshing drink.","content":"\n Mix Feni with cola, lemonade, or other fruity flavors of soda. Try out different combinations to see what you prefer.\n<ul><li>Drinking Feni with a mixer is a good way to familiarise yourself with the strong taste.</li></ul>\n"},{"title":"Use a green chili in your Feni cocktail to make a Firefly Fire.","content":"\n Use a cocktail shaker to combine 60 mL (2.0  fl oz) of cashew apple Feni with 5 mL (0.17  fl oz) of lime juice and ice. Pour the mixture over 1 green chili in a cocktail glass.\n<ul><li>After pouring the cocktail, sprinkle 1 tsp (4.17 g) of brown sugar over the top.</li></ul>\n"},{"title":"Mix together coconut Feni, lime juice, and Brindao to make a Tambdé Rosa.","content":"\n Combine 60 mL (2.0  fl oz) of coconut Feni with 10 mL (0.34  fl oz) of Brindao, and 2 mL (0.068  fl oz) of lime juice. Pour the mixture over ice in a cocktail glass, and add a garnish of mint leaves.\n<ul><li>Brindao is the extract of Kokum, which is type of fruit found in Goa.</li></ul>\n"},{"title":"Make a Cazulo Capitao to try a classic Feni cocktail.","content":"\n Shake 60 mL (2.0  fl oz) of cashew apple or coconut Feni with 10 mL (0.34  fl oz) of lime juice and 2 tsp (8.34 g) of white sugar in a cocktail shaker. Serve the cocktail chilled over ice.\n"}]},{"title":"Finding Feni","tasks":[{"title":"Go to Goa for a traditional Feni experience.","content":"\n Many Goan bars serve homemade Feni that is made by local families. Nerul, Assagao, Siolim, and Panjim all have bars that serve Feni to locals and tourists alike.\n<ul>\n<li>Many of these bars and restaurants will also serve Southern Indian cuisine, which pairs well with Feni.</li>\n<li>During April and May, Urak is also available at many bars in Goa. Urak is made from the first distillation of the cashew apples, while Feni is made from the second.<sup id=\"_ref-16\" class=\"reference\" aria-label=\"Link to Reference 16\"><a href=\"#_note-16\">[16]</a><span class=\"ts_popup \" hidden=\"\" id=\"ts_popup_16\" style=\"display: none;\">\n\t<span class=\"ts_close\">X</span>\n\t\t<span class=\"ts_name\">Research source</span>\n\t\t<span class=\"ts_description\"></span>\n\t\t\t\t<a href=\"#\" class=\"ts_source\" target=\"_blank\" rel=\"nofollow noreferrer noopener\"></a>\n\n</span>\n</sup>\n</li>\n<li>Goa is the only place in the world that makes Feni.</li>\n</ul>\n"},{"title":"Head to a Chicago cocktail bar to try Feni if you live in the US.","content":"\n Feni is still a relatively rare drink to find outside of Goa. However, some cocktail bars in Chicago have started experimenting with this alcohol to introduce Feni to the US.\n<ul><li>Bartenders are exploring different flavor combinations with Feni. These include mixing Feni with rum, date syrup, rose syrup, and grapefruit juice.</li></ul>\n"},{"title":"Purchase Feni online to try it in your own home.","content":"\n While Feni is difficult to come across outside of Goa, some US websites sell this liquor online. Use a search engine to find a Feni retailer near you.\n<ul><li>Limited liquor stores are also beginning to sell Feni in the US. These are located in Chicago, Texas, Georgia, and Illinois.<sup id=\"_ref-19\" class=\"reference\" aria-label=\"Link to Reference 19\"><a href=\"#_note-19\">[19]</a><span class=\"ts_popup \" hidden=\"\" id=\"ts_popup_19\" style=\"display: none;\">\n\t<span class=\"ts_close\">X</span>\n\t\t<span class=\"ts_name\">Research source</span>\n\t\t<span class=\"ts_description\"></span>\n\t\t\t\t<a href=\"#\" class=\"ts_source\" target=\"_blank\" rel=\"nofollow noreferrer noopener\"></a>\n\n</span>\n</sup>\n</li></ul>\n"}]}],"questions":[]}