{"meta":{"description":"Makgeolli is a traditional Korean fermented (alcoholic) drink make from rice. It has been enjoyed for centuries and can be made in a short period of time compared to wine and beer. This guide will show you the basics of how to make makgeolli in your own home.","title":"Make Makgeolli"},"todo_list":[{"title":"Steps","tasks":[{"title":"Sterilize everything thoroughly.","content":"\n Throughout the process of making the makgeolli, ensure that every utensil and container is properly sterilized. Also see Warnings below.\n"}]},{"title":"Preparing the rice","tasks":[{"title":"Wash the rice.You will need to go beyond standard rice washing, continuously filling up the bowl with water, stirring with your hand, and dumping out the dirty water.","content":"\n For best results, do this for up to 30 times.\n\n"},{"title":"Note that the water should remain clear even if you stir the rice.","content":"\n Let it sit for about an hour.\n"},{"title":"Make sugar water for yeast starter.","content":"\n Add a cup of sugar to 3 cups of water, bring to a boil and stir until the sugar is dissolved. Put this aside and let it cool to the required temperature for whatever yeast you choose.\n"},{"title":"Steam the rice.","content":"\n There are multiple methods to use for steaming rice. You can use a steamer and cheesecloth, or you can use a bamboo basket. Be sure to boil the cloth or the basket in water to sterilize it either one.\n<ul>\n<li>Steam until rice is slightly yellow.</li>\n<li>Stir the rice every so often, to cook it evenly.</li>\n</ul>\n"},{"title":"Remove the rice and allow to cool.","content":"\n You can do this two ways:\n<ul>\n<li>Leave in the bowl and let cool. This will take a longer time and the internal temperature will be higher than the outer sections.</li>\n<li>Spread over a clean surface and allow it to cool evenly. Make sure that the surface is sterilized and cleaned very well, otherwise it will be contaminated.</li>\n</ul>\n"}]},{"title":"Fermentation","tasks":[{"title":"Fill a sterile fermentation vessel up with clean water.","content":"\n Use purified water for the best taste. Tap water can be used, but it is not recommended. You can also boil the water before adding it if you are unsure of its quality.\n<ul><li>If you choose to boil the water, make sure it is the right temperature before adding the yeast and rice, otherwise you will kill the yeast and ruin the batch.</li></ul>\n"},{"title":"Add nuruk or amylase enzyme powder to the prepared rice.","content":"\n The following will explain the two methods:\n<ul>\n<li>For nuruk, moisten with water and create a paste, add in the yeast and mix well. Add the paste to the rice and mix well.</li>\n<li>For amylase enzyme powder, mix with the rice and work in thoroughly. You can add yeast now, or later, it does not matter for this method.</li>\n</ul>\n"},{"title":"Combine the rice mixture with the water and stir.","content":"\n Be sure to stir it well.\n"},{"title":"Cover the top of the vessel with a paper towel and store it in a dark place with a stable temperature.","content":"\n Take note of the temperature requirement for the yeast you are using. Avoid exposure to light, especially UV radiation. The paper towel will prevent insects from flying in and dying, but also allow for the mixture to breathe.\n"},{"title":"Leave the mixture to sit for at least 4 days.","content":"\n Stir at least once a day with a sterilized spoon.\n"}]},{"title":"After fermentation","tasks":[{"title":"Strain the contents through cheesecloth.","content":"\n You can also use a white t-shirt. Be sure to boil your choice of cloth before using and that it is clean and free of harmful chemicals.\n"},{"title":"Add water to your mixture.","content":"\n Usually, adding 3 parts water to 2 parts makgeolli is necessary. (This is optional.)\n"},{"title":"Store the mixture in the refrigerator.","content":"\n You will need to keep the makgeolli cold and covered. You may bottle it if you like, or \"back-sweeten\" it to your taste.\n<ul><li>When bottling, make sure you leave the cap slightly unscrewed in order to prevent it from exploding when you open it. Soda bottles or makgeolli bottles (the ones in which the commercial version is sold) can be used because they are built for pressure.</li></ul>\n"},{"title":"After shaking up the settled particles at the bottom, the makgeolli is ready.","content":"\n The traditional method of drinking it is from a bowl.\n"},{"title":"Finished.","content":"\n\n"}]}],"questions":[]}