{"meta":{"description":"This is a non-alcoholic drink that is a favourite drink in Saudi Arabia. It is lovely and refreshing drink. The Royal family of Saudi Arabia love drinking it. Read on to know how to prepare it.","title":"Make Saudi Champagne"},"todo_list":[{"title":"Steps","tasks":[{"title":"Take one apple, orange, and a lemon.","content":"\n\n\n"},{"title":"Now, cut them into slices.","content":"\n Make sure its not too thin. It must be as thick as shown in the image below.\n"},{"title":"Take a Glass Pitcher.","content":"\n Make sure it's transparent, so that the beauty of the champagne can be seen. \n"},{"title":"Now add the apple, lemon, and orange slices with plenty of mint sprigs.","content":"\n\n"},{"title":"Then add the Apple juice into it and stir gently.","content":"\n Let it stand for about 15-20 minutes so that the natural taste of orange and apple is added to the drink.\n"},{"title":"After 20 minutes, add lemonade or 7up to it.","content":"\n\n"},{"title":"Add ice cubes just before serving.","content":"\n\n"},{"title":"Eat the sliced fruits.","content":"\n After the liquid has been drunk, eat the fruits to finish off the treat.\n"}]}],"questions":[]}