{"meta":{"description":"This is a quick way to make what tastes a little like a lemon and sugar pancake––with a little imagination, that is!","title":"Make a Pancake Shot"},"todo_list":[{"title":"Preparation","tasks":[{"title":"Pour the Frangelico into a shot glass.","content":"\n\n\n"},{"title":"Pour the sugar into a small saucer or bowl.","content":"\n\n"},{"title":"Serve with a lemon wedge on a side plate.","content":"\n\n"}]},{"title":"Drinking the pancake shot","tasks":[{"title":"Dip the lemon wedge into the sugar.","content":"\n\n"},{"title":"Drink the Frangelico.","content":"\n At the same time, bite into the sugared lemon and suck.\n"},{"title":"Repeat!","content":"\n\n"}]}],"questions":[]}