{"meta":{"description":"Staying hydrated can be difficult, especially in hot climates or while exercising. If you find yourself getting thirsty and need a quick solution to quench that thirst, there are a variety of liquids you can turn to, and also several foods that can help.","title":"Quench Thirst Fast"},"todo_list":[{"title":"Drinking Liquids","tasks":[{"title":"Drink water.","content":"\n Water is by far the best choice for your body. Other than being refreshing, free, and easily accessible, it can also help you maintain a healthy weight. People who drink more water tend to take in fewer calories throughout the rest of the day.\n<ul><li>If plain water is too boring, mix in a sugar-free flavor additive or add slices of orange or cucumber.</li></ul>\n\n"},{"title":"Consume tea or coffee.","content":"\n It’s a myth that caffeinated beverages will dehydrate you. While caffeine itself is dehydrating, the water in tea and coffee more than makes up for it. Make it more refreshing by adding ice to create iced tea or iced coffee.\n"},{"title":"Choose a sports drink.","content":"\n Sports beverages like Gatorade and Powerade contain electrolytes, which are important minerals that your body loses when it sweats. So if you’re thirsty after exercising or being out in the heat, choose one of these high-sodium drinks.\n"},{"title":"Drink a carbonated beverage.","content":"\n Carbonation can make a drink more refreshing and influence you to drink more liquid than you would have otherwise. It won't hydrate you any better than other beverages – it just quenches your thirst quickly.\n<ul><li>Opt for a diet soda or sparkling water in order to cut out any extra sugar.</li></ul>\n"},{"title":"Try coconut water.","content":"\n The clear liquid in the center of a coconut is the coconut water, and it's become one of the fastest-growing beverage categories in the industry. It's not only refreshing but also packed with vitamins, nutrients, and electrolytes, so it's another good option for rehydrating after a workout.\n"},{"title":"Make your beverages cold.","content":"\n Cold drinks have been shown to reduce thirst more effectively than warm or room temperature beverages. Add ice to your drink or store a pitcher of water in the fridge so you always have access to chilled water.\n<ul>\n<li>If you need to chill a beverage quickly and don’t want to water it down by putting ice in it, try placing it (in a sealed bottle or can) into a bowl with water, ice, and a generous amount of salt. This will chill it in about five minutes.<sup id=\"_ref-7\" class=\"reference\" aria-label=\"Link to Reference 7\"><a href=\"#_note-7\">[7]</a><span class=\"ts_popup \" hidden=\"\" id=\"ts_popup_7\" style=\"display: none;\">\n\t<span class=\"ts_close\">X</span>\n\t\t<span class=\"ts_name\">Research source</span>\n\t\t<span class=\"ts_description\"></span>\n\t\t\t\t<a href=\"#\" class=\"ts_source\" target=\"_blank\" rel=\"nofollow noreferrer noopener\"></a>\n\n</span>\n</sup>\n</li>\n<li>For on-the-go cold drinks, fill a thermos or insulated water bottle with ice but no water. This will cause it to melt more slowly.</li>\n</ul>\n"}]},{"title":"Eating Water-Filled Foods","tasks":[{"title":"Eat fruits like watermelon and strawberries.","content":"\n Watermelon is made of 92 percent water, and also contains several vitamins and minerals, like salt, that are important for rehydration. Strawberries have more water than any other berry and also have the added bonus of being packed with vitamin C.\n<ul><li>Other examples of water-rich fruits are cantaloupe, pineapple, and raspberries.</li></ul>\n"},{"title":"Choose vegetables like cucumbers or celery.","content":"\n Cucumbers have the highest water content of any solid food (96 percent), so they’re the perfect choice for quenching your thirst when you’re not in the mood to drink anything. Celery is a close second, and the added crunch will give you some texture variety.\n<ul><li>Other example of water-rich vegetables are lettuce, spinach, and green peppers.</li></ul>\n"},{"title":"Make a chilled soup.","content":"\n While soup may not seem like the most refreshing option, a cold soup made of cucumber, greek yogurt, mint, and ice cubes can be blended quickly for a hydrating and low-calorie meal.\n<ul><li>Try other cold soup recipes like watermelon gazpacho, tomato gazpacho, or cool avocado soup.</li></ul>\n"}]}],"questions":[{"title":"Is beer a good thirst quencher?","content":"No. Carbonated beverages make you thirstier, and the alcohol it contains dehydrates you."}]}