{"meta":{"description":"If your dream is to travel, experience other cultures, or start over again in a whole new country, an overseas job may be the choice for you. While there are many things to know about how to apply for a job abroad, it's not as difficult as it was in previous generations. Technology makes it easier to find and apply for work opportunities in other countries. You will need to do your research and ensure you meet all the requirements before you apply for a position.","title":"Apply for a Job Abroad"},"todo_list":[{"title":"Researching Opportunities","tasks":[{"title":"Research the countries you would like to work in.","content":"\n You'll need to find out practical information like what kind of visas and immunizations you'll need to relocate there. You should also get a grasp of the culture and living conditions of the country you choose. Find out what the cost of living is to make sure you get a job that is sufficient to live comfortably. Be familiar with safety information, medical facilities and travel alerts.\n<ul>\n<li>Contact the embassy of the country you wish to work in, or visit the website, to find out more information about what is required to work there.</li>\n<li>Look for jobs websites run by expats working in the country you are interested in. Things like blogs can be good ways to find out what daily life is like for an expat worker in a foreign country</li>\n</ul>\n\n"},{"title":"Investigate the different routes to a job abroad.","content":"\n There are many different ways to <a href=\"/Find-a-Job-in-Another-Country\" title=\"Find a Job in Another Country\">pursue a job and career abroad</a> which will appeal to different people in different circumstances. There are possibilities for short term work, as well as more permanent positions. Once you have an idea about which country you would like to work in, or even if you are undecided, you should spend some time researching the various ways to find a job abroad.\n"},{"title":"Look for jobs with the United States government.","content":"\n One option for US citizens who are interested in working abroad is to search for positions working for the <a href=\"/Work-at-a-US-Embassy\" title=\"Work at a US Embassy\">US government</a>. There are a wide-range of professions employed by the government to work in countries across the world. The largest employers are the Defense Department, followed by the State Department.\n<ul>\n<li>Social service organizations like the Peace Corps also provide job listings and opportunities to work abroad. Peace Corps positions are voluntary, but can give you excellent experience of working in another country.</li>\n<li>The US Department of State has a <a target=\"_blank\" rel=\"nofollow noreferrer noopener\" class=\"external text\" href=\"http://iocareers.state.gov/Main/Home\">website</a> with information about vacancies for US citizens at the UN and other International Organizations.</li>\n</ul>\n"},{"title":"Consider teaching English.","content":"\n One popular way to work abroad for native English speakers is to teach English. There are many opportunities for short term and long term work in language schools and education institutes across the world, where native English speakers with sufficient training are highly sought after. The requirements will vary, but often you will need a bachelors degree as well as a qualification in teaching English.\n"},{"title":"Consider working for a local company that has foreign offices.","content":"\n Many corporations in the United States have offices in other countries. There also may be small organizations in your area that are satellite offices for international companies. Working in an organization that has international reach can lead to an assignment in an overseas job.\n<ul>\n<li>Sometimes looking closer to home can reveal possibilities to work abroad that you hadn't realized were there.</li>\n<li>If you are apply at a local company, it will be more straightforward than applying to a distant foreign firm directly.<sup id=\"_ref-4\" class=\"reference\" aria-label=\"Link to Reference 4\"><a href=\"#_note-4\">[4]</a><span class=\"ts_popup \" hidden=\"\" id=\"ts_popup_4\" style=\"display: none;\">\n\t<span class=\"ts_close\">X</span>\n\t\t<span class=\"ts_name\">Research source</span>\n\t\t<span class=\"ts_description\"></span>\n\t\t\t\t<a href=\"#\" class=\"ts_source\" target=\"_blank\" rel=\"nofollow noreferrer noopener\"></a>\n\n</span>\n</sup>\n</li>\n</ul>\n"},{"title":"Search for international job postings on regular job sites.","content":"\n As well as the specialist sites that deal with finding jobs abroad, you shouldn't neglect the major jobs listing sites and recruitment companies. Many of the largest of these organizations will operate internationally and may advertise for posts abroad alongside domestic ones. Search some of the recruitment sites and check the listings.\n<ul>\n<li>The sites for recruitment companies will also often have helpful tips for those looking to apply for a job abroad.</li>\n<li>Consider calling up your local office or paying them a visit in person if you think a recruitment advisor may be able to give you some good tips.</li>\n</ul>\n"}]},{"title":"Preparing to Apply","tasks":[{"title":"Apply for a visa and/or work permit.","content":"\n Many overseas jobs will not consider you for a position unless you already have a visa or work permit organized. Be sure you understand the requirements for a visa or work permit and know that you will be able to meet them before thinking seriously about applying for a job abroad. The embassy of the country you want to work in will provide information for applying for a Visa.\n<ul>\n<li>Ensure you have a full and valid passport before inquiring about a visa.</li>\n<li>You can also look online for visa requirements and application cycles for different countries.</li>\n<li>Country specific information is provided on the <a target=\"_blank\" rel=\"nofollow noreferrer noopener\" class=\"external text\" href=\"http://travel.state.gov/content/passports/english/country.html\">website of the US State Department</a>.</li>\n</ul>\n"},{"title":"Make contacts and use your networks.","content":"\n Finding a job abroad can be a difficult prospect. You have to demonstrate not only that you are a good person for the job, but that you can offer something more than the prospective local candidates who will most likely take less time to adapt to the new working environment. Because of this, and the difficulties of breaking into a foreign working culture, it is especially important that you utilize your contacts and networks as much as possible.\n<ul>\n<li>Use online networks as well as your college alumni association to create contacts with people working in your field abroad.</li>\n<li>Once you find people who have made the move abroad successfully, ask them for advice and guidance on how you can do the same.<sup id=\"_ref-8\" class=\"reference\" aria-label=\"Link to Reference 8\"><a href=\"#_note-8\">[8]</a><span class=\"ts_popup \" hidden=\"\" id=\"ts_popup_8\" style=\"display: none;\">\n\t<span class=\"ts_close\">X</span>\n\t\t<span class=\"ts_name\">Research source</span>\n\t\t<span class=\"ts_description\"></span>\n\t\t\t\t<a href=\"#\" class=\"ts_source\" target=\"_blank\" rel=\"nofollow noreferrer noopener\"></a>\n\n</span>\n</sup>\n</li>\n</ul>\n"},{"title":"Consider the language requirements.","content":"\n The language requirements will vary depending on the type of job you are interested in getting. For example, if you are working for the US government abroad you may find that the majority of people in your office are American and business is conducted solely in English. If you are applying to work in a foreign firm you will probably be expected to be able to work in the native language.\n<ul>\n<li>Ensure you know the expectations and can meet them before you apply for a position.</li>\n<li>Even if you do not need to be fluent in the local language to get a job, having a command of basic phrases at the minimum will make life abroad easier.</li>\n<li>If you are not required to speak the local language you should make it clear in your application that you are keen to learn and will take evening classes once you arrive.</li>\n</ul>\n"}]},{"title":"Applying For a Position","tasks":[{"title":"Get your resume in order.","content":"\n When you are ready to apply for a job abroad you need to do all the things you would do when applying for a job in your home country. This includes ensuring your resume is in good order and up to date. When you are applying for a job abroad you have to consider the specific requirements of a resume in the country you are applying to work in.\n<ul>\n<li>This could include your marital status and the number of children you have. You need to research the requirement in the country you are applying to.<sup id=\"_ref-9\" class=\"reference\" aria-label=\"Link to Reference 9\"><a href=\"#_note-9\">[9]</a><span class=\"ts_popup \" hidden=\"\" id=\"ts_popup_9\" style=\"display: none;\">\n\t<span class=\"ts_close\">X</span>\n\t\t<span class=\"ts_name\">Research source</span>\n\t\t<span class=\"ts_description\"></span>\n\t\t\t\t<a href=\"#\" class=\"ts_source\" target=\"_blank\" rel=\"nofollow noreferrer noopener\"></a>\n\n</span>\n</sup>\n</li>\n<li>An international resume is more likely to be focused on your cross-cultural skills and how your personality matches the employers ideal profile.<sup id=\"_ref-10\" class=\"reference\" aria-label=\"Link to Reference 10\"><a href=\"#_note-10\">[10]</a><span class=\"ts_popup \" hidden=\"\" id=\"ts_popup_10\" style=\"display: none;\">\n\t<span class=\"ts_close\">X</span>\n\t\t<span class=\"ts_name\">Research source</span>\n\t\t<span class=\"ts_description\"></span>\n\t\t\t\t<a href=\"#\" class=\"ts_source\" target=\"_blank\" rel=\"nofollow noreferrer noopener\"></a>\n\n</span>\n</sup>\n</li>\n<li>In Europe a resume is called a CV or curriculum vitae.</li>\n</ul>\n"},{"title":"Stress your skills and adapt to the local culture.","content":"\n Applying for an overseas job is similar to applying for any job. Employers will look at your skills to make sure they meet the job requirements. If you don't have a preference for what foreign country to move to and have specialized skills, do some research to find out which countries are in need of applicants with those skills.\n<ul>\n<li>When writing up your resume keep in mind the culture of the place you are applying to work and try to adapt to that.</li>\n<li>Working cultures vary hugely across the world so it's important that you can demonstrate an understanding and appreciation of the working culture in the country you are applying to work in.<sup id=\"_ref-12\" class=\"reference\" aria-label=\"Link to Reference 12\"><a href=\"#_note-12\">[12]</a><span class=\"ts_popup \" hidden=\"\" id=\"ts_popup_12\" style=\"display: none;\">\n\t<span class=\"ts_close\">X</span>\n\t\t<span class=\"ts_name\">Research source</span>\n\t\t<span class=\"ts_description\"></span>\n\t\t\t\t<a href=\"#\" class=\"ts_source\" target=\"_blank\" rel=\"nofollow noreferrer noopener\"></a>\n\n</span>\n</sup>\n</li>\n<li>If the jobs was advertised in a foreign language you should generally apply in that language.<sup id=\"_ref-13\" class=\"reference\" aria-label=\"Link to Reference 13\"><a href=\"#_note-13\">[13]</a><span class=\"ts_popup \" hidden=\"\" id=\"ts_popup_13\" style=\"display: none;\">\n\t<span class=\"ts_close\">X</span>\n\t\t<span class=\"ts_name\">Research source</span>\n\t\t<span class=\"ts_description\"></span>\n\t\t\t\t<a href=\"#\" class=\"ts_source\" target=\"_blank\" rel=\"nofollow noreferrer noopener\"></a>\n\n</span>\n</sup>\n</li>\n</ul>\n"},{"title":"Prepare for your interview.","content":"\n If you are applying for a job abroad there is a reasonable chance that at least the initial interview will be conducted either over the phone or through <a href=\"/Approach-a-Webcam-Job-Interview\" title=\"Approach a Webcam Job Interview\">Skype</a>. If this is the case you should prepare as you would for a face to face interview. Dress up smartly to help get you into the appropriate frame of mind, and consider standing up to keep your voice sounding strong.\n"},{"title":"Conduct yourself appropriately during the interview.","content":"\n If you are going to have an interview in the country you have applied to work in, do some research on interview customs and expectations. For example, if you have an interview in Japan you will bow deeply when you enter the room, but you wouldn't do that in any other country. In China it is not the custom to shake hands when you meet someone so do not initiate a handshake, but if someone offers you their hand follow their lead. \n<ul>\n<li>If you are in an international business environment there may be a range of nationalities and a mix of customs so pay attention to how people interact.</li>\n<li>Be sure to check with the Human Resources department of your prospective employer if you are uncertain about the expectations of you for the interview.</li>\n</ul>\n"}]}],"questions":[{"title":"How do you get a job abroad with no experience?","content":"Support wikiHow by unlocking this expert answer.\nThis may be a little harder to do, but it's certainly possible. I'd recommend emphasizing your personal experience and educational credentials. A lot of this can be explained in your cover letter, so make sure you take the time to create a great cover letter to land an interview!"}]}