{"meta":{"description":"An au pair can provide much-needed relief if you're a stressed-out parent! They're a more affordable option than nannies, as part of their pay is getting to live in the U.S. Plus, you only pay a set amount each week, even if you have multiple kids, which can make hiring an au pair even more affordable than daycare. To hire one, start by choosing an agency and figuring out if you meet the requirements. Then you can review applications sent to you by the agency and interview your top choices to see who you want to hire.","title":"Hire an Au Pair"},"todo_list":[{"title":"Picking an Agency","tasks":[{"title":"Search for agencies.","content":"\n When hiring an au pair, it's important to go through an agency. They'll do background checks and assist you with interviews. Plus, they can handle the legal side of hiring an au pair, making it much easier on you, as the au pair will need a specific visa to work in the U.S. Plus, they provide support for both you and the au pair, which is beneficial.\n<ul><li>In the U.S., pick from one of the State Department's designated agencies, as that will make the process go smoother. Also, the State Department does require that an au pair have 200 hours of experience with babies before caring for a child under 2. However, it doesn't have any such requirements for older kids.</li></ul>\n\n"},{"title":"Check the price.","content":"\n Of course, price is always going to be a factor, and many agencies require certain fees for both the agency and the au pair. Compare fees to see which agencies are more expensive. Obviously, choosing the cheapest may not be the best plan, as that agency may not provide as much support as others.\n<ul><li>Look at the total fees, not just what you pay to the agency. Typically, you'll pay $350 to $500 a week in fees and a stipend to the au pair.</li></ul>\n"},{"title":"Check into the agency's policies.","content":"\n How the agency handles placement can make a big difference. For instance, some agencies carefully select 3 or 4 au pairs for you to look at based on your preferences, while others just let you look at all of the applicants. Similarly, some agencies have better replacement policies than others, if your au pair doesn't work out for some reason; some will find you a new au pair if you have a problem, while others will try to keep the old au pair there as long as possible. Read the details carefully.\n"},{"title":"Look at what countries the agency represents.","content":"\n That is, most agencies specialize in au pairs from certain countries. If that's important to you, check to see what countries most au pairs come from for each agency.\n<ul><li>For instance, 1 agency may have au pairs mostly from Brazil, while another agency may specialize in Eastern European au pairs.</li></ul>\n"}]},{"title":"Meeting the Requirements","tasks":[{"title":"Decide if you can meet the financial obligations.","content":"\n Each agency charges an annual fee, and you'll also need to pay a weekly stipend to the au pair. Generally, you'll end up paying $350-$500 per week for an au pair. While more affordable than a nanny, it can get expensive to hire an au pair.\n<ul><li>Many also require you to pay $500/year in tuition for the au pair.</li></ul>\n"},{"title":"Prepare a bedroom.","content":"\n When you have an au pair, you need to provide them with a dedicated bedroom with bed and other furniture. You'll also need to provide linens. Most agencies require that you have a private bedroom for the au pair, though not a private bathroom. The bathroom can be shared with other members of the family.\n"},{"title":"Meet the requirements.","content":"\n Hiring an au pair comes with some extra things you need to do because they're living in your house! To get an au pair, you and any adult who lives in your house must pass a background check, so the agency knows you're safe for the au pair. You also must be fluent in English and be a legal resident of the U.S. Also, the au pair usually cannot care for any child under 3 months or a child with special needs, unless the person has experience with a special needs child.\n"}]},{"title":"Picking an Au Pair","tasks":[{"title":"Review the applications and resumes.","content":"\n Just like any employee, you want to take a careful look at the applications and resumes of the au pairs the agency sends your way. Check to see if they have the basic credentials you want, as well as if they seem like they would be a good fit for your family. For instance, you may want them to have at least 2 years of experience with childcare, or you may want them to be able to provide educational activities for your child.\n"},{"title":"Read the letter to the host family.","content":"\n With most agencies, the au pair is required to write a letter to potential families. This letter gives you a chance to get a sense of the person, including how well they speak English and what they value. As you read, think about whether it seems like the person would be a good fit for your family.\n"},{"title":"Review each au pair's credentials.","content":"\n If the au pair offers credentials, try to figure out what they mean. Talk to your agency about what different credentials mean, and research them on the internet, as well. Make sure your au pair meets the standards you want.\n<ul><li>It can be difficult to know what an au pair's credentials mean when they're coming from another country. That's why it's important to discuss them with the agency and to research them yourself on the internet. You may find that some credentials are essentially meaningless, while others show a certain level of competence.</li></ul>\n"},{"title":"Ignore applicants that aren't a good fit.","content":"\n If someone doesn't seem like a good fit, they probably aren't. If your agency keeps sending you people that fall into this category, have a discussion with them about your criteria so they know what you want.\n"},{"title":"Narrow down the candidates.","content":"\n After you've reviewed the materials for each candidate, take some time to narrow down your choices. Pick 2 or 3 you'd like to interview, based on how good of a match they seem to be for your family. \n"}]},{"title":"Interviewing an Au Pair","tasks":[{"title":"Come up with a list of questions ahead of the interview.","content":"\n You'll likely be able to do an interview over the phone or video chat, so prepare questions to ask your au pair. If you've never done an interview before, you want to be prepared as you can. Write down the questions so you'll have them ready.\n<ul>\n<li>Think about the things that are most important to you when it comes to childcare. Is your goal to provide supplemental education? Address that in the questions. Do you feel better with an au pair who has a lot of experience? Ask questions about that, too.</li>\n<li>You can ask questions such as\n<ul>\n<li>What experience do you have with childcare?</li>\n<li>What do you like about working with kids? What do you dislike?</li>\n<li>How would you keep a preschooler engaged throughout the day?</li>\n<li>How you would you help a preschooler learn?</li>\n<li>What are your expectations for your time here?</li>\n</ul>\n</li>\n</ul>\n"},{"title":"Call or video chat instead of emailing.","content":"\n It's important to interview the au pairs before making your decision. It's hard to get a sense of a person over email, and talking to the person will give you an idea if they will be a good fit for your family.\n"},{"title":"Open with a bit of chitchat.","content":"\n The interview isn't an interrogation. You want the person to feel comfortable during the interview, so try asking them a little about themselves and what they like doing. Tell them some about your family before moving on to the questions you have.\n"},{"title":"Ask your questions and take notes.","content":"\n Talk time to go through the list of questions, making sure you allow some deviation if the au pair feels like talking about something a bit more. As they talk, take notes so you have something to refer to later. Think about how the person's reactions. Do they seem like they'd be responsible? Do you feel like they could provide the flexibility your family needs?\n"},{"title":"Pick the person you'd like to join your family.","content":"\n Once you've conducted interviews with your top choices, take time to think about each one. Figure out who feels like the best fit, as well as the person who has the best mix of experience and credentials, and then contact the agency about hiring that person.\n"}]}],"questions":[]}