{"meta":{"description":"Because the United States is not part of the European Union, which allows its citizens to work without a special permit in any member country, securing a job in Spain as an American is difficult and time-consuming. Beyond the obstacle of finding a job, the would-be employee must apply for special paperwork allowing him or her to reside in Spain. The steps below will first suggest how to secure a position working in Spain, then teach you how to apply for and secure your work permit.","title":"Work in Spain As an American"},"todo_list":[{"title":"Steps","tasks":[{"title":"Search Spanish jobs sites, newspaper classifieds, and expat living websites for an available job in Spain.","content":"\n\n\n"},{"title":"Jobs teaching English or working in the tourist sector are generally easier to secure; if you have business or technical skills, seek out specialized firms that might be willing to hire foreign workers.","content":"\n\n"},{"title":"Seek out tourist-oriented businesses such as bars and hotels, or get a Teaching English as a Foreign Language certificate and inquire at language schools for positions, if you are already in Spain.","content":"\n\n"},{"title":"Have your employer submit an application to the Spanish Immigration Office approving you for a work permit and residency visa.","content":"\n\n"},{"title":"Renew your passport if it is expiring in the next year.","content":"\n\n"},{"title":"Request a Police Records certificate from the local police in the from any place where you have resided more than six months in the past five years.","content":"\n  This letter needs to be notarized.  If you have lived outside the USA in this period, you will require a letter from those countries.\n<ul><li>If you have been living in the United States for at least five years, you will need to request and receive an FBI records report.  This can take up to three weeks to receive once you requested it.<div class=\"mwimg  largeimage  floatcenter \" style=\"max-width:728px\"><a href=\"#/Image:Work-in-Spain-As-an-American-Step-7.jpg\" class=\"image\"><div class=\"content-spacer\" style=\"padding-top:75%\"><div class=\"loading-container\"><div class=\"loader\"><div class=\"loader-dot\"></div><div class=\"loader-dot\"></div><div class=\"loader-dot\"></div></div></div>\n<img alt=\"\" decoding=\"async\" class=\"whcdn content-fill img-loading-alt\" data-srclarge=\"/images/thumb/a/a2/Work-in-Spain-As-an-American-Step-7.jpg/aid1508569-v4-728px-Work-in-Spain-As-an-American-Step-7.jpg\" data-width=\"460\" data-height=\"345\" id=\"71c83080746f3e2ded474bf0e3eff5d5\" data-src=\"https://www.wikihow.com/images/thumb/a/a2/Work-in-Spain-As-an-American-Step-7.jpg/v4-460px-Work-in-Spain-As-an-American-Step-7.jpg\" loading=\"lazy\" src=\"/images/thumb/a/a2/Work-in-Spain-As-an-American-Step-7.jpg/aid1508569-v4-728px-Work-in-Spain-As-an-American-Step-7.jpg.webp\"><script>WH.shared.addScrollLoadItem('71c83080746f3e2ded474bf0e3eff5d5')</script>\n</div>\n<noscript><img alt=\"Image titled Work in Spain As an American Step 7\" src=\"https://www.wikihow.com/images/thumb/a/a2/Work-in-Spain-As-an-American-Step-7.jpg/v4-460px-Work-in-Spain-As-an-American-Step-7.jpg\" decoding=\"async\" class=\"whcdn content-fill\" data-srclarge=\"/images/thumb/a/a2/Work-in-Spain-As-an-American-Step-7.jpg/aid1508569-v4-728px-Work-in-Spain-As-an-American-Step-7.jpg\" data-width=\"460\" data-height=\"345\" id=\"71c83080746f3e2ded474bf0e3eff5d5\"></noscript>\n<div class=\"image_details\" style=\"display:none;\"><span style=\"display:none;\">{\"smallUrl\":\"https:\\/\\/www.wikihow.com\\/images\\/thumb\\/a\\/a2\\/Work-in-Spain-As-an-American-Step-7.jpg\\/v4-460px-Work-in-Spain-As-an-American-Step-7.jpg\",\"bigUrl\":\"\\/images\\/thumb\\/a\\/a2\\/Work-in-Spain-As-an-American-Step-7.jpg\\/aid1508569-v4-728px-Work-in-Spain-As-an-American-Step-7.jpg\",\"smallWidth\":460,\"smallHeight\":345,\"bigWidth\":728,\"bigHeight\":546,\"licensing\":\"&lt;div class=\\\"mw-parser-output\\\"&gt;&lt;p&gt;License: &lt;a target=\\\"_blank\\\" rel=\\\"nofollow noreferrer noopener\\\" class=\\\"external text\\\" href=\\\"https:\\/\\/creativecommons.org\\/licenses\\/by-nc-sa\\/3.0\\/\\\"&gt;Creative Commons&lt;\\/a&gt;&lt;br&gt;\\n&lt;\\/p&gt;&lt;p&gt;&lt;br \\/&gt;\\n&lt;\\/p&gt;&lt;\\/div&gt;\"}</span></div></a></div>\n</li></ul>\n"},{"title":"Consult a doctor and have them give you a report, printed on doctor's headed paper, stating that you do not have any contagious diseases, drug addictions, or mental illnesses.","content":"\n There is a standard form letter on the exteriors.gob.es website that your doctor can use.\n<ul><li>In the United States, the doctor will need to be your regular doctor who has seen you regularly.  If you do not have a previous medical relationship with the doctor, you will find it very hard to get this letter.  The doctor may require you to take a blood test, and provide your immunization records before giving you the letter.</li></ul>\n"},{"title":"Secure two passport-sized photos of yourself.","content":"\n\n"},{"title":"Fill out two National Visa Applications from the Spanish Consulate in the United States.","content":"\n\n"},{"title":"Gather the materials indicated above (including the letter from the Spanish Immigration Office approving your employer's request for a work permit and residency visa) and submit them to the Spanish Consulate that covers your area of residence in the United States.","content":"\n\n"},{"title":"Pay the visa application fee with a money order.","content":"\n  No other form of payment will be accepted.\n"},{"title":"Appear at the Consulate to gather your visa within one month of its approval.","content":"\n  Check your local consulate to see if they require an appointment.  Chicago does but Washington DC does not.\n"},{"title":"Apply for a residency visa in Spain within one month of arrival in Spain.","content":"\n\n"},{"title":"Register with the Spanish Social Security System as soon as you begin your job in Spain.","content":"\n\n"}]}],"questions":[{"title":"Can a tourist visa be commuted for a work visa while in Spain?","content":"No. The proper visa needs to be obtained before you enter the country."},{"title":"Can either a work or education visa in Spain be used for work in the greater EU as well?","content":"No, any work permit issued by a country within the European Union is not transferable to another EU country. You have to seek a work permit from the EU country in which you want to work directly. The process changes per country. Spain requires you to have a letter of offer from a Spanish employer, along with other requirements. Your Spanish employer also needs to prove that you are highly qualified if your profession/qualifications are in demand under the Spanish government's list of \"in demand occupations.\" It is a long, bureaucratic, and complex process."}]}