{"meta":{"description":"Not everyone wants to live and work in the country that they were born in, but finding work in a foreign country can be a daunting experience. Every situation is different and depends on the policies of the originating and destination country, as well as the industry, experience and background of the person seeking work. There are, however, some recommended ways to find work abroad, whether you are seeking permanent employment or just want to see more of the world.","title":"Work Abroad"},"todo_list":[{"title":"Planning Ahead","tasks":[{"title":"Choose a location.","content":"\n You might be certain that you want to work in a certain location, or just excited about the prospect of working abroad and ready to pursue any opportunity in any country. Either way, you’ll need to start with a specific location so that you can research the requirements to find work there.\n<ul>\n<li>You will want to look into the cost of living, the potential salary you can earn, housing possibilities, as well as living standards for any country that you are considering.<sup id=\"_ref-1\" class=\"reference\" aria-label=\"Link to Reference 1\"><a href=\"#_note-1\">[1]</a><span class=\"ts_popup \" hidden=\"\" id=\"ts_popup_1\" style=\"display: none;\">\n\t<span class=\"ts_close\">X</span>\n\t\t<span class=\"ts_name\">Research source</span>\n\t\t<span class=\"ts_description\"></span>\n\t\t\t\t<a href=\"#\" class=\"ts_source\" target=\"_blank\" rel=\"nofollow noreferrer noopener\"></a>\n\n</span>\n</sup>\n</li>\n<li>The CIA World Factbook, the UK Foreign &amp; Commonwealth Office, and similar organizations maintain lots of information about nations of the world.<sup id=\"_ref-2\" class=\"reference\" aria-label=\"Link to Reference 2\"><a href=\"#_note-2\">[2]</a><span class=\"ts_popup \" hidden=\"\" id=\"ts_popup_2\" style=\"display: none;\">\n\t<span class=\"ts_close\">X</span>\n\t\t<span class=\"ts_name\">Research source</span>\n\t\t<span class=\"ts_description\"></span>\n\t\t\t\t<a href=\"#\" class=\"ts_source\" target=\"_blank\" rel=\"nofollow noreferrer noopener\"></a>\n\n</span>\n</sup><sup id=\"_ref-3\" class=\"reference trusted\" aria-label=\"Link to Reference 3\"><a href=\"#_note-3\">[3]</a><span class=\"ts_popup trustedsource\" hidden=\"\" id=\"ts_popup_3\" style=\"display: none;\">\n\t<span class=\"ts_close\">X</span>\n\t\t<a class=\"ts_trustworthy\" href=\"/wikiHow:Delivering-a-Trustworthy-Experience\">Trustworthy Source</a>\n\n\t\t<span class=\"ts_name\">Official UK government website</span>\n\t\t<span class=\"ts_description\">Official website for the public sector of the UK government</span>\n\n\t\t\t\t<a href=\"#\" class=\"ts_source\" target=\"_blank\" rel=\"nofollow noreferrer noopener\">Go to source</a>\n</span>\n</sup> Reviewing this information can help you decide where you want to work.</li>\n<li>For any location you are considering, you should also think about its attitudes toward foreigners in general as well as things like safety, human rights, race, ethnicity, gender, sexuality, etc.<sup id=\"_ref-4\" class=\"reference\" aria-label=\"Link to Reference 4\"><a href=\"#_note-4\">[4]</a><span class=\"ts_popup \" hidden=\"\" id=\"ts_popup_4\" style=\"display: none;\">\n\t<span class=\"ts_close\">X</span>\n\t\t<span class=\"ts_name\">Research source</span>\n\t\t<span class=\"ts_description\"></span>\n\t\t\t\t<a href=\"#\" class=\"ts_source\" target=\"_blank\" rel=\"nofollow noreferrer noopener\"></a>\n\n</span>\n</sup>\n</li>\n</ul>\n\n"},{"title":"Research and obtain any necessary permits and regulations.","content":"\n To work abroad in most countries, you will need to obtain a work visa from that country, or a visa that allows certain types of work. Each nation has specific and individual laws regarding foreign workers, so make sure to research these when deciding where you want to work abroad.\n<ul><li>Make sure to learn your home country’s tax laws, in addition to meeting the requirements for working in the country abroad. For instance, you may be required to pay taxes to your home country on money earned abroad, in addition to taxes paid in the country of work.<sup id=\"_ref-8\" class=\"reference trusted\" aria-label=\"Link to Reference 8\"><a href=\"#_note-8\">[8]</a><span class=\"ts_popup trustedsource\" hidden=\"\" id=\"ts_popup_8\" style=\"display: none;\">\n\t<span class=\"ts_close\">X</span>\n\t\t<a class=\"ts_trustworthy\" href=\"/wikiHow:Delivering-a-Trustworthy-Experience\">Trustworthy Source</a>\n\n\t\t<span class=\"ts_name\">Internal Revenue Service</span>\n\t\t<span class=\"ts_description\">U.S. government agency in charge of managing the Federal Tax Code</span>\n\n\t\t\t\t<a href=\"#\" class=\"ts_source\" target=\"_blank\" rel=\"nofollow noreferrer noopener\">Go to source</a>\n</span>\n</sup>\n</li></ul>\n"},{"title":"Decide if you want short-term or long-term work.","content":"\n Knowing whether or not you want to spend an extended period of time working abroad will help you when seeking a position overseas. Some programs are specifically designed for short-term workers, while long-term employment abroad can lead to a more immersive experience. \n<ul><li>When deciding how long to work abroad, you should also consider how the idea fits into your other obligations and plans (school, family, career path, etc.).</li></ul>\n"},{"title":"Figure out if you want to find a job and then move, or move first and find a job once you are abroad.","content":"\n Either option may be viable, depending on your situation and location. Having a job lined up beforehand can streamline the process of working abroad, as well as reduce anxiety. On the other hand, waiting to find a job until you are in your location can allow you to get abroad sooner. Moreover, you may find it easier to look for a job once you are able to meet other people and learn about the location first-hand. \n"},{"title":"Learn about the language and culture.","content":"\n Immersing yourself in the language and culture of a nation abroad is the best way to gain real international experience. However, you can prepare to work abroad, and make yourself a more viable job candidate, by learning as much as you can beforehand.\n<ul>\n<li>See if a local university or other institution offers a course in the language of the nation you are hoping to work in.</li>\n<li>Look for online study courses.</li>\n<li>Follow a program of self-study to learn the language.</li>\n<li>At the very least, study basic words and phrases (greetings, “please,” “thank you,” numbers, etc.) before you go.</li>\n</ul>\n"},{"title":"Develop special skills that will be valued abroad.","content":"\n If you have skills in a technical area, trade, or high-demand field—such as medicine, engineering, or Teaching English as a Foreign Language (TEFL)—it may be easier to find work abroad. Consider gaining skills in such an area before seeking work overseas. \n"}]},{"title":"Finding Employment","tasks":[{"title":"Familiarize yourself with resources for finding jobs abroad.","content":"\n Once you have narrowed down the location, you will need to start investigating how to find work in the country of your choice. Research databases like the U.S. State Department’s extensive list of resources for expatriates and those seeking work abroad. This information can give you a general overview of the kinds of programs, support, and placement services that can help you find work abroad. \n"},{"title":"Seek an overseas position with a company or organization based in your home country.","content":"\n\n One of the easiest ways to find work abroad is to shift to an international position in a company or organization that you already work for. If it has offices or positions abroad, inquire about these."},{"title":"Find a government job.","content":"\n Governments are responsible for many jobs for foreigners. You may be able to seek work abroad directly by applying to an overseas job with your government. Alternatively, you may be able to work for your government in your home country, and then shift to an international position later. \n<ul><li>Some specific programs, such as International Organization Careers, help connect applicants to jobs with government organizations abroad.<sup id=\"_ref-14\" class=\"reference\" aria-label=\"Link to Reference 14\"><a href=\"#_note-14\">[14]</a><span class=\"ts_popup \" hidden=\"\" id=\"ts_popup_14\" style=\"display: none;\">\n\t<span class=\"ts_close\">X</span>\n\t\t<span class=\"ts_name\">Research source</span>\n\t\t<span class=\"ts_description\"></span>\n\t\t\t\t<a href=\"#\" class=\"ts_source\" target=\"_blank\" rel=\"nofollow noreferrer noopener\"></a>\n\n</span>\n</sup>\n</li></ul>\n"},{"title":"Work for a nonprofit.","content":"\n Non-governmental organizations and nonprofits can also provide exciting work opportunities abroad. You can start by looking into those organizations which have an international presence, and see if any of them have positions available overseas.\n"},{"title":"Volunteer abroad.","content":"\n If you can’t find paid employment overseas, you can seek volunteer work instead. This can be equally rewarding and lead to immersive and unique international experiences. Check with governmental and non-governmental organizations, religious centers, and other groups that often have volunteer opportunities abroad.\n<ul>\n<li>Some volunteer opportunities can provide a stipend or other support (housing, a food allowance, etc.) that can help fund your time abroad.</li>\n<li>If you are volunteering abroad, you may also be able to <a href=\"/Fundraise\" title=\"Fundraise\">raise money</a> beforehand in your community or through a crowdfunding campaign to help support you while you are overseas.</li>\n</ul>\n"},{"title":"Use a placement service.","content":"\n If you want to streamline the process of finding work abroad, you can use a service that specializes in connecting interested individuals with overseas employment opportunities. There may be a fee or other requirements for using these services, but they can take some of the hard work off your hands.\n"},{"title":"Consider other forms of employment.","content":"\n In addition to working for a company, government, non-profit, or other established organization, you could also seek less-traditional or irregular employment abroad. As long as you follow the laws and regulations of your destination and home countries, you may also be able to work abroad by:\n<ul>\n<li>Serving as an au pair</li>\n<li>Busking</li>\n<li>Writing freelance journalism or other work</li>\n<li>Giving informal lessons (language, music, etc.)</li>\n<li>Serving as a private tour guide for tourists</li>\n<li>Farming; the organization World Wide Opportunities on Organic Farms (WWOOF), or instance, connects people with agricultural employment overseas.<sup id=\"_ref-22\" class=\"reference\" aria-label=\"Link to Reference 22\"><a href=\"#_note-22\">[22]</a><span class=\"ts_popup \" hidden=\"\" id=\"ts_popup_22\" style=\"display: none;\">\n\t<span class=\"ts_close\">X</span>\n\t\t<span class=\"ts_name\">Research source</span>\n\t\t<span class=\"ts_description\"></span>\n\t\t\t\t<a href=\"#\" class=\"ts_source\" target=\"_blank\" rel=\"nofollow noreferrer noopener\"></a>\n\n</span>\n</sup>\n</li>\n</ul>\n"}]},{"title":"Working as a Student","tasks":[{"title":"Discover the resources that are available to you.","content":"\n Students have lots of opportunities to work abroad, since many colleges and universities are very supportive of international experiences. If you are a student, one of the first things you should do is contact your school about your plans to see what resources are available to help you.\n<ul>\n<li>Many colleges and universities have an office of international education or study abroad; it may also be able to help you find work overseas.</li>\n<li>Programs such as STA Travel and the Council on International Education Exchange (CIEE) are intended to help students travel, study, and work abroad. One or more of these organizations may even have a representative or office on your campus.</li>\n</ul>\n"},{"title":"Look for special student programs.","content":"\n Some programs offer special work opportunities designed for current or recent students. These programs work to place applicants with jobs abroad, ranging from entry-level to highly specialized. In addition, these programs may offer support (language instruction, health care, housing, etc.) that can be a big help when working abroad. Examples of these programs include: \n<ul>\n<li>International Organization Careers<sup id=\"_ref-23\" class=\"reference\" aria-label=\"Link to Reference 23\"><a href=\"#_note-23\">[23]</a><span class=\"ts_popup \" hidden=\"\" id=\"ts_popup_23\" style=\"display: none;\">\n\t<span class=\"ts_close\">X</span>\n\t\t<span class=\"ts_name\">Research source</span>\n\t\t<span class=\"ts_description\"></span>\n\t\t\t\t<a href=\"#\" class=\"ts_source\" target=\"_blank\" rel=\"nofollow noreferrer noopener\"></a>\n\n</span>\n</sup>\n</li>\n<li>The Fulbright Programs<sup id=\"_ref-24\" class=\"reference\" aria-label=\"Link to Reference 24\"><a href=\"#_note-24\">[24]</a><span class=\"ts_popup \" hidden=\"\" id=\"ts_popup_24\" style=\"display: none;\">\n\t<span class=\"ts_close\">X</span>\n\t\t<span class=\"ts_name\">Research source</span>\n\t\t<span class=\"ts_description\"></span>\n\t\t\t\t<a href=\"#\" class=\"ts_source\" target=\"_blank\" rel=\"nofollow noreferrer noopener\"></a>\n\n</span>\n</sup>\n</li>\n<li>The Peace Corps<sup id=\"_ref-25\" class=\"reference\" aria-label=\"Link to Reference 25\"><a href=\"#_note-25\">[25]</a><span class=\"ts_popup \" hidden=\"\" id=\"ts_popup_25\" style=\"display: none;\">\n\t<span class=\"ts_close\">X</span>\n\t\t<span class=\"ts_name\">Research source</span>\n\t\t<span class=\"ts_description\"></span>\n\t\t\t\t<a href=\"#\" class=\"ts_source\" target=\"_blank\" rel=\"nofollow noreferrer noopener\"></a>\n\n</span>\n</sup>\n</li>\n</ul>\n"},{"title":"Seek an internship abroad.","content":"\n Internships can provide experience that will be valuable for future employment; by working an internship abroad, you will gain even richer knowledge, expertise, and training. Contact your school’s international education or study abroad office about overseas internship opportunities to get ideas.\n"},{"title":"Seek academic credit for work abroad.","content":"\n If your work abroad is potentially related to your academic program, you may be able to see credit for working abroad, as is often the case with internships. Contact your academic program about this possibility well before going abroad so that you have time to plan and coordinate.\n"}]}],"questions":[{"title":"How do I prepare myself to work abroad?","content":"Absorb as much of the language as you can. I like to watch something in the language I'm studying on Netflix. I don't always understand it, but after a while it helps the language start to sound more familiar!"},{"title":"How can I get a job abroad?","content":"Start with networking to find opportunities. Additionally, send out online applications to jobs abroad. Be prepared for a lot of Skype calls for interviews!"},{"title":"How do you get a work visa?","content":"For work visas, it’s often easier to work for a company based in your country of permanent residence that has international offices."}]}