{"meta":{"description":"Collecting vintage computers has become a hobby for some technology and computer enthusiasts within recent years. Some collectors enjoy playing games on older, vintage computers; whereas other collectors enjoy the challenge of restoring the computers to their original working state and appearance. Vintage computers can be obtained from multiple sources; including flea markets, garage sales, thrift stores, electronic shops, and more. In some cases, you can purchase vintage computers from schools and universities who upgraded to newer equipment years before, but never disposed of the equipment; whereas various websites on the Internet can also be a good resource. Continue reading this guide to learn where you can find and purchase vintage computers for your personal collection.","title":"Collect Vintage Computers"},"todo_list":[{"title":"Retail Stores","tasks":[{"title":"Look for vintage computers at thrift and consignment stores.","content":"\n People often donate their older, outdated computer models to thrift stores or sell them to consignment stores.\n\n"},{"title":"Search for vintage computers at electronic repair or surplus shops.","content":"\n Some repair shops may have vintage computers that have been resting in storage rooms for extended periods of time.\n"},{"title":"Consult pawn stores regarding vintage computers.","content":"\n Although pawn shops are less likely to pay for outdated computers provided by patrons, they may acquire vintage computers specifically for selling to collectors.\n"},{"title":"Consult with store clerks regarding bargain prices.","content":"\n In some cases, store clerks in thrift shops, consignment stores, surplus, or repair shops will lower the prices of computers if they have had them in stock for long periods of time.\n<ul><li>Ask the store clerks specifically when sales will occur. This will allow you to revisit the store when sales occur, and purchase the vintage computers at lower prices.</li></ul>\n"}]},{"title":"Garage, Yard, Estate Sales, and Flea Markets","tasks":[{"title":"Search for vintage computers at garage sales, yard sales, and estate sales.","content":"\n Sometimes people will clean out their attics and basements and realize they never disposed of their outdated computer models.\n"},{"title":"Visit flea markets to look for vintage computers.","content":"\n\n"},{"title":"Determine when sales events will take place in your area.","content":"\n\n<ul><li>Review classified ads in local newspapers and online to learn of the dates and times that garage sales, yard sales, estate sales, and flea markets will occur.</li></ul>\n"}]},{"title":"Schools and Businesses","tasks":[{"title":"Contact schools, colleges, and universities in regards to vintage computers.","content":"\n Locales such as these may have upgraded their computers several times throughout the years and are storing their equipment on the premises.\n<ul><li>Speak with administrators or professors that work specifically in computer science, library, chemistry, biology, physics, and similar fields that require consistent use of computers and technology.</li></ul>\n"},{"title":"Consult with large corporate buildings or businesses about vintage computers.","content":"\n Some companies may sell you their older computers or provide you with information about the distributors they return their older computers to.\n"}]},{"title":"Websites and the Internet","tasks":[{"title":"Collect vintage computers from auction websites.","content":"\n Websites such as eBay will feature vintage computers for sale by small businesses and individuals from around the world.\n<ul><li>Review the feedback ratings of sellers before purchasing their vintage computers. This may prevent you from having to deal with unreliable or dishonest sellers that will not honor the sale or allow product returns.</li></ul>\n"},{"title":"Review classified ad websites for vintage computers.","content":"\n Websites such as eBay Classifieds or Craigslist may feature vintage computers for sale by sellers in your local area.\n"},{"title":"Perform an Internet search for vintage computers.","content":"\n There are a variety of web stores, businesses, and organizations that sell vintage computers you can collect.\n<ul>\n<li>Enter keyword search terms such as \"vintage computers for sale,\" then review the search results that appear to locate websites selling vintage computers.</li>\n<li>Review the terms and conditions on each website before finalizing your vintage computer purchase. Some websites may sell the computers \"as is\" and may not honor a return or refund if you are dissatisfied.</li>\n</ul>\n"}]}],"questions":[]}