{"meta":{"description":"If you've experienced your computer suddenly turning itself on after you've put it to sleep or you've just shut it down, you may need to investigate what’s causing it to wake up. The common causes that wake up your computer are hardware devices and scheduled tasks set to wake up the computer. You might not even know that this has been happening especially if you have closed the lid of your laptop and didn't notice the lights blinking again.","title":"Prevent a Computer from Waking Up from External Devices"},"todo_list":[{"title":"Determining the Possible Causes for the Wake Up","tasks":[{"title":"Access the Command Prompt.","content":"\n Click on the Start menu and look for the Command Prompt application. This is usually found under the Accessories folder. Click on it to launch it, and a window with a DOS-like environment will be opened.\n\n"},{"title":"Check the last wake trigger.","content":"\n On the Command Prompt, type in “powercfg –lastwake” and then press the Enter key. The Wake History details will be displayed.\n<ul><li>If the Wake History Count is more than 0, that means your computer was woken up by something.</li></ul>\n"},{"title":"Note the wake source.","content":"\n If the Wake History Count is not 0, the Wake Source details will also be displayed. The Wake Source will state what caused your computer to wake up.\n<ul><li>For example, if a device attached to a USB port was the source, USB Root Hub will be displayed.</li></ul>\n"}]},{"title":"Preventing Devices from Waking Up the Computer","tasks":[{"title":"Access the Command Prompt.","content":"\n\n"},{"title":"Check devices.","content":"\n To see the list of hardware devices that can wake up your computer, type in “powercfg -devicequery wake_armed” on the Command Prompt and then press the Enter key. The list of hardware devices will be displayed.\n<ul><li>Some possible devices that can wake your computer include, but is not limited to, your keyboard and your mouse.</li></ul>\n"},{"title":"Note the devices.","content":"\n Take note of the list of hardware devices that can wake up your computer. You will need to configure them properly in the Device Manager.\n"},{"title":"Open the Control Panel.","content":"\n Click on the Start menu and click on “Control Panel.” The Control Panel applets will be displayed.\n"},{"title":"Open the Device Manager.","content":"\n Browse through the items under the Control Panel and look for “Device Manager.” Click on it. The Device Manager will be opened and the list of hardware devices for your computer will be displayed.\n"},{"title":"Look for the devices.","content":"\n Navigate through the Device Manager until you find the possible devices that may cause your computer to wake up. Click on the triangle icon beside each device to expand the category.\n"},{"title":"Open the Device Properties.","content":"\n Right-click on the device you want. Select “Properties” from the menu to bring out the device’s properties.\n"},{"title":"Disable Wake Up property.","content":"\n From the Device Properties window, select the Power Management tab. Untick “Allow this device to wake up the computer” option.\n<ul><li>Click “OK” to save your changes and exit. The selected device will no longer wake up the computer.</li></ul>\n"},{"title":"Disable all other devices’ wake up properties.","content":"\n Repeat Steps 6 to 8 to disable all possible devices that can wake up your computer. If left enabled, sudden or accidental movements that affect these devices can wake up your computer. \n"}]},{"title":"Preventing Tasks from Waking Up the Computer","tasks":[{"title":"Open Command Prompt.","content":"\n\n"},{"title":"Check wake timers from tasks.","content":"\n To see the list of scheduled tasks that have set wake timers, type in “powercfg –wake timers” on the Command Prompt and then press the Enter key. The list of scheduled tasks will be displayed.\n<ul><li>Wake timers wake up your computer at the defined time for it to run the scheduled tasks. This can be useful if you want to run certain tasks on schedule, even without you monitoring them.</li></ul>\n"},{"title":"Note the tasks.","content":"\n Take note of the list of scheduled tasks that can wake up your computer.\n"},{"title":"Uninstall programs or adjust schedules.","content":"\n From the list of scheduled tasks, check which ones you really need. Uninstall or remove the ones you don’t need, and adjust the schedules for the ones you do.\n<ul><li>Set a schedule that’s good for you and your computer. Adjusting the scheduled tasks can be done from the Windows task scheduler or directly from each of the programs.</li></ul>\n"}]},{"title":"Disabling Wake Timers","tasks":[{"title":"Open Control Panel.","content":"\n Click on the Start menu and click on “Control Panel.” The Control Panel applets will be displayed.\n"},{"title":"Open “Power Options.","content":"\n Browse through the items under the Control Panel and look for “Power Options.” Click on it. The Power Options will be opened.\n"},{"title":"Change the plan settings.","content":"\n Your computer’s power plans will be displayed. Click on the “Change plan settings” link beside the power plan you’d like to modify.\n"},{"title":"Change advanced power settings.","content":"\n Look for the “Change advanced power settings” link and click on it. The Advanced settings for the Power Options will be displayed.\n"},{"title":"Disable wake timers.","content":"\n Navigate through the list of settings until you find “Sleep.” Click on it to expand its properties.\n<ul>\n<li>Under Sleep, click on “Allow wake timers” to expand it further. Set both properties under it to Disable.</li>\n<li>No wake timers will now be able to wake up your computer.</li>\n</ul>\n"}]}],"questions":[]}