{"meta":{"description":"This wikiHow teaches you how to use a battery rather than a wall outlet to power your desktop computer. DC stands for \"Direct Current\", which is the kind of power produced by 12 volt batteries. In order to use such a battery with your desktop, you'll either need to buy a DC-to-AC adapter or install a DC-to-DC power supply.","title":"Run Your Desktop off DC Power"},"todo_list":[{"title":"Using an Inverter","tasks":[{"title":"Buy an inverter.","content":"\n In order to convert a battery's DC current into a current which your desktop computer's power supply can recognize, you'll need to buy a 12 volt DC to AC inverter.\n<ul>\n<li>Make sure the inverter you buy converts according to your region's voltage limits. North American power supplies typically use 110v or 120v outputs, while other parts of the world often use 220v, 230v, or 240v.<sup id=\"_ref-1\" class=\"reference\" aria-label=\"Link to Reference 1\"><a href=\"#_note-1\">[1]</a><span class=\"ts_popup \" hidden=\"\" id=\"ts_popup_1\" style=\"display: none;\">\n\t<span class=\"ts_close\">X</span>\n\t\t<span class=\"ts_name\">Research source</span>\n\t\t<span class=\"ts_description\"></span>\n\t\t\t\t<a href=\"#\" class=\"ts_source\" target=\"_blank\" rel=\"nofollow noreferrer noopener\"></a>\n\n</span>\n</sup>\n</li>\n<li>Your inverter should have at least two power outputs (electrical sockets). This will allow you to plug in both your desktop unit and your monitor if necessary.</li>\n</ul>\n\n"},{"title":"Purchase a 12 volt battery.","content":"\n All batteries output DC power, so just make sure the battery you purchase is a 12 volt model in order to ensure its compatibility with your inverter.\n"},{"title":"Unplug your desktop computer.","content":"\n If your desktop is plugged into an AC outlet (e.g., an electrical outlet), you'll need to unplug it before proceeding.\n"},{"title":"Attach your battery to your inverter.","content":"\n In most cases, you'll use each of the inverter's colored wires to connect to each of the same-colored clips on the battery.\n<ul><li>12 volt batteries can seriously harm you or any connected electronics if connected improperly. For this reason, you should check both the battery's documentation and the inverter's manual to ensure that you know how to connect them properly.</li></ul>\n"},{"title":"Turn on the inverter.","content":"\n Press the inverter's  <div class=\"mwimg  t techicon floatright \" style=\"max-width:108px\"><a href=\"#/Image:Windowspower.png\" class=\"image\"><img alt=\"Image titled Windowspower.png\" src=\"https://www.wikihow.com/images/5/5d/Windowspower.png\" decoding=\"async\" class=\"whcdn\" data-srclarge=\"/images/thumb/5/5d/Windowspower.png/30px-Windowspower.png\" data-width=\"460\" data-height=\"460\" id=\"cd3bcf8965386d7416c14eb7571525c5\"><div class=\"image_details\" style=\"display:none;\"><span style=\"display:none;\">{\"smallUrl\":\"https:\\/\\/www.wikihow.com\\/images\\/5\\/5d\\/Windowspower.png\",\"bigUrl\":\"\\/images\\/thumb\\/5\\/5d\\/Windowspower.png\\/30px-Windowspower.png\",\"smallWidth\":460,\"smallHeight\":460,\"bigWidth\":30,\"bigHeight\":30,\"licensing\":\"&lt;div class=\\\"mw-parser-output\\\"&gt;&lt;p&gt;I edited this screenshot of a Windows icon.\\n&lt;\\/p&gt;&lt;p&gt;License: &lt;a target=\\\"_blank\\\" rel=\\\"nofollow noreferrer noopener\\\" class=\\\"external text\\\" href=\\\"http:\\/\\/en.wikipedia.org\\/wiki\\/Public_domain\\\"&gt;Public Domain&lt;\\/a&gt;&lt;br&gt;\\n&lt;\\/p&gt;&lt;\\/div&gt;\"}</span></div></a></div> button to turn it on.\n<ul><li>You should do this before connecting your computer to the inverter, as failing to do so may result in damage to your computer.</li></ul>\n"},{"title":"Plug your computer into the inverter.","content":"\n The inverter's power output sockets are usually opposite the side to which you connected the 12 volt battery.\n"},{"title":"Attach any other components to the inverter.","content":"\n If you can't or don't want to run your desktop monitor off of AC power, you'll need to connect the monitor's power cable to the inverter as well.\n<ul><li>The same goes for speakers and any other powered components you want to use with your computer.</li></ul>\n"},{"title":"Turn on your desktop.","content":"\n From this point, you should be able to run your computer using your inverter and the connected battery.\n<ul><li>Keep in mind that you will need to minimize your computer's intensive operations (e.g., video editing, gaming, and so on) if you want to maximize your battery use.</li></ul>\n"}]},{"title":"Using a DC Power Supply","tasks":[{"title":"Understand the limitations.","content":"\n DC/DC power supplies are significantly smaller than their traditional counterparts, making them insufficient for high-performance computers or sustained high-processing usage.\n<ul><li>DC/DC power supplies are also fairly uncommon, meaning you may have to wait for several weeks before one can be shipped to you if you order online.</li></ul>\n"},{"title":"Make sure your motherboard has a 20- or 24-pin ATX connector.","content":"\n This is crucial if you want to plug a DC-to-DC power supply into your motherboard. The easiest way to figure out your motherboard's connector is by <a href=\"/Identify-the-Motherboard\" title=\"Identify the Motherboard\">finding your motherboard's product information</a> and then looking up the motherboard model along with \"atx\".\n<ul>\n<li>The ATX connector is the rectangular input with large holes in it.</li>\n<li>If your motherboard doesn't have a 20- or 24-pin ATX connector, it won't be able to support a DC-to-DC power supply. Try <a href=\"#step_1_1\">using an inverter</a> instead.</li>\n</ul>\n"},{"title":"Purchase a DC/DC power supply.","content":"\n DC-to-DC power supplies are most easily found online, but you may be able to find a DC to DC power supply unit in a tech store such as Best Buy.\n<ul><li>Some places from which you can buy DC-to-DC power supplies include <a target=\"_blank\" rel=\"nofollow noreferrer noopener\" class=\"external free\" href=\"http://www.mini-box.com/\">http://www.mini-box.com/</a> and <a target=\"_blank\" rel=\"nofollow noreferrer noopener\" class=\"external free\" href=\"https://www.digikey.com/\">https://www.digikey.com/</a>.</li></ul>\n"},{"title":"Buy a power supply-to-battery adapter if necessary.","content":"\n Most DC-to-DC power supplies will use a coaxial cable to connect to your 12 volt battery, meaning you'll need an adapter which has two wires to connect to the battery on one end and a coaxial output on the other end.\n<ul><li>This isn't necessary for all power supplies. Check your power supply's power input before buying an adapter.</li></ul>\n"},{"title":"Buy a 12 volt battery.","content":"\n Since DC to DC power supplies run on 12 volts, you'll need a 12 volt battery.\n<ul><li>Make sure the battery's wattage and other specifications match your power supply's specifications.</li></ul>\n"},{"title":"Unplug your desktop computer.","content":"\n If your desktop is plugged into an AC outlet, unplug it before proceeding to minimize the risk of electric shock or damage to the internal components.\n"},{"title":"Ground yourself","content":"\n<a href=\"/Ground-Yourself-to-Avoid-Destroying-a-Computer-with-Electrostatic-Discharge\" title=\"Ground Yourself to Avoid Destroying a Computer with Electrostatic Discharge\"><b class=\"whb\">Ground yourself</b></a> Doing so will prevent you from accidentally harming your computer's motherboard by transmitting static electricity.\n"},{"title":"Open the desktop.","content":"\n In most cases, you'll want to lay the desktop unit on its side before removing the side panel.\n<ul><li>You may need a screwdriver for this step.</li></ul>\n"},{"title":"Locate the motherboard.","content":"\n The motherboard is a circuit board which you'll usually find near the bottom of the desktop unit.\n"},{"title":"Unplug the current power supply.","content":"\n The current power supply will typically be located near the top of the desktop unit with several wires connecting it to different components on the motherboard. You'll need to unplug each of these wires.\n<ul><li>Your power supply will also be attached to your hard drive, so unplug it there as well.</li></ul>\n"},{"title":"Plug your DC-to-DC power supply into the motherboard.","content":"\n The power supply's main plug will fit into the 20- or 24-pin slot on your motherboard.\n<ul><li>If your power supply only has 20 pins, leave the left-most 4 pins on your motherboard empty.</li></ul>\n"},{"title":"Attach the DC-to-DC power supply to your computer's connectors.","content":"\n Using the power supply's cables, attach it to the necessary inputs on the motherboard and the hard drive.\n<ul><li>At minimum, you'll want to connect the power supply to your hard drive, your computer's processor, and the graphics card(s) if necessary.</li></ul>\n"},{"title":"Plug your power supply into the battery.","content":"\n In most cases, this will entail connecting the coax-to-battery adapter's red and black wires to the same-colored outputs on the battery and then screwing the coaxial cable from the power supply into the coaxial output on the adapter.\n<ul><li>If your power supply uses a different means of connection, consult the battery's documentation and the power supply's manual for more specific instructions.</li></ul>\n"},{"title":"Reassemble your desktop, then turn it on.","content":"\n From this point, you should be able to run your computer using the DC-to-DC power supply and the connected battery.\n<ul><li>Keep in mind that you will need to minimize your computer's intensive operations (e.g., video editing, gaming, and so on) if you want to maximize your battery use.</li></ul>\n"}]}],"questions":[]}