{"meta":{"description":"“Energy healing” refers to a variety of healing practices that are thought to work by manipulating natural energy fields within the body. While it is unclear how most forms of energy healing actually work, there is some evidence that these therapies can help relieve symptoms of anxiety, depression, stress, and pain.[1] If you are interested in becoming an energy healer or incorporating energy healing into your medical practice, consider becoming a certified practitioner of a technique such as Reiki, therapeutic touch, or healing touch.","title":"Become an Energy Healer"},"todo_list":[{"title":"Becoming a Reiki Therapist","tasks":[{"title":"Familiarize yourself with Reiki.","content":"\n Reiki is a Japanese healing technique that was developed in the 1920s by a Buddhist monk named Mikao Usui. Like many other forms of energy healing, Reiki involves the practitioner gently touching various points on the patient's body. Scientific studies of Reiki therapy have demonstrated that it is effective for reducing pain, anxiety, fatigue, and stress, and that it may be especially useful for patients dealing with chronic illnesses or recovering from difficult surgeries.\n<ul><li>Read up on the history and therapeutic benefits of Reiki at the Center for Reiki Research website: <a target=\"_blank\" rel=\"nofollow noreferrer noopener\" class=\"external free\" href=\"http://www.centerforreikiresearch.org/\">http://www.centerforreikiresearch.org/</a>\n</li></ul>\n\n"},{"title":"Find a Reiki master in your area.","content":"\n In order to become a Reiki practitioner, you must learn from a qualified Reiki master. While there is no one organization or governing body that determines who can be qualified to practice Reiki, there are a variety of private companies and organizations that offer Reiki training, certification, and licensing. Ask around among people you know who practice Reiki to find out where they trained, or do an online search for Reiki training in your area.\n<ul>\n<li>You can search for a teacher or practitioner registered through the International Association of Reiki Professionals here: <a target=\"_blank\" rel=\"nofollow noreferrer noopener\" class=\"external free\" href=\"https://iarp.org/find-reiki-practitioner-teacher/\">https://iarp.org/find-reiki-practitioner-teacher/</a>\n</li>\n<li>Reiki originated in Japan, so finding a Master who has knowledge of the traditional practice is a plus- they will teach respect for the culture this healing art originated from, as well as teach the discipline, versatility and simplicity of the practice as well.<sup id=\"_ref-7\" class=\"reference trusted\" aria-label=\"Link to Reference 7\"><a href=\"#_note-7\">[7]</a><span class=\"ts_popup trustedsource\" hidden=\"\" id=\"ts_popup_7\" style=\"display: none;\">\n\t<span class=\"ts_close\">X</span>\n\t\t<a class=\"ts_trustworthy\" href=\"/wikiHow:Delivering-a-Trustworthy-Experience\">Expert Source</a>\n\n\t\t<span class=\"ts_name\"></span>\n\t\t\t<a class=\"ts_expert_link\" href=\"/Experts?name=emilychristensen#emilychristensen\"><span class=\"ts_expert_image\"><picture><source type=\"image/webp\" srcset=\"/images/thumb/7/7c/Emily_Christensen.png/-crop-100-100-100px-Emily_Christensen.png.webp\"><img src=\"/images/thumb/7/7c/Emily_Christensen.png/-crop-100-100-100px-Emily_Christensen.png\" alt=\"Emily Christensen\" loading=\"lazy\" width=\"30\" height=\"30\" style=\"max-width: 30px\"></picture></span>Emily Christensen<br><span class=\"ts_blurb\">Spiritual Advisor &amp; Founder of Rainbow Raaja</span></a>\n\n\t\t<span class=\"ts_description\">Expert Interview.  8 July 2020.</span>\n\n</span>\n</sup>\n</li>\n</ul>\n"},{"title":"Take a first-degree training class to learn the basics of Reiki.","content":"\n Although the stages of Reiki training may vary depending on your school or instructor, it is typically taught in 3 stages or “degrees.” The first degree focuses on teaching students simple techniques that they can use on themselves and friends or family. You will learn about the history and precepts of Reiki, as well as basic healing techniques.\n<ul>\n<li>First-degree training typically takes only 8-12 hours to complete, although some beginning courses may take longer (e.g., 1-2 days).</li>\n<li>The cost of first-degree or beginning Reiki training may vary depending on your teacher or school, but introductory classes often cost around $200 USD.<sup id=\"_ref-9\" class=\"reference\" aria-label=\"Link to Reference 9\"><a href=\"#_note-9\">[9]</a><span class=\"ts_popup \" hidden=\"\" id=\"ts_popup_9\" style=\"display: none;\">\n\t<span class=\"ts_close\">X</span>\n\t\t<span class=\"ts_name\">Research source</span>\n\t\t<span class=\"ts_description\"></span>\n\t\t\t\t<a href=\"#\" class=\"ts_source\" target=\"_blank\" rel=\"nofollow noreferrer noopener\"></a>\n\n</span>\n</sup>\n</li>\n<li>Training may include the basics of hand placement, meditation techniques, and hands-on practice.</li>\n<li>Find a teacher that connects with you and that makes you feel strongly about their skill in the Reiki practice (that certainty can only come from experiencing a session firsthand).<sup id=\"_ref-10\" class=\"reference trusted\" aria-label=\"Link to Reference 10\"><a href=\"#_note-10\">[10]</a><span class=\"ts_popup trustedsource\" hidden=\"\" id=\"ts_popup_10\" style=\"display: none;\">\n\t<span class=\"ts_close\">X</span>\n\t\t<a class=\"ts_trustworthy\" href=\"/wikiHow:Delivering-a-Trustworthy-Experience\">Expert Source</a>\n\n\t\t<span class=\"ts_name\"></span>\n\t\t\t<a class=\"ts_expert_link\" href=\"/Experts?name=emilychristensen#emilychristensen\"><span class=\"ts_expert_image\"><picture><source type=\"image/webp\" srcset=\"/images/thumb/7/7c/Emily_Christensen.png/-crop-100-100-100px-Emily_Christensen.png.webp\"><img src=\"/images/thumb/7/7c/Emily_Christensen.png/-crop-100-100-100px-Emily_Christensen.png\" alt=\"Emily Christensen\" loading=\"lazy\" width=\"30\" height=\"30\" style=\"max-width: 30px\"></picture></span>Emily Christensen<br><span class=\"ts_blurb\">Spiritual Advisor &amp; Founder of Rainbow Raaja</span></a>\n\n\t\t<span class=\"ts_description\">Expert Interview.  8 July 2020.</span>\n\n</span>\n</sup>\n</li>\n</ul>\n"},{"title":"Complete a second-degree course to learn more advanced techniques.","content":"\n In many Reiki training programs, the second stage of learning involves the use of distance healing. These techniques emphasize using mental focus for indirect manipulation of energies, rather than directly laying hands on the body. These techniques may be useful in situations where direct touch is inappropriate or impossible (e.g., for relieving pain from open wounds).\n<ul>\n<li>Different instructors or schools may have different prerequisites for second-degree training. For example, you may be required to have practiced first-degree Reiki self-care for at least 6 months or to have completed a certain number of supervised clinical practice sessions.<sup id=\"_ref-12\" class=\"reference\" aria-label=\"Link to Reference 12\"><a href=\"#_note-12\">[12]</a><span class=\"ts_popup \" hidden=\"\" id=\"ts_popup_12\" style=\"display: none;\">\n\t<span class=\"ts_close\">X</span>\n\t\t<span class=\"ts_name\">Research source</span>\n\t\t<span class=\"ts_description\"></span>\n\t\t\t\t<a href=\"#\" class=\"ts_source\" target=\"_blank\" rel=\"nofollow noreferrer noopener\"></a>\n\n</span>\n</sup>\n</li>\n<li>Check with your teacher or school to find out how long the training lasts and how much it will cost. Second-degree training may last 1-2 days to over a week, with prices varying from around $300 USD to $600 USD or more.</li>\n</ul>\n"},{"title":"Become a Reiki master with third degree training.","content":"\n The third and final level of Reiki training is mastery. Once you become a qualified Reiki master, you can both practice Reiki and teach it to others. The training required to become a Reiki master is in-depth, and may take a year or more to complete.\n<ul><li>The cost of Reiki master training may vary depending on your school or teacher, but master programs can cost around $1600 USD.<sup id=\"_ref-15\" class=\"reference\" aria-label=\"Link to Reference 15\"><a href=\"#_note-15\">[15]</a><span class=\"ts_popup \" hidden=\"\" id=\"ts_popup_15\" style=\"display: none;\">\n\t<span class=\"ts_close\">X</span>\n\t\t<span class=\"ts_name\">Research source</span>\n\t\t<span class=\"ts_description\"></span>\n\t\t\t\t<a href=\"#\" class=\"ts_source\" target=\"_blank\" rel=\"nofollow noreferrer noopener\"></a>\n\n</span>\n</sup>\n</li></ul>\n"},{"title":"Establish your Reiki practice.","content":"\n There are many different ways to practice Reiki. Some people may prefer to limit their practice to self-care and therapy for family and friends. However, if you are a more advanced practitioner, you might consider operating a private practice from your home or a rented space. Some physical therapists or healthcare providers also choose to incorporate Reiki into their regular practice.\n<ul>\n<li>If you choose to become a private practitioner, consider purchasing professional liability insurance.<sup id=\"_ref-17\" class=\"reference\" aria-label=\"Link to Reference 17\"><a href=\"#_note-17\">[17]</a><span class=\"ts_popup \" hidden=\"\" id=\"ts_popup_17\" style=\"display: none;\">\n\t<span class=\"ts_close\">X</span>\n\t\t<span class=\"ts_name\">Research source</span>\n\t\t<span class=\"ts_description\"></span>\n\t\t\t\t<a href=\"#\" class=\"ts_source\" target=\"_blank\" rel=\"nofollow noreferrer noopener\"></a>\n\n</span>\n</sup>\n</li>\n<li>If you'd rather not try to set up your own business, consider working or volunteering with a clinic, hospital, physical therapy center, gym, or yoga center in your area that offers energy healing or holistic medicine services.</li>\n<li>Consider becoming a member of a professional organization, such as the International Association of Reiki Professionals (IARP). Members of the IARP must be practitioners (at any level) or teachers of Reiki, and must pay a membership fee. The basic yearly fee is $169 USD.<sup id=\"_ref-18\" class=\"reference\" aria-label=\"Link to Reference 18\"><a href=\"#_note-18\">[18]</a><span class=\"ts_popup \" hidden=\"\" id=\"ts_popup_18\" style=\"display: none;\">\n\t<span class=\"ts_close\">X</span>\n\t\t<span class=\"ts_name\">Research source</span>\n\t\t<span class=\"ts_description\"></span>\n\t\t\t\t<a href=\"#\" class=\"ts_source\" target=\"_blank\" rel=\"nofollow noreferrer noopener\"></a>\n\n</span>\n</sup>\n</li>\n</ul>\n"}]},{"title":"Practicing Therapeutic Touch","tasks":[{"title":"Learn the basics of therapeutic touch.","content":"\n Therapeutic touch is a form of energy healing that is said to work by balancing energy fields within the body. Despite what the name suggests, therapeutic touch does not involve actual touching. Instead, the hands of the healer hover lightly over the patient's body at various points. Research has shown that therapeutic touch may be helpful for:\n<ul>\n<li>Reducing pain</li>\n<li>Alleviating stress and anxiety</li>\n<li>Promoting wound healing</li>\n<li>Improving breathing and relaxation</li>\n<li>Lowering blood pressure</li>\n<li>When used in combination with medical treatments, it may also help relieve some symptoms associated with conditions such as fibromyalgia, sleep apnea, restless leg syndrome, allergies, bronchitis, addictions, lupus, Alzheimer's disease, and chronic pain.</li>\n</ul>\n"},{"title":"Look for a qualified therapeutic touch instructor in your area.","content":"\n In order to become a qualified practitioner of therapeutic touch, you will need appropriate training. Do a search for licensed therapeutic touch teachers near you, or ask a practitioner to recommend someone.\n<ul>\n<li>The Therapeutic Touch International Association maintains a list of qualified teachers and their contact information here: <a target=\"_blank\" rel=\"nofollow noreferrer noopener\" class=\"external free\" href=\"http://therapeutictouch.org/about-us/qualified-teachers/\">http://therapeutictouch.org/about-us/qualified-teachers/</a>\n</li>\n<li>If you plan to touch clients you will need a \"license to touch\".  There are a number of therapy fields that give you a license to touch- massage therapy, physical therapy, dental hygiene, cosmetology, even LMFT have some freedoms for touch.<sup id=\"_ref-19\" class=\"reference trusted\" aria-label=\"Link to Reference 19\"><a href=\"#_note-19\">[19]</a><span class=\"ts_popup trustedsource\" hidden=\"\" id=\"ts_popup_19\" style=\"display: none;\">\n\t<span class=\"ts_close\">X</span>\n\t\t<a class=\"ts_trustworthy\" href=\"/wikiHow:Delivering-a-Trustworthy-Experience\">Expert Source</a>\n\n\t\t<span class=\"ts_name\"></span>\n\t\t\t<a class=\"ts_expert_link\" href=\"/Experts?name=emilychristensen#emilychristensen\"><span class=\"ts_expert_image\"><picture><source type=\"image/webp\" srcset=\"/images/thumb/7/7c/Emily_Christensen.png/-crop-100-100-100px-Emily_Christensen.png.webp\"><img src=\"/images/thumb/7/7c/Emily_Christensen.png/-crop-100-100-100px-Emily_Christensen.png\" alt=\"Emily Christensen\" loading=\"lazy\" width=\"30\" height=\"30\" style=\"max-width: 30px\"></picture></span>Emily Christensen<br><span class=\"ts_blurb\">Spiritual Advisor &amp; Founder of Rainbow Raaja</span></a>\n\n\t\t<span class=\"ts_description\">Expert Interview.  8 July 2020.</span>\n\n</span>\n</sup>\n</li>\n</ul>\n"},{"title":"Complete therapeutic touch training.","content":"\n The Therapeutic Touch International Association offers a training program for those interested in becoming qualified practitioners or teachers. Once you have connected with a qualified teacher, ask them about what you need to do to complete the necessary training. This typically involves 3 stages:\n<ul>\n<li>A Basic Therapeutic Touch Program of at least 12 hours, taught by a Nurse Healers-Professional Associates International (NH-PAI) Qualified Therapeutic Touch Teacher.</li>\n<li>An Intermediate Therapeutic Touch Program of at least 14 hours, taught by an NH-PAI Qualified Therapeutic Touch Teacher.</li>\n<li>A mentorship program consisting of at least 36 hours of training over a 1-year period.<sup id=\"_ref-21\" class=\"reference\" aria-label=\"Link to Reference 21\"><a href=\"#_note-21\">[21]</a><span class=\"ts_popup \" hidden=\"\" id=\"ts_popup_21\" style=\"display: none;\">\n\t<span class=\"ts_close\">X</span>\n\t\t<span class=\"ts_name\">Research source</span>\n\t\t<span class=\"ts_description\"></span>\n\t\t\t\t<a href=\"#\" class=\"ts_source\" target=\"_blank\" rel=\"nofollow noreferrer noopener\"></a>\n\n</span>\n</sup> This mentorship must be completed under the training of a Qualified Therapeutic Touch Teacher or Practitioner with at least 5 years of experience.</li>\n<li>Basic and intermediate TT programs may start at around $80 USD, while more advanced training workshops may cost $500 USD or more.<sup id=\"_ref-22\" class=\"reference\" aria-label=\"Link to Reference 22\"><a href=\"#_note-22\">[22]</a><span class=\"ts_popup \" hidden=\"\" id=\"ts_popup_22\" style=\"display: none;\">\n\t<span class=\"ts_close\">X</span>\n\t\t<span class=\"ts_name\">Research source</span>\n\t\t<span class=\"ts_description\"></span>\n\t\t\t\t<a href=\"#\" class=\"ts_source\" target=\"_blank\" rel=\"nofollow noreferrer noopener\"></a>\n\n</span>\n</sup> Contact a Qualified Therapeutic Touch Teacher to find out more about the costs of training.</li>\n</ul>\n"},{"title":"Apply for therapeutic touch certification.","content":"\n Once you have completed your training, send a certification application to the Therapeutic Touch International Association. You must renew your certification every 4 years. You can complete the application online here: <a target=\"_blank\" rel=\"nofollow noreferrer noopener\" class=\"external free\" href=\"http://therapeutictouch.org/credentialing/qualified-therapeutic-touch-practitioner-qttp-application/\">http://therapeutictouch.org/credentialing/qualified-therapeutic-touch-practitioner-qttp-application/</a>\n<ul>\n<li>In addition to completing Therapeutic Touch training, you must be able to demonstrate that you completed a certain amount of practice under the supervision of your mentor. You will be asked to describe your mentorship experience on the application form. You must also submit a copy of your Mentorship Agreement document, signed by you and your mentor.</li>\n<li>The cost of submitting a certification application is $25 USD. You must pay this fee again when it is time to renew your certification.</li>\n<li>You will receive information on how to renew your certification once your initial application is accepted.</li>\n</ul>\n"},{"title":"Establish your therapeutic touch practice.","content":"\n Many healthcare professionals, such as nurses, chiropractors, and physical therapists, find it useful to incorporate Therapeutic Touch into their regular practice. You might also consider working independently as a <a href=\"/Start-a-Massage-Therapy-Business\" title=\"Start a Massage Therapy Business\">private practitioner</a>.\n<ul><li>If you decide to start a private practice using Therapeutic Touch, consider purchasing professional liability insurance.</li></ul>\n"}]},{"title":"Using Healing Touch","tasks":[{"title":"Get familiar with healing touch therapy.","content":"\n Healing touch is an energy healing technique that relies on gentle physical touch. Practitioners believe that healing touch works by balancing the natural energy fields in and around the human body. Research suggests that healing touch can be helpful when used in combination with standard medical practices to:\n<ul>\n<li>Promote relaxation and a sense of wellbeing, especially in patients dealing with stressful or difficult conditions and treatments</li>\n<li>Reduce symptoms of acute and chronic pain</li>\n<li>Reduce fatigue</li>\n<li>Promote wound healing</li>\n<li>Improve sleep</li>\n<li>Boost the immune system</li>\n<li>Relieve the symptoms of chronic conditions such as fibromyalgia and chronic headaches</li>\n</ul>\n"},{"title":"Find healing touch classes in your area.","content":"\n There are 2 major professional organizations that offer healing touch training and certifications. These are Healing Touch International and the Healing Touch Program. Look for certified instructors in your area to begin the training process.\n<ul>\n<li>You can find qualified teachers through Healing Touch International here: <a target=\"_blank\" rel=\"nofollow noreferrer noopener\" class=\"external free\" href=\"https://www.healingbeyondborders.org/index.php/find-healing-touch?st=sinstructor\">https://www.healingbeyondborders.org/index.php/find-healing-touch?st=sinstructor</a>\n</li>\n<li>The Healing Touch Program offers a list of qualified instructors here: <a target=\"_blank\" rel=\"nofollow noreferrer noopener\" class=\"external free\" href=\"https://www.healingtouchprogram.com/find-an-instructor\">https://www.healingtouchprogram.com/find-an-instructor</a>\n</li>\n</ul>\n"},{"title":"Complete a training program.","content":"\n In order to become a certified healing touch practitioner, you will need to complete a program consisting of several courses and a period of professional practice. The courses typically take 2-4 days to complete. During the advanced part of your training, you will work closely with a qualified mentor who will train you and observe you during your period of professional practice and development. Mentorship training lasts at least 6 months.\n<ul><li>Learn about the Healing Touch Program's training curriculum here: <a target=\"_blank\" rel=\"nofollow noreferrer noopener\" class=\"external free\" href=\"https://www.healingtouchprogram.com/classes/class-program-information\">https://www.healingtouchprogram.com/classes/class-program-information</a>. A full training package, including all training courses and certification, is available for $2,797 USD.</li></ul>\n"},{"title":"Apply for certification.","content":"\n Once you have completed your training, you can apply for certification with your professional organization. In addition to completing coursework, mentorship training, and professional practice, you may also be required to pass a certification exam. Healing touch practitioners must renew their certification every 5 years.\n<ul>\n<li>Learn about how to apply for practitioner certification with the Healing Touch Program here: <a target=\"_blank\" rel=\"nofollow noreferrer noopener\" class=\"external free\" href=\"http://www.healingtouchcertification.com/practitioner\">http://www.healingtouchcertification.com/practitioner</a>\n</li>\n<li>Certification through the Healing Touch Program costs $275 USD, with an additional $200 fee for the HTCP Entry Level Proficiency Exam. The certification fee through Healing Touch International is $325 for non-members, $250 for members.</li>\n<li>In order to renew your certification, you will be asked to submit evidence of an active Healing Touch practice and continuing education (e.g., records of classes you have taken and professional work you have done). You must submit a renewal form through your certifying organization.</li>\n<li>Renewal fees range from $125 USD-$200 USD. There may be an additional fee for late renewal submissions.</li>\n</ul>\n"},{"title":"Integrate healing touch into your therapeutic practice.","content":"\n Healing touch is meant to be used in conjunction with other forms of healing and therapy. Consider incorporating healing touch into your practice if you are a nurse, physician, physical therapist, counselor, psychotherapist, or other type of healthcare professional. Work or volunteer with an institution or facility that offers holistic approaches to medicine and healing.\n<ul><li>If you don't have a pre-existing license, you can always do one of three options. You can become an ordained minister (you would have the freedom to provide spiritual healing touch).  You can write a liability and permission waiver- giving clients the power to give you permission to lay on hands.  Or you can simply do your healings hands-free.<sup id=\"_ref-27\" class=\"reference trusted\" aria-label=\"Link to Reference 27\"><a href=\"#_note-27\">[27]</a><span class=\"ts_popup trustedsource\" hidden=\"\" id=\"ts_popup_27\" style=\"display: none;\">\n\t<span class=\"ts_close\">X</span>\n\t\t<a class=\"ts_trustworthy\" href=\"/wikiHow:Delivering-a-Trustworthy-Experience\">Expert Source</a>\n\n\t\t<span class=\"ts_name\"></span>\n\t\t\t<a class=\"ts_expert_link\" href=\"/Experts?name=emilychristensen#emilychristensen\"><span class=\"ts_expert_image\"><picture><source type=\"image/webp\" srcset=\"/images/thumb/7/7c/Emily_Christensen.png/-crop-100-100-100px-Emily_Christensen.png.webp\"><img src=\"/images/thumb/7/7c/Emily_Christensen.png/-crop-100-100-100px-Emily_Christensen.png\" alt=\"Emily Christensen\" loading=\"lazy\" width=\"30\" height=\"30\" style=\"max-width: 30px\"></picture></span>Emily Christensen<br><span class=\"ts_blurb\">Spiritual Advisor &amp; Founder of Rainbow Raaja</span></a>\n\n\t\t<span class=\"ts_description\">Expert Interview.  8 July 2020.</span>\n\n</span>\n</sup>\n</li></ul>\n"}]}],"questions":[{"title":"How do you become a Reiki Therapist?","content":"First, identify what your intention is for the practice so you can find a teacher who can guide you to pursuing and achieving those goals. Then, search for a teacher who specializes in the field you are interested in. The last step is to pursue the legal requirements for practicing Reiki. Keep in mind that not all Reiki sessions and teachers feel the same!"}]}