{"meta":{"description":"Hyperthyroidism, also called overactive thyroid, happens when your thyroid makes too much thyroid hormone. A common cause of hyperthyroidism is Graves' disease, though there are other causes.[1] Dealing with hyperthyroidism and Graves' disease can be hard, but you may be able to treat your condition naturally. However, check with your doctor before using supplements. Additionally, see your doctor before treating yourself, if your symptoms don't improve, or if you develop severe symptoms.","title":"Control Hyperthyroidism Naturally"},"todo_list":[{"title":"Changing Your Diet and Supplements","tasks":[{"title":"Use a selenium supplement to help restore your thyroid.","content":"\n Selenium may help restore your thyroid, when you use it in conjunction with other, more conventional treatments. Keep in mind, though, that selenium is not likely to work as a treatment by itself.\n<ul><li>Try 200 micrograms of selenium a day, under the guidance of your doctor.</li></ul>\n\n"},{"title":"Take an L-carnitine supplement to improve muscle weakness.","content":"\n L-carnitine is an amino acid, which are the building blocks of proteins in your body. Hyperthyroidism often decreases the amount of L-carnitine you have in your body, resulting in muscle weakness and other symptoms. Taking a supplement may help.\n<ul><li>Typically, you start on a 500 milligram dose, but you can take up to 2–4 grams (0.071–0.14&nbsp;oz) per day. Talk to your doctor about an appropriate dose.</li></ul>\n"},{"title":"Meet with a dietician to increase protein and calories in your diet.","content":"\n If your hyperthyroidism has caused you to lose a lot of weight, you may need to increase your caloric intake. Protein, in particular, can help if you lost muscle mass due to the condition.\n<ul><li>Reach for healthy sources of protein, such as fish, poultry, lean red meat, beans, and eggs.</li></ul>\n"},{"title":"Increase your calcium intake to help with thinning bones.","content":"\n This condition can cause brittle or thin bones, so getting enough calcium is important. If you're not getting enough from your diet, ask your doctor about taking a calcium supplement.\n<ul>\n<li>Aim for 1,000 milligrams of calcium a day if you're a man age 19-70 or a woman age 19-50. If you're a woman who's older than 50 or a man older than 70, increase your intake to 1,200 milligrams per day.</li>\n<li>Vitamin D helps your body absorb calcium, so aim for 4000 IU in preteens, teens, and adults.<sup id=\"_ref-6\" class=\"reference\" aria-label=\"Link to Reference 6\"><a href=\"#_note-6\">[6]</a><span class=\"ts_popup \" hidden=\"\" id=\"ts_popup_6\" style=\"display: none;\">\n\t<span class=\"ts_close\">X</span>\n\t\t<span class=\"ts_name\">Research source</span>\n\t\t<span class=\"ts_description\"></span>\n\t\t\t\t<a href=\"#\" class=\"ts_source\" target=\"_blank\" rel=\"nofollow noreferrer noopener\"></a>\n\n</span>\n</sup> Ask your doctor for a blood test to check your vitamin D levels to make sure you're getting enough.</li>\n<li>Good sources of calcium include dairy products, leafy greens, tofu, foods with fortified flour, and canned fish with bones.<sup id=\"_ref-7\" class=\"reference trusted\" aria-label=\"Link to Reference 7\"><a href=\"#_note-7\">[7]</a><span class=\"ts_popup trustedsource\" hidden=\"\" id=\"ts_popup_7\" style=\"display: none;\">\n\t<span class=\"ts_close\">X</span>\n\t\t<a class=\"ts_trustworthy\" href=\"/wikiHow:Delivering-a-Trustworthy-Experience\">Trustworthy Source</a>\n\n\t\t<span class=\"ts_name\">National Health Service (UK)</span>\n\t\t<span class=\"ts_description\">Public healthcare system of the UK</span>\n\n\t\t\t\t<a href=\"#\" class=\"ts_source\" target=\"_blank\" rel=\"nofollow noreferrer noopener\">Go to source</a>\n</span>\n</sup> For vitamin D, reach for fortified products like milk or orange juice. Fatty fish, like tuna, salmon, swordfish, and mackerel, also contain vitamin D. Additionally, you can get vitamin D from mushrooms.<sup id=\"_ref-8\" class=\"reference\" aria-label=\"Link to Reference 8\"><a href=\"#_note-8\">[8]</a><span class=\"ts_popup \" hidden=\"\" id=\"ts_popup_8\" style=\"display: none;\">\n\t<span class=\"ts_close\">X</span>\n\t\t<span class=\"ts_name\">Research source</span>\n\t\t<span class=\"ts_description\"></span>\n\t\t\t\t<a href=\"#\" class=\"ts_source\" target=\"_blank\" rel=\"nofollow noreferrer noopener\"></a>\n\n</span>\n</sup>\n</li>\n</ul>\n"}]},{"title":"Limiting Sources of Iodine","tasks":[{"title":"Avoid eating foods that are high in iodine.","content":"\n Foods like seaweed are high in iodine, and you should avoid them when possible. Seafood can also be high in iodine. These foods can make the symptoms of your hyperthyroidism worse.\n<ul><li>Many Asian foods use seaweed. You'll find it in sushi and some Asian soups, for instance.</li></ul>\n"},{"title":"Choose a multivitamin that doesn't have iodine.","content":"\n Some multivitamins provide a source of iodine. If yours does, you should talk to your doctor before continuing it. Your doctor may recommend that you stop taking it.\n<ul><li>It may be listed as potassium iodide or sodium iodide in the ingredients.<sup id=\"_ref-11\" class=\"reference\" aria-label=\"Link to Reference 11\"><a href=\"#_note-11\">[11]</a><span class=\"ts_popup \" hidden=\"\" id=\"ts_popup_11\" style=\"display: none;\">\n\t<span class=\"ts_close\">X</span>\n\t\t<span class=\"ts_name\">Research source</span>\n\t\t<span class=\"ts_description\"></span>\n\t\t\t\t<a href=\"#\" class=\"ts_source\" target=\"_blank\" rel=\"nofollow noreferrer noopener\"></a>\n\n</span>\n</sup>\n</li></ul>\n"},{"title":"Skip the iodized salt.","content":"\n While you're recovering from hyperthyroidism, it might be a good idea to skip the iodized salt. When you buy your salt at the store, look for one that doesn't have added iodine.\n"}]},{"title":"Dealing with Symptoms of Graves' Disease","tasks":[{"title":"Protect your eyes with sunglasses.","content":"\n Graves' disease can make your eyes protrude, which makes them more susceptible to sunlight and wind damage. Sunglasses help protect your eyes from these damaging effects.\n<ul><li>Opt for larger sunglasses that wrap around the sides of your eyes. Make sure they block 100% of UV rays.<sup id=\"_ref-14\" class=\"reference trusted\" aria-label=\"Link to Reference 14\"><a href=\"#_note-14\">[14]</a><span class=\"ts_popup trustedsource\" hidden=\"\" id=\"ts_popup_14\" style=\"display: none;\">\n\t<span class=\"ts_close\">X</span>\n\t\t<a class=\"ts_trustworthy\" href=\"/wikiHow:Delivering-a-Trustworthy-Experience\">Trustworthy Source</a>\n\n\t\t<span class=\"ts_name\">American Academy of Opthamologists</span>\n\t\t<span class=\"ts_description\">Professional medical organization focused on advocating for public health and supporting sight-related research</span>\n\n\t\t\t\t<a href=\"#\" class=\"ts_source\" target=\"_blank\" rel=\"nofollow noreferrer noopener\">Go to source</a>\n</span>\n</sup>\n</li></ul>\n"},{"title":"Use eyedrops and cold compresses to provide pain relief for your eyes.","content":"\n If your eyes are irritated, cool compresses may help, likely due to the extra moisture. Similarly, eye drops can help relieve dry, scratchy eyes.\n<ul>\n<li>Try using cold compresses 3 times a day for 30 seconds at a time. To make one, wrap ice in a clean, soft washcloth and hold it to your eyes.<sup id=\"_ref-16\" class=\"reference\" aria-label=\"Link to Reference 16\"><a href=\"#_note-16\">[16]</a><span class=\"ts_popup \" hidden=\"\" id=\"ts_popup_16\" style=\"display: none;\">\n\t<span class=\"ts_close\">X</span>\n\t\t<span class=\"ts_name\">Research source</span>\n\t\t<span class=\"ts_description\"></span>\n\t\t\t\t<a href=\"#\" class=\"ts_source\" target=\"_blank\" rel=\"nofollow noreferrer noopener\"></a>\n\n</span>\n</sup>\n</li>\n<li>Don't choose eyedrops with redness removers.</li>\n<li>You can also try a lubricating gel before bed, which can help with nighttime dryness.</li>\n</ul>\n"},{"title":"Elevate your head at night to prevent eyelid swelling.","content":"\n This condition can cause your eyelids to swell at night, which can be painful. Elevating your head can provide some relief, as it allows gravity to gently decrease the swelling by pulling fluid to the rest of your body.\n<ul><li>Use pillows to prop up your head or buy an adjustable bed that allows you to elevate your head.</li></ul>\n"},{"title":"Manage your stress","content":"\n<a href=\"/Relieve-Stress\" title=\"Relieve Stress\"><b class=\"whb\">Manage your stress</b></a> Anxiety is a common symptom of Graves' Disease, and it can have a serious impact on your life. It's best to work with a doctor to create a plan for managing your anxiety. This will likely include learning ways to cope with your anxiety, relieving stress, and practicing self care. Here are some ways to get started:\n<ul>\n<li>Talk to a friend or therapist about your feelings.</li>\n<li>Write in a journal.</li>\n<li>Go for a 30 minute walk outside.</li>\n<li>Color in an adult coloring book to help you relax.</li>\n<li>Use <a href=\"/Perform-Progressive-Muscle-Relaxation\" title=\"Perform Progressive Muscle Relaxation\">progressive muscle relaxation</a>.</li>\n<li>Create a routine to help you manage your responsibilities without feeling overwhelmed.</li>\n<li>Ask for help when you need it.</li>\n</ul>\n"},{"title":"Work with a dietitian to increase your calories if you're losing weight.","content":"\n Your hyperthyroidism may make you lose weight without you trying, which can be problematic if you're dropping below a healthy body weight. Talk to your doctor to find out what your target weight range should be. Then, work with a dietitian to help you create a healthy diet for maintaining a healthy weight.\n<ul><li>Your dietitian will help you figure out ways to increase your calories using healthy foods that you enjoy.</li></ul>\n"},{"title":"Use hydrocortisone cream and compression wraps to deal with skin issues.","content":"\n You may notice areas of redness or swelling on your skin. You may be able to relieve these symptoms by applying a thin layer of over-the-counter hydrocortisone cream, which is a steroid. Additionally, wear compression wraps to manage swelling in your legs.\n<ul>\n<li>Check with your doctor before using hydrocortisone cream, and only use it as directed on the label. It may cause side effects like thinning skin or irritation if you use too much.</li>\n<li>Make sure that your compression wraps aren't so tight that they're cutting off your circulation. They shouldn't feel painful, and you should be able to get your finger under the wrap.</li>\n</ul>\n"},{"title":"Wear loose clothing and carry a personal fan to stay cool.","content":"\n You will likely feel very sensitive to heat and may perspire a lot. Wearing loose, lightweight clothing can help you feel cooler. Additionally, use a personal fan to help cool you off on hot days, and drink a lot of water to replace fluids lost from sweating.\n<ul><li>Try to stay in the shade or inside as much as possible on hot days.</li></ul>\n"}]},{"title":"When to Seek Medical Care","tasks":[{"title":"Check with your doctor before using supplements.","content":"\n While supplements are usually safe, they aren't right for everyone. They can interfere with your medications or worsen certain medical conditions. Talk to your doctor to make sure supplements are safe for you to take.\n<ul><li>Tell your doctor which supplements you plan to take, as well as the supplements or medications you're already taking. Additionally, let them know you're trying to treat your hyperthyroidism.</li></ul>\n"},{"title":"Visit your doctor if your symptoms aren't improving.","content":"\n The best treatment for you will depend on what's causing your hyperthyroidism and how severe your symptoms are. If your natural treatments aren't helping, you may need to try a medical treatment to manage your symptoms. Talk to your doctor to learn about your options.\n<ul><li>Your doctor may prescribe beta blockers, antithyroid medication, or radioiodine therapy to treat your condition. In some cases, you may need to have surgery to manage your hyperthyroidism.</li></ul>\n"},{"title":"See your doctor regularly while treating hyperthyroidism.","content":"\n Your doctor will monitor your progress to make sure your treatments are working. If they're not, your doctor can help you choose new treatments to try. This will ensure that you're getting better. Ask your doctor how often you need to come in for a check up and follow their advice.\n<ul><li>If you're managing your condition well, your doctor may not recommend you come in as often. However, they may want to see you frequently while you're experiencing symptoms.</li></ul>\n"},{"title":"See an ophthalmologist if you start having trouble seeing.","content":"\n Graves' disease can cause eye problems that may lead to blurred vision, double vision, or vision loss. If you start to notice eye problems that worry you, visit your ophthalmologist to make sure everything is okay.\n<ul><li>Try not to worry because your symptoms may be temporary. Managing your symptoms may help you improve.</li></ul>\n"},{"title":"Talk to your doctor if you're experiencing tremors.","content":"\n Graves' disease may cause tremors in your hands or fingers, which can be scary and frustrating. Your doctor may be able to help, so talk to them to learn about your treatment options for managing your tremors. You may be able to take medication or try other treatments to help with the tremors.\n<ul><li>Let them know that you prefer to use natural treatments when they're available.</li></ul>\n"},{"title":"Get immediate medical care if you start having heart problems.","content":"\n In some cases, Graves' disease can cause heart complications, including rapid heartbeat and atrial fibrillation, which increases your risk of stroke or heart failure. Try not to worry because you can get treatment. Make an appointment to see your doctor immediately or go to an emergency room if your symptoms are concerning to you.\n<ul><li>Managing your Graves' disease can help prevent this type of complication.</li></ul>\n"}]}],"questions":[{"title":"I am 13-years-old and got diagnosed about a month ago. My doctor said to come back in about 6 months to see if it gets better or worse, but I always feel like crap. What should I do?","content":"Try the nutritional suggestions discussed in this article. You might also consider seeing a naturopathic doctor or a dietitian for advice on how to improve your condition."},{"title":"How do I eat a healthy diet?","content":"Base your meals around whole foods, especially fresh fruits and vegetables. This will help you eat a healthy diet."}]}