{"meta":{"description":"Research suggests a wellness plan can help you live a healthier, happier life.[1] A wellness plan is an action plan to support your physical, mental, spiritual, and emotional health. Experts say that wellness practices like eating healthy foods, incorporating stress relievers into your day, and practicing mindfulness may help you live a better life, so it's worthwhile to build a plan that works for you.[2] Fortunately, it's easy to customize your wellness plan to meet your needs and optimize your life.","title":"Create a Wellness Plan"},"todo_list":[{"title":"Setting Up and Following a Wellness Plan","tasks":[{"title":"Identify areas that could use improvement.","content":"\n Be honest with yourself about how satisfied you feel in each aspect of wellness. That way you can create a wellness plan tailored to your needs.\n<ul>\n<li>Give each area a ranking from 1-10, with 1 being the poorest rank and 10 being the best.</li>\n<li>From this, you can determine which area needs the attention.</li>\n<li>But remember, each area relates to another, so you won't necessarily benefit from focusing all of your attention on one area to the detriment of others.</li>\n</ul>\n\n"},{"title":"Set goals.","content":"\n Once you identify the area or areas that you feel you need to work on, begin setting your goals.\n<ul>\n<li>Write down specific goals you want to accomplish in each area. Create achievable short-term goals that will move you towards increasingly larger long-term goals.</li>\n<li>Make sure your long-term goals are also reasonable and doable. For example, if you are 25 years old, a reasonable long-term goal might be financial security by the time you retire at age 65. An unreasonable long-term goal would be becoming a billionaire by the age of 30.</li>\n<li>Be patient with yourself. Personal evolution does not generally take place overnight, nor is it usually very easy. But it is doable, so don't get discouraged if change doesn't happen immediately.</li>\n</ul>\n"},{"title":"Keep track of your progress.","content":"\n Make up a chart or a journal in which you can outline each aspect of personal wellness and the goals for each.\n\n<ul>\n<li>Set aside a calendar designated for tracking your wellness progress. Mark important dates and checkpoints so that you can see your progress. Begin by establishing your baseline of wellness for a particular aspect, write it down, then check in again after a month or two.</li>\n<li>Seeing the positive effects of what you have already accomplished may be the best motivational fuel.</li>\n</ul>\n"},{"title":"Update your wellness plan.","content":"\n As you develop greater personal wellness, you may that certain goals take more or less time than you anticipated. Or you might find that some goals are no longer inside the scope of what you want to accomplish. So make a point to monitor your progress and reassess your needs every 6 months or so. That way you'll keep your wellness plan in harmony to your personal growth and progress.\n<ul>\n<li>The process of achieving personal wellness is dynamic. Your needs, your goals, your environment, and your relationships may all change. You then want to decide how you want to change along with them.</li>\n<li>While your particular situation may change, by keeping these goals at the forefront, you can achieve a greater degree of control of how those changes will affect you. If for example, you set a weight loss goal of 10 pounds in 6 months, at the end of 6 months, re-evaluate that goal. Are you happy with your current weight? Do you want to lose more? If you are happy with your weight, your new goal may be maintenance. If you want to lose more, perhaps your new goal is 10 additional pounds in the next 6 months.</li>\n</ul>\n"},{"title":"Get support.","content":"\n Having the support of others can be crucial to maintaining your drive and motivation. Your supporters can hold you accountable, offer encouragement when needed, and perhaps even join you in your efforts.\n<ul>\n<li>Get professional help and advice where needed. If for example, you want to improve your diet and nutrition to attain physical and mental wellness, you may want to consult with a nutritionist.</li>\n<li>If you are looking for financial stability, talk to a financial advisor.</li>\n<li>Join support groups that address whatever area(s) you might need encouragement in.</li>\n<li>Start a “buddy system” with a friend, spouse, or relative for various aspects of your wellness plan. For example, if you're working on financial wellness, getting your spouse involved can be an important step in getting closer to both relationship wellness and emotional wellness.</li>\n</ul>\n"}]},{"title":"Assessing Your Wellness Levels","tasks":[{"title":"Assess your current physical wellness.","content":"\n Physical wellness encompasses nutrition and physical fitness. Physical wellness also includes your medical wellness. Good medical wellness includes health-promoting medical practices like getting regular medical check-ups and using preventative healthcare. It also involves avoiding smoking, excessive alcohol consumption, and recreational drug use. Helpful questions to consider when assessing your physical wellness include:\n<ul>\n<li>What are your physical goals? Are you interested in seeking out a personal trainer, or is there a coach you may want to consult?</li>\n<li>Are you looking for overall fitness, or are you looking to build your core, your cardiovascular health, your upper body strength, etc?</li>\n<li>Are you looking to build muscle tone, or are you more interested in increasing stamina and endurance?</li>\n</ul>\n"},{"title":"Assess your level of nutritional wellness.","content":"\n Nutritional wellness has to do with how well nourished and supported your body is.\n<ul><li>Consider your current diet and how well it serves your health. Note any areas for improvement.</li></ul>\n"},{"title":"Assess your level of mental wellness.","content":"\n Mental wellness is a measure of how you cope with difficult situations and how well you balance your emotions.\n<ul><li>Consider your present mental wellness. Which emotions do you deal with most often? How well do you deal with those emotions? What changes or improvements would you like to see to your mental state?</li></ul>\n"},{"title":"Assess your level of spiritual wellness.","content":"\n Spiritual wellness isn't about religion or personal faith but about how you perceive the meaning of life and your place in it.\n\n<ul><li>Consider your current level of spiritual wellness: how fulfilled do you feel in your life? Do you lack a sense of purpose or efficacy?</li></ul>\n"},{"title":"Assess your level of emotional and relationship wellness.","content":"\n Emotional and relationship wellness pertains to how well you are aware of, accepting of, and able to deal with your feelings and the feelings of those around you. Having health emotional and relationship wellness makes you feel more resilient and supported. Conversely, lack of emotional wellness can sap your energy and happiness.\n<ul>\n<li>Take account of your present relationships, stress level, self-esteem, and life outlook. Are there areas on which you'd like to improve?</li>\n<li>Are you happy? Do you feel weighed down by your relationships or emotions?</li>\n</ul>\n"},{"title":"Assess your level of intellectual wellness.","content":"\n This refers to the amount of information and knowledge you take in, and the amount of creative, critical and analytical thinking you put out. Learning, problem solving and mental productivity are important aspects of intellectual wellness.\n<ul>\n<li>Consider your level of intellectual wellness. Are you intellectually stimulated by your life, or are you bored?</li>\n<li>Do you have sufficient creative outlets?</li>\n<li>How often do you use critical and analytical thinking?</li>\n</ul>\n"},{"title":"Assess your level of social wellness.","content":"\n Social wellness has to do with how you see your place in the world and in society and how well you adjust to your role in society.\n<ul>\n<li>Consider your level of social wellness. Do you feel secure and confident in your social roles?</li>\n<li>Are you able to easily take up new and different social roles?</li>\n</ul>\n"},{"title":"Assess your level of occupational wellness.","content":"\n This aspect of personal wellness stresses the importance of having a positive attitude towards work, as well as having a rewarding and enriching career path.\n<ul>\n<li>Consider your level of occupational wellness. Do you feel engaged by your work and career?</li>\n<li>Do you feel appreciated for your work?</li>\n<li>Do you feel enriched by the work you do?</li>\n<li>Are you satisfied with your career path?</li>\n</ul>\n"},{"title":"Assess your level of financial wellness.","content":"\n Financial wellness entails your sense of financial stability and health.\n<ul>\n<li>Consider your level of financial wellness. Are you living within your means?</li>\n<li>Are you financially secure for the future?</li>\n<li>Do you have and keep a budget?</li>\n</ul>\n"},{"title":"Assess your level of environmental wellness.","content":"\n This aspect of wellness relates to your level of environmental consciousness. Your well-being is intertwined with the well-being of the environment around you.\n<ul>\n<li>Consider your level of environmental wellness. Do you get enough fresh air, fresh water, and sunshine?</li>\n<li>Do you take time to appreciate the environment around you?</li>\n<li>Do you take measures to conserve energy and consume consciously?</li>\n</ul>\n"}]},{"title":"Setting Wellness Goals","tasks":[{"title":"Set goals for physical wellness.","content":"\n After assessing each dimension of your personal wellness, it's time to begin setting goals. Keep your initial goals simple and achievable. You don't want to get frustrated by difficult goals right off the bat.\n<ul>\n<li>It's a good idea to to a local fitness center and inquire about physical evaluations. Talk to your physician first before embarking on a physical wellness plan if you're overweight or have a history of medical problems.</li>\n<li>Start by walking more often. Park your car further away from an entrance and walk more. Use the stairs instead of the elevator or escalator. Walk around the block or take your dog out for a nice walk.</li>\n<li>Speak to your physician if you are overweight or have a significant medical history of heart disease, respiratory disease, arthritis, or any other serious medical condition. Your physician can help you set safe, reasonable goals.</li>\n<li>Make sure the physical activity you choose is something you like to do and not something someone talked you into. If you like the activity, you are much more likely to keep at it.</li>\n<li>Work your way up to increased activity. If you have spent the last 5 years with low to moderate physical activity, you're probably not quite ready for a triathlon. Start slowly and gently, increasing your activity level when you feel ready and able.</li>\n<li>Be patient and try a low-impact activity first like yoga, tai chi, or qigong.<sup id=\"_ref-4\" class=\"reference\" aria-label=\"Link to Reference 4\"><a href=\"#_note-4\">[4]</a><span class=\"ts_popup \" hidden=\"\" id=\"ts_popup_4\" style=\"display: none;\">\n\t<span class=\"ts_close\">X</span>\n\t\t<span class=\"ts_name\">Research source</span>\n\t\t<span class=\"ts_description\"></span>\n\t\t\t\t<a href=\"#\" class=\"ts_source\" target=\"_blank\" rel=\"nofollow noreferrer noopener\"></a>\n\n</span>\n</sup><sup id=\"_ref-5\" class=\"reference\" aria-label=\"Link to Reference 5\"><a href=\"#_note-5\">[5]</a><span class=\"ts_popup \" hidden=\"\" id=\"ts_popup_5\" style=\"display: none;\">\n\t<span class=\"ts_close\">X</span>\n\t\t<span class=\"ts_name\">Research source</span>\n\t\t<span class=\"ts_description\"></span>\n\t\t\t\t<a href=\"#\" class=\"ts_source\" target=\"_blank\" rel=\"nofollow noreferrer noopener\"></a>\n\n</span>\n</sup> These ancient physical (and spiritual) exercises can improve health, reduce stress, reduce pain, and improve strength and balance.</li>\n</ul>\n"},{"title":"Set goals for your nutritional wellness.","content":"\n How do you know what the best diet is with all of the conflicting diets and advice? Try starting with some relatively simple rules:\n<ul>\n<li>Consider speaking with a nutritionist who can help you determine the ideal nutrition for you and your body.</li>\n<li>Eat food that is as close to its natural form as possible. Try to limit processed and prepared foods and cook from scratch instead. Use a crock pot or stick to basic foods like rice, beans, and vegetables if you're pressed for time. You might also consider preparing food for the week ahead of time and storing it in the freezer until you're ready to eat it.</li>\n<li>Limit your red meat consumption (prefer grass-fed if possible). Increase the amount of fish (wild over farm raised) and skinless poultry you eat.</li>\n<li>Increase the amount of fruits and vegetables you consume. Your intake of vegetables should be higher than your fruit intake, since fruit contains sugar.</li>\n<li>Increase the amount of water you drink.</li>\n<li>Be alert for food sensitivities. If you suspect you're sensitive to a particular food, eliminate it from your diet for at least 2 weeks. Foods that may cause sensitivity include gluten, dairy, milk/lactose, tree nuts, shellfish, eggs, and soy.<sup id=\"_ref-6\" class=\"reference\" aria-label=\"Link to Reference 6\"><a href=\"#_note-6\">[6]</a><span class=\"ts_popup \" hidden=\"\" id=\"ts_popup_6\" style=\"display: none;\">\n\t<span class=\"ts_close\">X</span>\n\t\t<span class=\"ts_name\">Research source</span>\n\t\t<span class=\"ts_description\"></span>\n\t\t\t\t<a href=\"#\" class=\"ts_source\" target=\"_blank\" rel=\"nofollow noreferrer noopener\"></a>\n\n</span>\n</sup>\n</li>\n<li>Visit the American Academy of Nutrition and Dietetics (AND) website for advice on nutrition for kids, parents, men, women, and seniors.</li>\n<li>Give yourself 30 days on a new plan to form a habit and to fully evaluate the effects.  When first making a change, your body may go through a transition/detox which is not always the most pleasant but may be necessary for longer term change.  Dedicating yourself to the plan for the full duration can be a powerful but difficult step so surrounding yourself with a knowledgeable and supportive community may be helpful.</li>\n</ul>\n"},{"title":"Set mental wellness goals.","content":"\n Mental wellness takes work, but even if you've suffered from depression, anxiety, or another mental disorder, you can improve your mental wellness with the right actions. Try these approaches to reduce depression, anxiety and stress:\n<ul>\n<li>Set aside time to quietly relax each day.</li>\n<li>Take a walk when you feel distressed.</li>\n<li>Set aside time to do relaxing activities you enjoy like reading, gardening, watching movies, etc.</li>\n<li>Learn and use deep breathing techniques. For example, breathe by expanding your abdomen rather than your chest. This technique allows your diaphragm--the flat muscle below you lungs--to drop by expanding your abdominal muscles. Take 100 deep breaths each day.<sup id=\"_ref-8\" class=\"reference\" aria-label=\"Link to Reference 8\"><a href=\"#_note-8\">[8]</a><span class=\"ts_popup \" hidden=\"\" id=\"ts_popup_8\" style=\"display: none;\">\n\t<span class=\"ts_close\">X</span>\n\t\t<span class=\"ts_name\">Research source</span>\n\t\t<span class=\"ts_description\"></span>\n\t\t\t\t<a href=\"#\" class=\"ts_source\" target=\"_blank\" rel=\"nofollow noreferrer noopener\"></a>\n\n</span>\n</sup>\n</li>\n<li>Practice positive affirmations. Some examples of positive affirmations include: “yes, I can,” “I am successful,” “I feel better every day,” etc. You might write your affirmation on a sticky note and post it where you can see it.<sup id=\"_ref-9\" class=\"reference\" aria-label=\"Link to Reference 9\"><a href=\"#_note-9\">[9]</a><span class=\"ts_popup \" hidden=\"\" id=\"ts_popup_9\" style=\"display: none;\">\n\t<span class=\"ts_close\">X</span>\n\t\t<span class=\"ts_name\">Research source</span>\n\t\t<span class=\"ts_description\"></span>\n\t\t\t\t<a href=\"#\" class=\"ts_source\" target=\"_blank\" rel=\"nofollow noreferrer noopener\"></a>\n\n</span>\n</sup>\n</li>\n<li>Seek out the support of a therapist or support group.</li>\n<li>Remember: If you're taking medication for a mental disorder, never stop the medication or change the dose on your own. Doing so can be very dangerous and you should only do so under the guidance of your mental health professional.</li>\n</ul>\n"},{"title":"Set goals for spiritual wellness.","content":"\n You can use many of the same techniques for mental wellness as for spiritual wellness. Some examples:\n<ul>\n<li>Learn and use deep breathing techniques. For example, breathe by expanding your abdomen rather than your chest. This technique allows your diaphragm--the flat muscle below your lungs--to drop by expanding your abdominal muscles. Take 100 deep breaths each day.</li>\n<li>Meditate for a short period a few days a week. As you become more comfortable, gradually increase the amount of meditation you practice.<sup id=\"_ref-10\" class=\"reference\" aria-label=\"Link to Reference 10\"><a href=\"#_note-10\">[10]</a><span class=\"ts_popup \" hidden=\"\" id=\"ts_popup_10\" style=\"display: none;\">\n\t<span class=\"ts_close\">X</span>\n\t\t<span class=\"ts_name\">Research source</span>\n\t\t<span class=\"ts_description\"></span>\n\t\t\t\t<a href=\"#\" class=\"ts_source\" target=\"_blank\" rel=\"nofollow noreferrer noopener\"></a>\n\n</span>\n</sup>\n</li>\n<li>Remind yourself to stay calm and “in the moment.”</li>\n</ul>\n"}]}],"questions":[]}