{"meta":{"description":"Geopathic stress (GS) is the idea that the Earth resonates with energy – namely, energy from its electromagnetic field with a frequency of about 7.83 Hz (Schumann resonance). Although it lacks scientific proof,[1] the basic idea is that this resonant energy affects human health. Problems emerge when disruptions like underground streams, sewers, water and electric lines, tunnels, minerals, and tectonic faults distort the Earth’s natural energy. Adherents of this idea claim that this “geopathic stress” and other kinds of electromagnetic pollution cause illnesses ranging from fatigue, depression, and sleep problems to diabetes and cancer. Should you be worried about geopathic stress? No.[2] However, some people think it is possible to locate and resolve sources of geopathic distortion.","title":"Deal With Geopathic Stress"},"todo_list":[{"title":"Identifying Disturbance Points","tasks":[{"title":"Think about what kind of geopathic stress is affecting you.","content":"\n Start with specific questions about the type of stress you are under. Is there a stream flowing under your home? Or are there earth lines crossing to create an overpowering disturbance in your dining room? Try to be specific, as it may affect what solution you take.\n<ul>\n<li>You may be dealing with not one but several sources of energy at once. The distortion caused by an underground stream, for example, might well cross and amplify the force of a geological fault or vortex.</li>\n<li>Keep in mind, too, that energy patterns can be cyclical rather than constant. If your own energy and health fluctuate during the year, it may point to the disturbance – for example, a seasonal underground stream under your home.</li>\n</ul>\n\n"},{"title":"Use a dowsing wand.","content":"\n Dowsing is thought to be a way to discover subterranean water, minerals, or other objects. The idea is to take a device like a wand, pendulum, or V-shaped rod and hold it in front of you. The wand points to the ground when you are standing over water or your desired object. While dowsing has no scientific basis, some people feel strongly that the attraction of the wand to the ground is a result of electromagnetic energy. Try dowsing yourself or bringing in a practitioner to help you discover the sources of your energy disturbance.\n<ul>\n<li>In order to dowse, you’ll need a wand or V-shaped rod. Even a simple stick works. Start by holding the wand level in front of you. Then, begin to slowly walk around the area in which you suspect there is a disturbance. The wand will be attracted to the ground when you pass over such an area.</li>\n<li>You can also use a pendulum to dowse, or two separate wands that cross when you have located water or an object.<sup id=\"_ref-5\" class=\"reference\" aria-label=\"Link to Reference 5\"><a href=\"#_note-5\">[5]</a><span class=\"ts_popup \" hidden=\"\" id=\"ts_popup_5\" style=\"display: none;\">\n\t<span class=\"ts_close\">X</span>\n\t\t<span class=\"ts_name\">Research source</span>\n\t\t<span class=\"ts_description\"></span>\n\t\t\t\t<a href=\"#\" class=\"ts_source\" target=\"_blank\" rel=\"nofollow noreferrer noopener\"></a>\n\n</span>\n</sup>\n</li>\n</ul>\n"},{"title":"Use a compass.","content":"\n Some people feel that compasses are also effective at locating electromagnetic disturbances. To use one, hold it in your hand and turn until the needle is pointing due north. Then, move the compass over the suspected disturbance point. The needle will alert you of any energy distortions by wavering back and forth.\n<ul><li>Since it is hard to hold a compass steady, this method is best for small areas like a bed, chair, or sofa.</li></ul>\n"},{"title":"Watch the behavior of pets or other animals.","content":"\n The nineteenth century German geomancer Baron Gustav von Pohl made a startling discovery: cats, dogs, insects, and other animals are naturally attracted to areas of earth resonance. One of the simplest indicators of a geopathic stress zone is to be found in the behavior of animals. Look for signs around you.\n<ul>\n<li>Cats, for example, will sleep over such spots. If outdoors, look for bee, wasp, or ant nests over the spot.</li>\n<li>Excessive amounts of slugs, snails, other insects, or parasites is also a good sign of disturbance. Moles, too, burrow along geopathic stress lines.<sup id=\"_ref-8\" class=\"reference\" aria-label=\"Link to Reference 8\"><a href=\"#_note-8\">[8]</a><span class=\"ts_popup \" hidden=\"\" id=\"ts_popup_8\" style=\"display: none;\">\n\t<span class=\"ts_close\">X</span>\n\t\t<span class=\"ts_name\">Research source</span>\n\t\t<span class=\"ts_description\"></span>\n\t\t\t\t<a href=\"#\" class=\"ts_source\" target=\"_blank\" rel=\"nofollow noreferrer noopener\"></a>\n\n</span>\n</sup>\n</li>\n</ul>\n"}]},{"title":"Protecting yourself from Disturbances","tasks":[{"title":"Rearrange your living space.","content":"\n You may be unknowingly exposing yourself to geopathic stress. There may be a disturbance underneath your bed, your dining room table, your bathtub, or your your favorite chair. If you have identified a potential trouble spot, rearrange your furniture to avoid spending too much time over or near the point.\n<ul><li>It may be that the disturbance covers a large area. If you can’t re-position your bed or other furniture away from the stress lines, you will have to consider other options, like tools to neutralize the disturbance or to enhance your own energy field.</li></ul>\n"},{"title":"Use Feng Shui to enhance your rearranging.","content":"\n The traditional Chinese art of Feng Shui studies the interaction of humans with their environment. Taken further, Feng Shui can allow you to influence these interacting energies to improve your life. Find out more about its principles and apply them to your living space.\n<ul><li>While the idea has no basis in science,<sup id=\"_ref-9\" class=\"reference\" aria-label=\"Link to Reference 9\"><a href=\"#_note-9\">[9]</a><span class=\"ts_popup \" hidden=\"\" id=\"ts_popup_9\" style=\"display: none;\">\n\t<span class=\"ts_close\">X</span>\n\t\t<span class=\"ts_name\">Research source</span>\n\t\t<span class=\"ts_description\"></span>\n\t\t\t\t<a href=\"#\" class=\"ts_source\" target=\"_blank\" rel=\"nofollow noreferrer noopener\"></a>\n\n</span>\n</sup> some people think that Feng Shui can specifically address geopathic stress. This is because they see the Earth’s resonance as the unifying force between Heaven’s chi (virtual) and Earth’s chi (actual). The Schumann Resonance, they think, allows feng shui remedies to work better.</li></ul>\n"},{"title":"Set up metal rods.","content":"\n A popular and simple method is to place metal rods at strategic points in your home or anywhere you suspect a geopathic disturbance in order to block or neutralize the distorted flow of energy. These points should be verified by dowsing. To make the method work, you’ll also have to know the flow of the earth lines.\n<ul><li>The rods can be copper, brass, or steel. Some people also feel that they can use other objects to redirect the flow of the Earth’s energy, and resolve disturbances. Called “earth acupuncture,” this method involves placing things like leaves, crystals, flowers, or shells at strategic points.</li></ul>\n"},{"title":"Create a cork barrier.","content":"\n Some people think that oak trees mysteriously developed a natural resistance to geopathic stress. In particular, the bark of the cork oak is believed to be effective as a barrier. Try placing cork tiles under your affected bed, for example, to absorb the geopathic chaos. You should be able to do this on your own.\n<ul><li>Be aware that a cork barrier is not a permanent solution. You have only made a barrier. The basic energy disturbance is still there and will have to be resolved.</li></ul>\n"},{"title":"Invest in a new-age crystal.","content":"\n Buy a new crystal to shield yourself. Some people feel strongly about the healing and protective qualities of crystals, which they say protect you from geopathic stresses but also, through energy resonances in your own body and negative ions, can stimulate your immune system and change toxic energies into beneficial ones.\n<ul><li>Quartz or shungite crystals work great. Amethyst, zeolite, and tourmaline are great at generating negative ions from moisture in the air. Make sure to wear your crystal at all times.</li></ul>\n"},{"title":"Get rid of other sources of electromagnetic pollution.","content":"\n The world is filled with sources of electromagnetic pollution that can magnify geopathic stress. High tension power lines, satellite towers, electric poles, or circuit breakers all send out high and low frequency energy that may increase geopathic stress, as can everyday items like microwaves, cell phones, and wireless routers. Minimize your exposure to such devices.\n<ul><li>For instance, get rid of unneeded appliances. If you can’t, keep them unplugged when not in use.</li></ul>\n"}]}],"questions":[]}