{"meta":{"description":"The Surya Namaskar (sun salutation) is a series of 12 yoga poses meant to give praise to the sun. Traditionally, you do these poses in the morning to greet the rising sun and celebrate the start of a new day. After you move through the poses, go back through the same poses in the opposite direction until you return to your beginning pose. The Surya Namaskar A is just one of many variants on this sequence.","title":"Do the Surya Namaskar"},"todo_list":[{"title":"Opening the Surya Namaskar","tasks":[{"title":"Start with the mountain pose.","content":"\n This pose is also known as the Tadasana Namaskar. Stand up straight and tall with your feet planted firmly on the floor, hip-distance apart. Balance your weight evenly on both feet. Let your hands hang at your sides with the palms facing forward and the fingers open, in a receiving position.\n<ul>\n<li>Alternatively, you can bring your hands together in front of your chest in a prayer position. Press the tips of your thumbs against your sternum, over your heart chakra.<sup id=\"_ref-2\" class=\"reference\" aria-label=\"Link to Reference 2\"><a href=\"#_note-2\">[2]</a><span class=\"ts_popup \" hidden=\"\" id=\"ts_popup_2\" style=\"display: none;\">\n\t<span class=\"ts_close\">X</span>\n\t\t<span class=\"ts_name\">Research source</span>\n\t\t<span class=\"ts_description\"></span>\n\t\t\t\t<a href=\"#\" class=\"ts_source\" target=\"_blank\" rel=\"nofollow noreferrer noopener\"></a>\n\n</span>\n</sup>\n</li>\n<li>Once you are in the mountain pose, breathe slowly and steadily, and focus on finding your center.<sup id=\"_ref-3\" class=\"reference\" aria-label=\"Link to Reference 3\"><a href=\"#_note-3\">[3]</a><span class=\"ts_popup \" hidden=\"\" id=\"ts_popup_3\" style=\"display: none;\">\n\t<span class=\"ts_close\">X</span>\n\t\t<span class=\"ts_name\">Research source</span>\n\t\t<span class=\"ts_description\"></span>\n\t\t\t\t<a href=\"#\" class=\"ts_source\" target=\"_blank\" rel=\"nofollow noreferrer noopener\"></a>\n\n</span>\n</sup>\n</li>\n</ul>\n\n"},{"title":"Raise your arms in an upward salute (Urdhva Hastasana).","content":"\n Inhale deeply and look upward. Slowly raise your arms above your head with the palms together and your fingers pointing straight upward. Push your hips forward a little so that you enter a slight backbend.\n<ul><li>Keep your shoulders back and down while you are in this pose.</li></ul>\n"},{"title":"Move into a standing forward bend (Uttanasana).","content":"\n Exhale and bend forward at the hips, keeping your back and legs straight. If you can, bring your chest against your thighs and aim the crown of your head at the floor. Place your hands flat on the floor, or rest them on a block if you cannot reach the floor.\n<ul>\n<li>Try to line your fingertips up with your toes, with your hands positioned on the outsides of your feet.</li>\n<li>Keep your back as straight as possible while you are in this pose. Your back should not be rounded.</li>\n</ul>\n"},{"title":"Enter a half-standing forward bend (Ardha Uttanasana).","content":"\n Inhale and slowly slide your hands up along your shins. Raise your head so that you are looking slightly forward and unbend slightly at the hips so that your chest is no longer resting against your thighs. Keep your back flat and straight. Create a triangle between your feet, head, and hips.\n<ul><li>Alternatively, you can keep your fingertips resting on the floor for this pose.<sup id=\"_ref-7\" class=\"reference\" aria-label=\"Link to Reference 7\"><a href=\"#_note-7\">[7]</a><span class=\"ts_popup \" hidden=\"\" id=\"ts_popup_7\" style=\"display: none;\">\n\t<span class=\"ts_close\">X</span>\n\t\t<span class=\"ts_name\">Research source</span>\n\t\t<span class=\"ts_description\"></span>\n\t\t\t\t<a href=\"#\" class=\"ts_source\" target=\"_blank\" rel=\"nofollow noreferrer noopener\"></a>\n\n</span>\n</sup>\n</li></ul>\n"}]},{"title":"Moving through the Middle of the Routine","tasks":[{"title":"Exhale and return to the forward fold.","content":"\n From the half-standing forward bend, slowly return to your previous position. Slide your hands back down your shins so that you are grasping your ankles. Make sure to keep your back straight as you bend forward and rest your chest against your thighs.\n"},{"title":"Get into a plank pose.","content":"\n Inhale and place your hands flat on the floor. Carefully step back with both feet, one foot at a time, extending your legs straight out behind you with your toes curled under you. Keep your arms straight and your shoulders directly above your wrists, and keep your back straight and flat.\n<ul><li>Your hands should be shoulder-width apart, and your feet should be hip-distance apart.</li></ul>\n"},{"title":"Lower yourself into a low pushup.","content":"\n This is also known as the 4-limbed staff pose or Chaturanga Dandasana. Exhale and bend your arms at the elbows so that your torso is parallel to the floor. Push back through your legs into your heels, keeping your legs straight out behind you.\n<ul><li>If you’re not strong enough to do a low pushup, lower yourself down so that your knees, chin, and chest are on the floor.</li></ul>\n"},{"title":"Inhale and enter an upward dog pose (Urdhva Mukha Svanasana).","content":"\n Push your toes out behind you so that the tops of your feet are resting flat on the floor. Keeping your arms straight and your hands resting flat on the floor, raise your head and push your chest forward and your shoulders back so that you enter a backbend.\n<ul><li>Allow your shins to rest on the floor, but try to keep your thighs and hips slightly elevated.</li></ul>\n"}]},{"title":"Returning to the Opening Pose","tasks":[{"title":"Get into a downward dog pose (Adho Mukha Svanasana).","content":"\n Exhale and roll your feet back onto your toes, keeping your legs straight out behind you. Let your head hang down and move your hips up and back, pushing through your shoulder blades. Keep your hands flat on the floor and your arms straight.\n<ul><li>Keep your back and legs straight and aim your hips directly at the ceiling.</li></ul>\n"},{"title":"Move back into the standing forward bend.","content":"\n From the downward dog position, inhale and step forward with one foot, then the other. Move your feet so that they are in line with your hands and closer to the front of the mat. Keep your legs and back straight, and bend at the hips.\n"},{"title":"Inhale and move back into the upward salute.","content":"\n Slowly straighten up until you are standing upright, then raise your arms above your head, turning your gaze upward. Keep your hands facing each other or touching, palm to palm. Push your hips forward and your shoulders back so that you enter a slight backbend.\n<ul><li>Keep your knees very slightly bent during this pose.</li></ul>\n"},{"title":"Exhale and return to the mountain pose.","content":"\n Slowly lower your arms and straighten your back. Let your hands hang at your sides in the forward-facing receptive position, or hold them in front of your chest in the prayer position. Make sure your weight is evenly distributed between both your feet.\n<ul><li>This will return you to the original pose and bring the Surya Namaskar sequence full circle.</li></ul>\n"}]}],"questions":[{"title":"How can you decrease your stomach fat with yoga?","content":"Support wikiHow by unlocking this expert answer.\nThere are a number of yoga poses that can help decrease stomach fat, especially those that work the abdominal area. Combine yoga with a healthy diet and increased physical activity in general to decrease stomach fat."},{"title":"What is surya namaskar?","content":"Support wikiHow by unlocking this expert answer.\nThe surya namaskar is a set of 12 exercises or poses (asanas) done together in the morning. It is known as the \"Sun Salutation\" because it is a way of starting the day with the sun. If you have a dog or a cat, you have probably seen their early morning stretch; the surya namaskar is very much like that and is derived from the art of Yoga."}]}