{"meta":{"description":"Medical marijuana, or medical cannabis, is an alternative medicine for various medical conditions. It can be eaten like an ordinary food or in capsule form, smoked, or vaporized. Medical marijuana is sold at outlets called dispensaries. If you are a medical marijuana patient, you want to make sure you find a dispensary that meets your needs. Not all dispensaries are created equal, and you want to go somewhere with a warm and supportive environment. Visit a variety of dispensaries and ask the staff and doctors questions. Find a dispensary that seems professional, supportive, and works with the local community to raise awareness of the benefits of medicinal marijuana.","title":"Find the Best Medical Marijuana Dispensary"},"todo_list":[{"title":"Assuring Your Basic Needs are Met","tasks":[{"title":"Look for dispensaries near you.","content":"\n If you live in an area where medical marijuana is legal, there should be a variety of dispensaries that are conveniently close to you. You can use a variety of online services, like WeedMaps, Potlocater, and THC List, to find dispensaries near you. With luck, you should find several in your area. The best way to gauge whether a dispensary is a good fit for you is to visit a variety and see how if they feel safe and comfortable.\n<ul>\n<li>In the event there are not any dispensaries close to you, you may have to travel a bit to find one. This can be inconvenient, but keep in mind it's worth taking a day to travel to find the best place to get your medicine.</li>\n<li>Even if a dispensary is a significant distance from you, many dispensaries offer delivery services.</li>\n</ul>\n\n"},{"title":"Make sure dispensaries are following legal protocol.","content":"\n You do not want to go to a dispensary that is at risk of getting shut down due to illegal operations. When you get to a dispensary, they should ask for a photo ID and also check for verification that you are a legitimate medical marijuana patient. A dispensary that simply lets you walk in without any kind of identification is probably not following legal protocol. It may be best to take your business elsewhere. An illegal dispensary can get shut down at any time, leaving you without access to your medicine.\n"},{"title":"Check privacy and patient rights policies.","content":"\n It's vital you review a dispensary's privacy policies, as well as its policies regarding patient rights. You want to make sure your information will be kept securely at the dispensary you choose. You can usually review a dispensary's website to find information regarding privacy and patient policies, but you can also ask for a copy of these policies when visiting a dispensary.\n<ul>\n<li>There should be a policy that states clearly your information will not be shared with outside parties without your consent.</li>\n<li>When visiting a dispensary, you want to make sure your privacy rights are stated up front when you see a doctor or purchase a product.</li>\n<li>A dispensary should operate like any other health organization. It's privacy and patient rights policy should be as extensive as those found in a hospital or a pharmacy.</li>\n</ul>\n"},{"title":"Make sure the staff and the onsite doctor are knowledgeable.","content":"\n When you go to a dispensary, you should first make a visit to the staff doctor. Staff doctors at dispensaries may give out medicinal marijuana cards or provide information to patients regarding different strains of marijuana. You want a knowledgeable doctor who conducts him or herself in a professional manner. You should also make sure the a dispensaries staff members are well-informed as well.\n<ul>\n<li>The doctor working at the dispensary should be a physician (MD), a naturopathic doctor (ND), a doctor of Traditional Chinese Medicine (DTCM), or a nurse practitioner. These are medical professionals authorized to hand out medical marijuana cards. Talking to a doctor who prescribes medical marijuana should be just like talking to your regular physician.</li>\n<li>The atmosphere of a dispensary should be similar to that of a pharmacy or hospital. If you have any questions for the staff, they should be able to answer them professionally. A dispensary with a doctor or staff members that seem to lack knowledge of the science behind medicinal marijuana is a bad sign. You want a dispensary where all your questions can be answered easily.</li>\n</ul>\n"}]},{"title":"Finding a Safe and Supportive Atmosphere","tasks":[{"title":"Find a dispensary that's involved with the community.","content":"\n A good dispensary will be invested in raising community awareness of the benefits of medicinal marijuana. An involved dispensary is more likely to have staff and doctors who genuinely care about their patients' well-being.\n<ul>\n<li>Ask the staff about how the dispensary is involved with the local community. Do they do any community outreach or education programs? Do they ever work in conjunction with local hospitals?</li>\n<li>A dispensary should also be willing to advocate for patients. Ask the dispensary if their staff and doctors would come to your aid if your status as a medicinal marijuana patient were to be questioned. A solid dispensary should be filled with passionate people committed to making sure patient needs are met and that people are assured access to their medication.<sup id=\"_ref-6\" class=\"reference\" aria-label=\"Link to Reference 6\"><a href=\"#_note-6\">[6]</a><span class=\"ts_popup \" hidden=\"\" id=\"ts_popup_6\" style=\"display: none;\">\n\t<span class=\"ts_close\">X</span>\n\t\t<span class=\"ts_name\">Research source</span>\n\t\t<span class=\"ts_description\"></span>\n\t\t\t\t<a href=\"#\" class=\"ts_source\" target=\"_blank\" rel=\"nofollow noreferrer noopener\"></a>\n\n</span>\n</sup>\n</li>\n</ul>\n"},{"title":"Visit dispensaries to make sure there's a professional atmosphere.","content":"\n A dispensary should be professional. You do not want to work with staff and doctors who do not value professionalism when it comes to providing medicinal marijuana.\n<ul>\n<li>The dispensary should want to make sure they do not violate any laws or interfere with the community. There should be signs that forbid smoking on site. If the dispensary is near a school or anywhere that children congregate, you should see warnings against using medicinal marijuana close to young children.</li>\n<li>The dispensary should not feel like a liquor store or a head shop. It should feel on par with a hospital or pharmacy. Strains of marijuana should come with instructions on what type of ailments they treat.</li>\n</ul>\n"},{"title":"Strive for a supportive environment.","content":"\n You want to feel welcome at your dispensary. Many dispensaries have a harsh atmosphere. They may be located in a bad part of town, and have heavy security and unfriendly staff. You want to feel 100% safe and comfortable walking into a dispensary.\n<ul>\n<li>The staff should be warm and welcoming. They should encourage you to ask questions if you have them, and the layout of the dispensary should be easy to navigate.</li>\n<li>Many dispensaries offer smoke-free lounges where you can look over your medication options before making a decision. Ideally, a dispensary should provide reading material for patients regarding the types of products they sell.</li>\n</ul>\n"},{"title":"Watch for warning signs of a bad dispensary.","content":"\n There are a couple of things you should watch out for when it comes to dispensaries.\n<ul>\n<li>Pay attention to how a dispensary advertises itself. There should not be gaudy signs with a lot of colors and other loud advertisements. A dispensary should advertise itself as a hospital or pharmacy and not a place for entertainment.</li>\n<li>People should not be smoking inside a dispensary. A professional dispensary generally does not allow smoking inside.</li>\n<li>Heavy security may indicate a dispensary is in an unsafe part of town, or that they deal with unprofessional dealers.</li>\n<li>A dispensary should have consistent hours of operation. You do not want to rely on a dispensary with unpredictable hours.</li>\n</ul>\n"}]},{"title":"Looking for High Quality Marijuana","tasks":[{"title":"Make sure the dispensary provides adequate upkeep of its products.","content":"\n You should ask at the dispensary what means are used to assure a high-quality product. You should be able to tell, by reading dispensary policies online or at the store, how they assure quality.\n<ul>\n<li>For instance, the dispensary should follow a series of food safety protocols regarding its edibles. They should assure patients that edibles are made in a clean environment, on par with a professional kitchen.</li>\n<li>The dispensary should double check any products not grown onsite. Products should be checked for signs of age, mold, or any other potential contaminants.</li>\n</ul>\n"},{"title":"Check to see if a dispensary has the products you need.","content":"\n There are a vast number of strains of medical marijuana available. If you're a new patient, you may not know what you need yet. Find a dispensary that has a great variety of strains of marijuana, as well as edibles and balms. Check to make sure the dispensary sells those strains, balms, or edible options.\n<ul>\n<li>Ideally, a dispensary should sell indicas, sativas, and hybrid blends of marijuana.</li>\n<li>A dispensary should also offer alternative means of consuming marijuana, as not everyone takes to smoking. Edibles, balms, tinctures, and inhalants may also be offered.</li>\n<li>You can usually check on a dispensary's website to see what they carry. You can also browse the selections when visiting the dispensary.</li>\n</ul>\n"},{"title":"Read reviews online or test products on your own.","content":"\n The best means to tell if you like a dispensary's product is to test them out yourself. Buying a few strains from each dispensary can get expensive, however, but some dispensaries may offer free samples if you ask. If you cannot afford to try out the marijuana yourself, try reading reviews.\n<ul>\n<li>Yelp, Leafly, and Weedmaps provide user reviews of dispensaries. People may make notes here about the quality of the product.</li>\n<li>If you know any other medicinal marijuana patients, try asking them for advice about the quality at a variety of dispensaries.</li>\n</ul>\n"},{"title":"Ask how the medicine is prepared.","content":"\n A good dispensary will know where its products come from. Staff members at the dispensary should be able to answer any and all questions you have about where and how the marijuana was grown. They should have an open and working relationship with their growers. Be wary of a dispensary that dodges questions about their product's origin, as this may be a sign the medicine is potentially unsafe.\n"},{"title":"Consider your price range.","content":"\n If price is an issue, there are many online tools you can use to find the cheapest strains of medical marijuana. The site Wikileaf allows you to put in a specific price range and search for dispensaries in your area that offer that range. Keep in mind, however, not all dispensaries will have their prices listed online.\n<ul><li>The average price is around $15 per gram. Anything more expensive than this may not be worth the money.</li></ul>\n"}]}],"questions":[{"title":"What should you look for in a dispensary?","content":"Support wikiHow by unlocking this expert answer.\nChoose a licensed dispensary. When you're selecting a medical marijuana dispensary, it's very important to ensure the dispensary is licensed by the state and operating legally. Dispensaries should display their license prominently in their dispensary and on their website. Licensed businesses must comply with regulations that promote safety and product quality."},{"title":"What makes a good dispensary?","content":"Support wikiHow by unlocking this expert answer.\nVisit shops where you feel comfortable and welcomed. Only shop at dispensaries where the customer service representatives are friendly, knowledgeable, and formally trained. While things like location, ease of access, and product selection are important, finding a dispensary with good customer service is critical. On the other hand, be wary of sales representatives that act like healthcare professionals. The customer service representatives at a dispensary are not licensed healthcare professionals, and they should not provide you with medical advice or make therapeutic claims about products. If you have medical questions, consult a knowledgeable healthcare professional."}]}