{"meta":{"description":"The ketogenic (keto) diet is very popular in health and fitness communities, and has been shown to be effective for weight loss in more than 20 scientific studies.[1] It’s intended to train your body to burn primarily fat for energy. Some studies show a keto diet can even help treat Alzeheimer’s, epilepsy, and Parkinson’s![2] Want to see if this diet can be your first step to a successful weight loss journey? Read on to get all your keto questions answered.","title":"Go on a Ketogenic Diet"},"todo_list":[{"title":"Keto Diet Basics","tasks":[{"title":"Keto diets are high-fat and low carb.","content":"\n This combination causes your body to go into ketosis, where your liver turns fat into ketones and your body prioritizes torching fat for energy.\n<ul>\n<li>Ketosis is a relatively complex metabolic state and may not be right for everyone!</li>\n<li>The standard ketogenic diet is 75% fat, 20% protein, and 5% carbs.</li>\n</ul>\n\n"},{"title":"Eat mostly healthy fats and high-quality proteins.","content":"\n These will give you sources for energy throughout your diet.\n<ul>\n<li>Consume high-fat meats like salmon and beef.</li>\n<li>Use olive, coconut, and avocado oil for cooking.</li>\n<li>Cheese and heavy creams are great sources of fat.<sup id=\"_ref-5\" class=\"reference\" aria-label=\"Link to Reference 5\"><a href=\"#_note-5\">[5]</a><span class=\"ts_popup \" hidden=\"\" id=\"ts_popup_5\" style=\"display: none;\">\n\t<span class=\"ts_close\">X</span>\n\t\t<span class=\"ts_name\">Research source</span>\n\t\t<span class=\"ts_description\"></span>\n\t\t\t\t<a href=\"#\" class=\"ts_source\" target=\"_blank\" rel=\"nofollow noreferrer noopener\"></a>\n\n</span>\n</sup>\n</li>\n<li>Your options for protein include eggs, fish, red meat, and chicken.</li>\n</ul>\n"},{"title":"Foods you shouldn’t eat include most high-sugar fruits and grains, as well as:","content":"\n\n<ul>\n<li>Baked goods (gluten-free or otherwise)</li>\n<li>Wheat-based products (pasta, flour, bread)</li>\n<li>Rice, beans</li>\n<li>Potatoes, corn, squash, peas</li>\n<li>Juices or syrups</li>\n<li>Sweetened yogurt</li>\n<li>Crackers and chips</li>\n<li>Soda, candy, alcohol</li>\n</ul>\n"},{"title":"These foods in moderation won’t prevent you from reaching ketosis, as long as you eat them sparingly:","content":"\n\n<ul>\n<li>Snacks with high-fat content like nuts, avocados, and unprocessed cheese.</li>\n<li>Berries, unsweetened tea/coffee, and dark chocolate are also allowed to sweeten up your day.<sup id=\"_ref-7\" class=\"reference\" aria-label=\"Link to Reference 7\"><a href=\"#_note-7\">[7]</a><span class=\"ts_popup \" hidden=\"\" id=\"ts_popup_7\" style=\"display: none;\">\n\t<span class=\"ts_close\">X</span>\n\t\t<span class=\"ts_name\">Research source</span>\n\t\t<span class=\"ts_description\"></span>\n\t\t\t\t<a href=\"#\" class=\"ts_source\" target=\"_blank\" rel=\"nofollow noreferrer noopener\"></a>\n\n</span>\n</sup>\n</li>\n</ul>\n"}]},{"title":"Types of Keto Diets","tasks":[{"title":"Try a low-carbohydrate diet first to ease your transition into keto.","content":"\n This can reduce some of the initial side-effects of starting keto, often called the keto flu.\n<ul>\n<li>Symptoms of the keto flu include nausea, intestinal discomfort, or sleep issues.</li>\n<li>You can try the Atkins or the Paleo diets, since both are low-carb.</li>\n</ul>\n"},{"title":"Choose a targeted keto diet if you’re a frequent exerciser.","content":"\n This ensures you’ll have enough energy to work out.\n<ul>\n<li>Targeted keto diets (TKD) are 65-70% fat, 20% protein, and 10-15% carbs.</li>\n<li>The carbs will be most helpful if eaten before or after you work out.</li>\n<li>These carbs will be burned as you exercise, and therefore won’t get stored as fat.</li>\n</ul>\n"},{"title":"Pick a cyclical keto diet for more freedom on cheat days.","content":"\n Save those days for special occasions, or alternate five days of a normal keto diet with two non-keto days.\n<ul>\n<li>Keto day = 75% fat, 15-20% protein, 5-10% carbs</li>\n<li>Off day = 25% fat, 25% protein, 50% carbs</li>\n<li>Even on your off days, try eating fruits, starchy veggies, dairy, and whole grains for your carbs instead of sugary or highly processed foods.</li>\n</ul>\n"},{"title":"Do a high-protein keto diet to build muscle.","content":"\n If you lift weights 4-6 times a week, this is a good option for you.\n<ul>\n<li>60% fat, 35% protein, 5% carbs</li>\n<li>This diet is easier to follow because you replace some of the fat from the standard keto diet with protein.</li>\n<li>If you are using a ketogenic diet to lose weight or build muscle mass, eat approximately 1g of protein per pound of <a href=\"/Calculate-Your-Body-Mass-Index-(BMI)\" title=\"Calculate Your Body Mass Index (BMI)\">body mass</a>.<sup id=\"_ref-11\" class=\"reference\" aria-label=\"Link to Reference 11\"><a href=\"#_note-11\">[11]</a><span class=\"ts_popup \" hidden=\"\" id=\"ts_popup_11\" style=\"display: none;\">\n\t<span class=\"ts_close\">X</span>\n\t\t<span class=\"ts_name\">Research source</span>\n\t\t<span class=\"ts_description\"></span>\n\t\t\t\t<a href=\"#\" class=\"ts_source\" target=\"_blank\" rel=\"nofollow noreferrer noopener\"></a>\n\n</span>\n</sup>\n</li>\n</ul>\n"}]},{"title":"Supplementing a Keto Diet","tasks":[{"title":"Eat short chain fats.","content":"\n These can ease the process of ketosis and reduce stress on your body.\n<ul>\n<li>Short chain fats signal the liver to make more ketones and can also be a source of fiber.</li>\n<li>Try to cook frequently with coconut oil.<sup id=\"_ref-13\" class=\"reference\" aria-label=\"Link to Reference 13\"><a href=\"#_note-13\">[13]</a><span class=\"ts_popup \" hidden=\"\" id=\"ts_popup_13\" style=\"display: none;\">\n\t<span class=\"ts_close\">X</span>\n\t\t<span class=\"ts_name\">Research source</span>\n\t\t<span class=\"ts_description\"></span>\n\t\t\t\t<a href=\"#\" class=\"ts_source\" target=\"_blank\" rel=\"nofollow noreferrer noopener\"></a>\n\n</span>\n</sup>\n</li>\n<li>Try and eat vegetables like onions, asparagus, artichokes, and garlic often.<sup id=\"_ref-14\" class=\"reference\" aria-label=\"Link to Reference 14\"><a href=\"#_note-14\">[14]</a><span class=\"ts_popup \" hidden=\"\" id=\"ts_popup_14\" style=\"display: none;\">\n\t<span class=\"ts_close\">X</span>\n\t\t<span class=\"ts_name\">Research source</span>\n\t\t<span class=\"ts_description\"></span>\n\t\t\t\t<a href=\"#\" class=\"ts_source\" target=\"_blank\" rel=\"nofollow noreferrer noopener\"></a>\n\n</span>\n</sup>\n</li>\n</ul>\n"},{"title":"Take a vitamin D supplement.","content":"\n Vitamin D is rarely naturally present in foods, however, it is an essential to calcium consumption, cell growth, and inflammation.\n<ul>\n<li>The restriction of a ketogenic diet can demand a higher need for vitamin D.</li>\n<li>Purchase vitamin D capsules or pill at your local health food store.</li>\n<li>You can also get vitamin D sun exposure. Try to sit outside or go for a walk each day.<sup id=\"_ref-16\" class=\"reference\" aria-label=\"Link to Reference 16\"><a href=\"#_note-16\">[16]</a><span class=\"ts_popup \" hidden=\"\" id=\"ts_popup_16\" style=\"display: none;\">\n\t<span class=\"ts_close\">X</span>\n\t\t<span class=\"ts_name\">Research source</span>\n\t\t<span class=\"ts_description\"></span>\n\t\t\t\t<a href=\"#\" class=\"ts_source\" target=\"_blank\" rel=\"nofollow noreferrer noopener\"></a>\n\n</span>\n</sup>\n</li>\n</ul>\n"},{"title":"Use fiber supplements.","content":"\n Eliminating carbohydrates also means eliminating a large source of fiber.\n<ul>\n<li>Fiber reduces the stress of digestion and promotes healthy bowel movements.</li>\n<li>If you are having difficulty consuming your desired amount of fiber, try taking a supplement like Metamucil to prevent constipation or other intestinal inflammations.</li>\n</ul>\n"}]},{"title":"Troubleshooting the Diet","tasks":[{"title":"Test for signs of ketosis.","content":"\n This is a surefire way of knowing whether or not your ketogenic diet is effective.\n<ul>\n<li>Buy <a href=\"/Read-Ketosis-Strips\" title=\"Read Ketosis Strips\">ketosis test strips</a>, like ketostix, and use them regularly and consistently.<sup id=\"_ref-19\" class=\"reference\" aria-label=\"Link to Reference 19\"><a href=\"#_note-19\">[19]</a><span class=\"ts_popup \" hidden=\"\" id=\"ts_popup_19\" style=\"display: none;\">\n\t<span class=\"ts_close\">X</span>\n\t\t<span class=\"ts_name\">Research source</span>\n\t\t<span class=\"ts_description\"></span>\n\t\t\t\t<a href=\"#\" class=\"ts_source\" target=\"_blank\" rel=\"nofollow noreferrer noopener\"></a>\n\n</span>\n</sup>\n</li>\n<li>When producing ketones, your urine and breath might begin to smell fruity or like nail polish remover.<sup id=\"_ref-20\" class=\"reference\" aria-label=\"Link to Reference 20\"><a href=\"#_note-20\">[20]</a><span class=\"ts_popup \" hidden=\"\" id=\"ts_popup_20\" style=\"display: none;\">\n\t<span class=\"ts_close\">X</span>\n\t\t<span class=\"ts_name\">Research source</span>\n\t\t<span class=\"ts_description\"></span>\n\t\t\t\t<a href=\"#\" class=\"ts_source\" target=\"_blank\" rel=\"nofollow noreferrer noopener\"></a>\n\n</span>\n</sup>\n</li>\n</ul>\n"},{"title":"Consult your physician or a healthcare professional.","content":"\n They can help you make sure you’re pursuing ketosis healthily.\n<ul>\n<li>Discuss the possibility of potential complications with your doctor if you have preexisting health conditions or metabolic disorders.</li>\n<li>Ask your doctor if a ketogenic diet might help treat existing health conditions or preemptively treat conditions you might be prone to, like diabetes.</li>\n</ul>\n"},{"title":"Don’t confuse ketosis with ketoacidosis.","content":"\n Ketoacidosis is completely different and occurs with type 1 diabetics.\n<ul>\n<li>Ketoacidosis happens when there are about ten times more ketones in the body than in nutritional ketosis. It is very dangerous.</li>\n<li>Symptoms include exhaustion, extreme thirst, and dizziness.</li>\n<li>Check with your physician or doctor to see if you are prone to an insulin deficiency and therefore might be at risk for undergoing ketoacidosis.<sup id=\"_ref-22\" class=\"reference\" aria-label=\"Link to Reference 22\"><a href=\"#_note-22\">[22]</a><span class=\"ts_popup \" hidden=\"\" id=\"ts_popup_22\" style=\"display: none;\">\n\t<span class=\"ts_close\">X</span>\n\t\t<span class=\"ts_name\">Research source</span>\n\t\t<span class=\"ts_description\"></span>\n\t\t\t\t<a href=\"#\" class=\"ts_source\" target=\"_blank\" rel=\"nofollow noreferrer noopener\"></a>\n\n</span>\n</sup>\n</li>\n</ul>\n"}]},{"title":"Safety Concerns","tasks":[{"title":"Not many long-term studies have been done on keto.","content":"\n It has been associated with high cholesterol, heart disease, and mood swings. At the same time, it has also been linked to weight loss. Check with a doctor or dietitian before trying the diet to make sure it’s safe for you.\n<ul><li>If you’re not careful to be sure you’re still getting the proper amount of fiber, you may suffer from constipation while on keto.</li></ul>\n"},{"title":"One obesity study demonstrated that 6 months of keto was beneficial.","content":"\n The body weight and BMI of patients were significantly reduced, and there were no significant side effects.\n"},{"title":"Keto can be used to treat epilepsy.","content":"\n Evidence shows it can be a good non-surgical treatment for patients of any age. However, the diet should be designed individually for adolescents and older.\n<ul>\n<li>It will require at least 3 months from the start of ketosis to see possible results.</li>\n<li>For epilepsy patients doing keto, it is important to watch for dehydration, lethargy, constipation, and abdominal pain.</li>\n</ul>\n"},{"title":"A keto diet may decrease the performance of trained endurance athletes.","content":"\n However, moderate to vigorous intensity exercise doesn’t seem to be impacted.\n"},{"title":"The high fat content could increase your risk of cardiovascular disease.","content":"\n Your blood will have an increased concentration of fats after just 6-8 weeks.\n"},{"title":"Keto can put you in danger of DKA if you have diabetes.","content":"\n DKA, or diabetic ketoacidosis, can lead to unconsciousness or death when too many ketones build up in the blood of a diabetic. It can be caused by low blood sugar or not enough insulin.\n<ul>\n<li>DKA is more likely to happen to a type 1 than type 2 diabetic.</li>\n<li>If you experience symptoms like nausea, breathing difficulties, or dry mouth, see a doctor immediately.</li>\n</ul>\n"},{"title":"Kidney disease patients are more likely to require dialysis on keto.","content":"\n Because there are more ketones in their blood, their renal system has more to process.\n"}]},{"title":"Frequently Asked Questions","tasks":[{"title":"Can I eat whenever I like?","content":"\n\n<ul><li>Keto diet plans don’t usually set strict times when you can and can’t eat.</li></ul>\n"},{"title":"Will I have to stop eating carbs the whole time I’m on the diet?","content":"\n\n<ul><li>No! The keto diet allots you a certain amount of carbs each day, and you can give yourself days to relax or ignore the carb restrictions as well.<sup id=\"_ref-30\" class=\"reference\" aria-label=\"Link to Reference 30\"><a href=\"#_note-30\">[30]</a><span class=\"ts_popup \" hidden=\"\" id=\"ts_popup_30\" style=\"display: none;\">\n\t<span class=\"ts_close\">X</span>\n\t\t<span class=\"ts_name\">Research source</span>\n\t\t<span class=\"ts_description\"></span>\n\t\t\t\t<a href=\"#\" class=\"ts_source\" target=\"_blank\" rel=\"nofollow noreferrer noopener\"></a>\n\n</span>\n</sup>\n</li></ul>\n"},{"title":"Can I drink alcohol?","content":"\n\n<ul><li>Yes, in moderation.</li></ul>\n"},{"title":"How long will it take me to lose weight?","content":"\n\n<ul><li>This depends on your body type, as well as your other lifestyle habits. To get the most from keto, you should combine the diet with regular exercise, sleep, and plenty of hydration.<sup id=\"_ref-31\" class=\"reference\" aria-label=\"Link to Reference 31\"><a href=\"#_note-31\">[31]</a><span class=\"ts_popup \" hidden=\"\" id=\"ts_popup_31\" style=\"display: none;\">\n\t<span class=\"ts_close\">X</span>\n\t\t<span class=\"ts_name\">Research source</span>\n\t\t<span class=\"ts_description\"></span>\n\t\t\t\t<a href=\"#\" class=\"ts_source\" target=\"_blank\" rel=\"nofollow noreferrer noopener\"></a>\n\n</span>\n</sup>\n</li></ul>\n"},{"title":"Can I do keto if I’m a vegetarian or vegan?","content":"\n\n<ul><li>Yes, you can. Vegan meats like tofu and tempeh can supply you with protein as necessary.<sup id=\"_ref-32\" class=\"reference\" aria-label=\"Link to Reference 32\"><a href=\"#_note-32\">[32]</a><span class=\"ts_popup \" hidden=\"\" id=\"ts_popup_32\" style=\"display: none;\">\n\t<span class=\"ts_close\">X</span>\n\t\t<span class=\"ts_name\">Research source</span>\n\t\t<span class=\"ts_description\"></span>\n\t\t\t\t<a href=\"#\" class=\"ts_source\" target=\"_blank\" rel=\"nofollow noreferrer noopener\"></a>\n\n</span>\n</sup>\n</li></ul>\n"},{"title":"How long does it take to get into ketosis?","content":"\n\n<ul><li>It will usually take about 3 days, though this number can differ depending on how old you are, the speed of your metabolism, and how much you’re limiting your carb intake.<sup id=\"_ref-33\" class=\"reference trusted\" aria-label=\"Link to Reference 33\"><a href=\"#_note-33\">[33]</a><span class=\"ts_popup trustedsource\" hidden=\"\" id=\"ts_popup_33\" style=\"display: none;\">\n\t<span class=\"ts_close\">X</span>\n\t\t<a class=\"ts_trustworthy\" href=\"/wikiHow:Delivering-a-Trustworthy-Experience\">Trustworthy Source</a>\n\n\t\t<span class=\"ts_name\">PubMed Central</span>\n\t\t<span class=\"ts_description\">Journal archive from the U.S. National Institutes of Health</span>\n\n\t\t\t\t<a href=\"#\" class=\"ts_source\" target=\"_blank\" rel=\"nofollow noreferrer noopener\">Go to source</a>\n</span>\n</sup>\n</li></ul>\n"},{"title":"Will I lose muscle, or can I build muscle?","content":"\n\n<ul><li>You could build muscle with keto, but if that’s your main goal you may want to try a diet that’s focused on consuming large amounts of protein. It’s possible to lose muscle with keto, but that’s the case with any diet.</li></ul>\n"},{"title":"Is keto safe and healthy?","content":"\n\n<ul><li>Keto has been associated with high cholesterol, heart disease, and mood swings, though not many long-term studies have been done on the diet. At the same time, it has also been linked to weight loss. Check with a doctor or dietitian before trying the diet to make sure it’s safe for you.<sup id=\"_ref-34\" class=\"reference trusted\" aria-label=\"Link to Reference 34\"><a href=\"#_note-34\">[34]</a><span class=\"ts_popup trustedsource\" hidden=\"\" id=\"ts_popup_34\" style=\"display: none;\">\n\t<span class=\"ts_close\">X</span>\n\t\t<a class=\"ts_trustworthy\" href=\"/wikiHow:Delivering-a-Trustworthy-Experience\">Trustworthy Source</a>\n\n\t\t<span class=\"ts_name\">Harvard Medical School</span>\n\t\t<span class=\"ts_description\">Harvard Medical School's Educational Site for the Public</span>\n\n\t\t\t\t<a href=\"#\" class=\"ts_source\" target=\"_blank\" rel=\"nofollow noreferrer noopener\">Go to source</a>\n</span>\n</sup>\n</li></ul>\n"}]}],"questions":[{"title":"What are the benefits of pursuing a ketogenic diet?","content":"When you're eating a ketogenic diet, your body burns more energy from fat as opposed to glucose, which is sugar from fruits, starchy vegetables, and grains. Instead, you eat a lot of healthy fats such as avocados, olive oil, and almonds, which will help create ketones in your body. Those ketones will help you burn energy, calories, and weight."}]}