{"meta":{"description":"Yoga has become a popular physical exercise today in North America and the world. But it is not just a soothing workout. Traditionally, and for many people still, it is also a lifestyle and source of spirituality. How should you get started and work your way into the yogic lifestyle, though? Besides learning poses and breathing, you’ll need to start a regular practice, commit yourself, and cultivate yoga’s physical, mental, and spiritual sides.","title":"Live the Yogic Lifestyle"},"todo_list":[{"title":"Starting a Yoga Practice","tasks":[{"title":"Enroll in a class.","content":"\n First things first: to live the lifestyle, you need to start doing yoga. Consider joining a class at a gym, community center, or yoga studio, for example. Ease your way into the practice and prepare to feel better and more relaxed.\n<ul>\n<li>There are many reasons to start yoga. You will become better toned and flexible, enjoy more energy, and feel more relaxed. You may even lose weight.</li>\n<li>Not many of us can afford a personal yoga trainer. However, you won’t break the bank by joining a class. The average cost of drop-in sessions is about $12. This price drops if you commit to a week or month-long program.<sup id=\"_ref-1\" class=\"reference\" aria-label=\"Link to Reference 1\"><a href=\"#_note-1\">[1]</a><span class=\"ts_popup \" hidden=\"\" id=\"ts_popup_1\" style=\"display: none;\">\n\t<span class=\"ts_close\">X</span>\n\t\t<span class=\"ts_name\">Research source</span>\n\t\t<span class=\"ts_description\"></span>\n\t\t\t\t<a href=\"#\" class=\"ts_source\" target=\"_blank\" rel=\"nofollow noreferrer noopener\"></a>\n\n</span>\n</sup>\n</li>\n<li>A one-month unlimited plan at Yoga Tree in Toronto costs $160, for instance.</li>\n<li>While face-to-face time with an instructor is best, you can also make do with a good beginner’s yoga DVD , like Yoga for Beginners, Smart Start Yoga, or AM/PM Yoga for Beginners.<sup id=\"_ref-2\" class=\"reference\" aria-label=\"Link to Reference 2\"><a href=\"#_note-2\">[2]</a><span class=\"ts_popup \" hidden=\"\" id=\"ts_popup_2\" style=\"display: none;\">\n\t<span class=\"ts_close\">X</span>\n\t\t<span class=\"ts_name\">Research source</span>\n\t\t<span class=\"ts_description\"></span>\n\t\t\t\t<a href=\"#\" class=\"ts_source\" target=\"_blank\" rel=\"nofollow noreferrer noopener\"></a>\n\n</span>\n</sup>\n</li>\n</ul>\n\n"},{"title":"Pick up some poses.","content":"\n There are yoga poses that any beginner will have to know. These are basic and beginner’s level and include the Cat-Cow, the Half-Lord of the Fishes, and the Downward Dog. They are simple and easy to do.\n<ul>\n<li>For the Cat-Cow, for example, start on your hands and knees with your spine flat. Then, inhale and drop your belly toward the floor and look up. Pull your spine upward, rounding your back, as you exhale. Repeat.</li>\n<li>Try the Downward Dog. Begin again on your hands and knees. As you inhale, push your hips upward, straighten your legs, and place your feet flat to the ground. Then, spread your fingers out and let your head hang down. Continue breathing in this pose.</li>\n<li>It may take a while for you to catch on. Try sitting in the back of the class, so that you can easily see your classmates and follow their movements.</li>\n<li>Don’t overdo it! Sit aside if you find a pose too challenging.</li>\n</ul>\n"},{"title":"Learn how to breathe.","content":"\n You’ll need to learn how to breathe properly for yoga exercises, as well, especially when holding poses. The basic maneuver is a “three-part breath” called Dirga Pranayama. It involves breathing in and out of the nose into your belly and should be calming and relaxing.\n<ul>\n<li>Dirga Pranayama is a continuous breath. Start by inhaling through the nose into your lower belly, then into your lower and upper chest. Your exhalation should start in the throat before moving down into your chest and abdomen.</li>\n<li>If it helps, try resting your hand on each “station” as you breathe. Or, try isolating the movements while you learn. The breath should eventually feel like one continuous wave moving up and down your body.<sup id=\"_ref-5\" class=\"reference\" aria-label=\"Link to Reference 5\"><a href=\"#_note-5\">[5]</a><span class=\"ts_popup \" hidden=\"\" id=\"ts_popup_5\" style=\"display: none;\">\n\t<span class=\"ts_close\">X</span>\n\t\t<span class=\"ts_name\">Research source</span>\n\t\t<span class=\"ts_description\"></span>\n\t\t\t\t<a href=\"#\" class=\"ts_source\" target=\"_blank\" rel=\"nofollow noreferrer noopener\"></a>\n\n</span>\n</sup>\n</li>\n</ul>\n"},{"title":"Relax!","content":"\n The aim of yoga is to quiet the mind and increase discernment, consciousness, and self-awareness. Try not to get stressed out if you have trouble in the beginning – if you find the exercises or meditation hard. After all, getting stressed out defeats the purpose of yoga. \n<ul>\n<li>Yoga is not supposed to be easy, but it is supposed to enrich your life and center you.</li>\n<li>The physical end of yoga – increased muscle and cardiovascular health – should also help you to feel physically and mentally relaxed.</li>\n</ul>\n"}]},{"title":"Deepening Your Commitment","tasks":[{"title":"Start practicing at home.","content":"\n Yoga doesn’t have to just be for class. If you are serious about living the lifestyle, it will help to practice every day at home. These sessions can be anywhere from 5 minutes to more than an hour. Commit what you can, as it will add to your self-discovery and growth.\n<ul>\n<li>Pick a convenient time and place. You can choose the moment when you practice at home, but try to be consistent or even dedicate a certain time and area in your home to your special practice.<sup id=\"_ref-8\" class=\"reference\" aria-label=\"Link to Reference 8\"><a href=\"#_note-8\">[8]</a><span class=\"ts_popup \" hidden=\"\" id=\"ts_popup_8\" style=\"display: none;\">\n\t<span class=\"ts_close\">X</span>\n\t\t<span class=\"ts_name\">Research source</span>\n\t\t<span class=\"ts_description\"></span>\n\t\t\t\t<a href=\"#\" class=\"ts_source\" target=\"_blank\" rel=\"nofollow noreferrer noopener\"></a>\n\n</span>\n</sup>\n</li>\n<li>Home practice also puts you in control. Go at your own pace. Choose your favorite poses while exploring a variety of yoga techniques.<sup id=\"_ref-9\" class=\"reference\" aria-label=\"Link to Reference 9\"><a href=\"#_note-9\">[9]</a><span class=\"ts_popup \" hidden=\"\" id=\"ts_popup_9\" style=\"display: none;\">\n\t<span class=\"ts_close\">X</span>\n\t\t<span class=\"ts_name\">Research source</span>\n\t\t<span class=\"ts_description\"></span>\n\t\t\t\t<a href=\"#\" class=\"ts_source\" target=\"_blank\" rel=\"nofollow noreferrer noopener\"></a>\n\n</span>\n</sup>\n</li>\n<li>Most of all, be consistent!</li>\n</ul>\n"},{"title":"Invest in good gear.","content":"\n If you are serious about yoga, it’s time to go to your local store and get some essentials – mat, clothing, and other goods. Try to find gear that will be useful for either the studio or your own home practice.\n<ul>\n<li>Keep an eye on certain things in a mat. It should have good grip and padding (but not be too foamy) and also be light and portable. Expect to spend $50-$100 for a good quality mat.<sup id=\"_ref-10\" class=\"reference\" aria-label=\"Link to Reference 10\"><a href=\"#_note-10\">[10]</a><span class=\"ts_popup \" hidden=\"\" id=\"ts_popup_10\" style=\"display: none;\">\n\t<span class=\"ts_close\">X</span>\n\t\t<span class=\"ts_name\">Research source</span>\n\t\t<span class=\"ts_description\"></span>\n\t\t\t\t<a href=\"#\" class=\"ts_source\" target=\"_blank\" rel=\"nofollow noreferrer noopener\"></a>\n\n</span>\n</sup>\n</li>\n<li>Go for tight rather than loose-fitting clothes. Tighter-fitting apparel will prevent accidental “exposure” when you are stretching. For ladies, a low to medium support sports bra is another good idea. Above all, you should be able to move comfortably.<sup id=\"_ref-11\" class=\"reference\" aria-label=\"Link to Reference 11\"><a href=\"#_note-11\">[11]</a><span class=\"ts_popup \" hidden=\"\" id=\"ts_popup_11\" style=\"display: none;\">\n\t<span class=\"ts_close\">X</span>\n\t\t<span class=\"ts_name\">Research source</span>\n\t\t<span class=\"ts_description\"></span>\n\t\t\t\t<a href=\"#\" class=\"ts_source\" target=\"_blank\" rel=\"nofollow noreferrer noopener\"></a>\n\n</span>\n</sup>\n</li>\n<li>You might also consider shelling out for some yoga blocks. These will help with support while you practice. While many studios provide them on-site, blocks are useful to have for home practice. Expect to pay around $20 per block.</li>\n</ul>\n"},{"title":"Eat and drink well.","content":"\n Doing yoga regularly, you will find that your body needs certain fluids and nutrition to function as best it can. Clean up your diet, drink plenty of fluids, and learn how to eat to maximize your comfort while exercising.\n<ul>\n<li>Water keeps you hydrated, which you will definitely need after an intense session. You should try to drink water in the time leading up to each class, but also in the hours afterwards. Aim for around 64 oz. of water per day.<sup id=\"_ref-12\" class=\"reference\" aria-label=\"Link to Reference 12\"><a href=\"#_note-12\">[12]</a><span class=\"ts_popup \" hidden=\"\" id=\"ts_popup_12\" style=\"display: none;\">\n\t<span class=\"ts_close\">X</span>\n\t\t<span class=\"ts_name\">Research source</span>\n\t\t<span class=\"ts_description\"></span>\n\t\t\t\t<a href=\"#\" class=\"ts_source\" target=\"_blank\" rel=\"nofollow noreferrer noopener\"></a>\n\n</span>\n</sup>\n</li>\n<li>Time your meals. It’s usually not a good idea to do yoga on a full stomach. Allow at least one hour after eating for light meals; for heavier food, give yourself three to four hours.<sup id=\"_ref-13\" class=\"reference\" aria-label=\"Link to Reference 13\"><a href=\"#_note-13\">[13]</a><span class=\"ts_popup \" hidden=\"\" id=\"ts_popup_13\" style=\"display: none;\">\n\t<span class=\"ts_close\">X</span>\n\t\t<span class=\"ts_name\">Research source</span>\n\t\t<span class=\"ts_description\"></span>\n\t\t\t\t<a href=\"#\" class=\"ts_source\" target=\"_blank\" rel=\"nofollow noreferrer noopener\"></a>\n\n</span>\n</sup>\n</li>\n<li>Consider going meat-free. There are practical and spiritual reasons to become a yogi vegetarian. First the practical: meat can take 4 or more hours to digest, so many people at least reduce their intake to avoid discomfort.</li>\n<li>Spiritually, some yogis follow the concept of ahimsa. This is an ethical doctrine that says it is wrong to harm a living being, which certain people extend to eating meat.<sup id=\"_ref-14\" class=\"reference\" aria-label=\"Link to Reference 14\"><a href=\"#_note-14\">[14]</a><span class=\"ts_popup \" hidden=\"\" id=\"ts_popup_14\" style=\"display: none;\">\n\t<span class=\"ts_close\">X</span>\n\t\t<span class=\"ts_name\">Research source</span>\n\t\t<span class=\"ts_description\"></span>\n\t\t\t\t<a href=\"#\" class=\"ts_source\" target=\"_blank\" rel=\"nofollow noreferrer noopener\"></a>\n\n</span>\n</sup>\n</li>\n</ul>\n"}]},{"title":"Cultivating the Lifestyle","tasks":[{"title":"Commit to yoga, mind and body.","content":"\n Most people who do yoga use it for physical exercise. There’s nothing wrong with this approach, but it leaves out yoga’s traditional mental and spiritual sides. If you are serious about being a yogi, learn more about the whole experience.\n<ul>\n<li>Total yoga is “a system for relieving suffering of the mind.” Traditionally, yogis held that people suffer because of their egos, which strive for control.<sup id=\"_ref-16\" class=\"reference\" aria-label=\"Link to Reference 16\"><a href=\"#_note-16\">[16]</a><span class=\"ts_popup \" hidden=\"\" id=\"ts_popup_16\" style=\"display: none;\">\n\t<span class=\"ts_close\">X</span>\n\t\t<span class=\"ts_name\">Research source</span>\n\t\t<span class=\"ts_description\"></span>\n\t\t\t\t<a href=\"#\" class=\"ts_source\" target=\"_blank\" rel=\"nofollow noreferrer noopener\"></a>\n\n</span>\n</sup>\n</li>\n<li>By teaching us how to calm the mind and quell the ego, yoga lets us live as we truly are and in harmony with the surrounding world.</li>\n<li>If you are interested in the inner secrets of yoga, consider reading classical texts like the Yoga Sutra or the Bhagavad Gita or modern takes like Yoga: the Greater Tradition.<sup id=\"_ref-17\" class=\"reference\" aria-label=\"Link to Reference 17\"><a href=\"#_note-17\">[17]</a><span class=\"ts_popup \" hidden=\"\" id=\"ts_popup_17\" style=\"display: none;\">\n\t<span class=\"ts_close\">X</span>\n\t\t<span class=\"ts_name\">Research source</span>\n\t\t<span class=\"ts_description\"></span>\n\t\t\t\t<a href=\"#\" class=\"ts_source\" target=\"_blank\" rel=\"nofollow noreferrer noopener\"></a>\n\n</span>\n</sup>\n</li>\n</ul>\n"},{"title":"Focus on meditation.","content":"\n One thing that you can do to connect to yoga’s spiritual side is to meditate. Meditation is a mix of concentration and breathing that, if done right, can help you to reach a different state of consciousness, where the mind is alert, relaxed, and directed inward.\n<ul>\n<li>As part of yoga, meditation can reduce stress, lessen pain, and help you manage anxiety.<sup id=\"_ref-19\" class=\"reference\" aria-label=\"Link to Reference 19\"><a href=\"#_note-19\">[19]</a><span class=\"ts_popup \" hidden=\"\" id=\"ts_popup_19\" style=\"display: none;\">\n\t<span class=\"ts_close\">X</span>\n\t\t<span class=\"ts_name\">Research source</span>\n\t\t<span class=\"ts_description\"></span>\n\t\t\t\t<a href=\"#\" class=\"ts_source\" target=\"_blank\" rel=\"nofollow noreferrer noopener\"></a>\n\n</span>\n</sup> But meditation can also open your mind.</li>\n<li>Try to find a quiet spot and sit comfortably, with your spine erect. Close your eyes and take deep breaths. Focus on your breathing, in and out, and let your attention rest on the rhythm. It is OK if your mind wanders, but always bring it back to your breathing.<sup id=\"_ref-20\" class=\"reference\" aria-label=\"Link to Reference 20\"><a href=\"#_note-20\">[20]</a><span class=\"ts_popup \" hidden=\"\" id=\"ts_popup_20\" style=\"display: none;\">\n\t<span class=\"ts_close\">X</span>\n\t\t<span class=\"ts_name\">Research source</span>\n\t\t<span class=\"ts_description\"></span>\n\t\t\t\t<a href=\"#\" class=\"ts_source\" target=\"_blank\" rel=\"nofollow noreferrer noopener\"></a>\n\n</span>\n</sup>\n</li>\n<li>Don’t expect to “get” anything out of meditation or to feel better or worse. The point is precisely the opposite – to free you from worldly anxieties and concerns.</li>\n<li>Also, don’t worry that you are doing it wrong – there is no “wrong way” to meditate!</li>\n</ul>\n"},{"title":"Try fasting.","content":"\n You may have heard that fasting is good for you physically. Many people believe that it allows your body to “detox” and somehow expel harmful toxins. While the evidence for this is spotty, fasting is practiced in yoga and other spiritual traditions to help develop willpower and focus the mind. Trying it might help you to reach a higher level in your journey.\n<ul>\n<li>The idea behind spiritual fasting is not just to skip a few meals, but to overcome your bad habits and thoughts and control yourself in mind and body.</li>\n<li>Some practitioners think that fasting for short periods helps you to build willpower as well as sensitivity and intuition.</li>\n<li>Keep in mind that spiritual fasting should be undertaken with the guidance of a spiritual master. Fasting for physical wellbeing should be done with medical advice. You should NOT attempt long fasts.<sup id=\"_ref-22\" class=\"reference\" aria-label=\"Link to Reference 22\"><a href=\"#_note-22\">[22]</a><span class=\"ts_popup \" hidden=\"\" id=\"ts_popup_22\" style=\"display: none;\">\n\t<span class=\"ts_close\">X</span>\n\t\t<span class=\"ts_name\">Research source</span>\n\t\t<span class=\"ts_description\"></span>\n\t\t\t\t<a href=\"#\" class=\"ts_source\" target=\"_blank\" rel=\"nofollow noreferrer noopener\"></a>\n\n</span>\n</sup>\n</li>\n</ul>\n"}]}],"questions":[]}