{"meta":{"description":"Rick Simpson oil is a type of medical cannabis oil typically made from the indica cannabis strain. Proponents of the oil believe that ingesting the oil or applying it to the skin can have medicinal benefits, like lowering blood pressure or alleviating certain illnesses. When making Rick Simpson oil, prepare and heat your ingredients in a well-ventilated area far from any open flames, stovetops, or sparks. Following the instructions carefully and taking precautions will help you stay safe as you make the oil.","title":"Make Rick Simpson Oil"},"todo_list":[{"title":"Preparing the Cannabis Solvent","tasks":[{"title":"Place 1 lb (16 oz) of dried cannabis and 1 US gal (3.8 l) of isopropyl alcohol in a bucket.","content":"\n Indica cannabis strains make the best and most effective Rick Simpson oils. When you've added all of your cannabis to the bucket, pour in 1 gallon (3.8 l) of isopropyl alcohol.\n<ul>\n<li>Break up any larger chunks of cannabis with your wooden spoon before you add the isopropyl alcohol.</li>\n<li>Make sure your bucket can hold at least 2–3 gallons (7.6–11.4&nbsp;l).</li>\n</ul>\n\n"},{"title":"Stir the cannabis and isopropyl alcohol thoroughly.","content":"\n Crush the cannabis with your wooden spoon after you've added the isopropyl alcohol. Continue stirring in circular motions for about 3 minutes or until most of the cannabis dissolves.\n<ul><li>At least 80% of the cannabis should dissolve into the mixture.<sup id=\"_ref-3\" class=\"reference\" aria-label=\"Link to Reference 3\"><a href=\"#_note-3\">[3]</a><span class=\"ts_popup \" hidden=\"\" id=\"ts_popup_3\" style=\"display: none;\">\n\t<span class=\"ts_close\">X</span>\n\t\t<span class=\"ts_name\">Research source</span>\n\t\t<span class=\"ts_description\"></span>\n\t\t\t\t<a href=\"#\" class=\"ts_source\" target=\"_blank\" rel=\"nofollow noreferrer noopener\"></a>\n\n</span>\n</sup>\n</li></ul>\n"},{"title":"Drain the solvent from the dissolved cannabis using a cheesecloth.","content":"\n Transfer the cannabis to a bowl and let it sit for about a minute. If no cheesecloths are available, coffee strainers can be used as a substitute.\n"},{"title":"Stir the remaining cannabis and 1 US gal (3.8 l) of isopropyl alcohol together.","content":"\n Add 1 gallon (3.8 l) more of isopropyl alcohol to the bucket and stir the mixture until at least 80% of the cannabis has dissolved again. Save and store the drained alcohol in the bucket.\n"},{"title":"Drain the solvent from the cannabis again using the cheesecloth.","content":"\n When your plant material is completely separated, throw it away. Pour your drained alcohol into the bucket with the rest of your solvent.\n<ul><li>Discard the leftover cannabis material after you've extracted the isopropyl alcohol.</li></ul>\n"}]},{"title":"Heating the Solvent and Siphoning the Oil","tasks":[{"title":"Set up a rice cooker in a well-ventilated area.","content":"\n Fumes may emit from the rice cooker as the solvent is dissolved. Because isopropyl alcohol is highly combustible, avoid any and all flames, stovetops, sparks, and cigarettes while you're heating the solvent.\n<ul><li>Isopropyl alcohol is flammable and cannot be cooked near an open flame or spark.</li></ul>\n"},{"title":"Transfer your isopropyl alcohol to the rice cooker.","content":"\n Pour the alcohol into your rice cooker until it is about three-quarters of the way full. Close and turn on your rice cooker to 210–230 °F (99–110 °C).\n<ul>\n<li>Although you can heat your isopropyl alcohol in a crock pot, it is not recommended. If your mixture heats to over 300&nbsp;°F (149&nbsp;°C), the cannabis will burn and become unusable.</li>\n<li>Save the rest of your isopropyl alcohol for later. As the alcohol evaporates, you will slowly add more until you have poured in the entire solvent.<sup id=\"_ref-8\" class=\"reference\" aria-label=\"Link to Reference 8\"><a href=\"#_note-8\">[8]</a><span class=\"ts_popup \" hidden=\"\" id=\"ts_popup_8\" style=\"display: none;\">\n\t<span class=\"ts_close\">X</span>\n\t\t<span class=\"ts_name\">Research source</span>\n\t\t<span class=\"ts_description\"></span>\n\t\t\t\t<a href=\"#\" class=\"ts_source\" target=\"_blank\" rel=\"nofollow noreferrer noopener\"></a>\n\n</span>\n</sup>\n</li>\n</ul>\n"},{"title":"Check on the solvent periodically and add more alcohol as it evaporates.","content":"\n Wait until the isopropyl alcohol is about halfway evaporated. Continually fill the rice cooker with isopropyl alcohol to three-quarters full. Add a few drops of water (about 10 for every 1 pound (16 oz) added) as the solvent evaporates to keep the oil from overheating.\n"},{"title":"Wait until the oil develops a dark color and greasy consistency.","content":"\n When you have added all of the solvent into the rice cooker and it has evaporated entirely, the oil will be the only liquid left in the rice cooker. It will be the consistency of thick grease and have a dark color when the isopropyl alcohol has dissolved.\n"},{"title":"Siphon the oil out with a plastic catheter tip syringe.","content":"\n Dip the syringe into the oil, then slowly pull on the plunger until the syringe is filled with the oil. Remove the syringe from the rice cooker, then cover the top with its plastic tip to prevent spilling.\n<ul>\n<li>Do not transfer the isopropyl alcohol into another container. You may need multiple syringes to siphon out all of the oil.</li>\n<li>Store Rick Simpson oil in the syringes until you are ready to use it.</li>\n</ul>\n"}]},{"title":"Taking Rick Simpson Oil","tasks":[{"title":"Ingest 5-9 drop of Rick Simpson oil per day for its medicinal effects.","content":"\n Each drop should be the size of one-half to one grain of rice. Work your way up from a small drop to a larger drop over several days to several weeks, especially if you have never ingested cannabis before. It takes the average person 3-5 weeks to ingest a full dose of Rick Simpson oil.\n<ul>\n<li>Some alternative health advocates believe that a dosage of Rick Simpson oil a day can ease chronic pain, depression and anxiety, or symptoms of long-term illnesses (like cancer or diabetes).<sup id=\"_ref-12\" class=\"reference\" aria-label=\"Link to Reference 12\"><a href=\"#_note-12\">[12]</a><span class=\"ts_popup \" hidden=\"\" id=\"ts_popup_12\" style=\"display: none;\">\n\t<span class=\"ts_close\">X</span>\n\t\t<span class=\"ts_name\">Research source</span>\n\t\t<span class=\"ts_description\"></span>\n\t\t\t\t<a href=\"#\" class=\"ts_source\" target=\"_blank\" rel=\"nofollow noreferrer noopener\"></a>\n\n</span>\n</sup>\n</li>\n<li>Put Rick Simpson oil under your tongue before swallowing for quicker absorption.</li>\n<li>Do not worry about getting high off of Rick Simpson oil. Although the oil is made from cannabis, its concentration is generally not strong enough for someone to get high off of it.</li>\n</ul>\n"},{"title":"Apply 1-2 drops of Rick Simpson oil to the skin via a cream or salve.","content":"\n Mix 1-2 drops of the Rick Simpson oil with a skin cream or medicinal salve and rub it on your skin. Apply the cream once a day.\n<ul>\n<li>Coconut oil mixes well with Rick Simpson oil.</li>\n<li>Taking Rick Simpson oil via a skin cream or salve results in the same theoretical benefits as ingesting it.</li>\n</ul>\n"},{"title":"Eat the Rick Simpson oil mixed in with food if you don't like the oil's taste.","content":"\n Put between 1-3 drops into your favorite food spread and add it to your meal. If you dislike the ingesting of the oil but would prefer to take it orally, a dip or jam can mask the taste\n<ul>\n<li>Eating Rick Simpson oil with food provides the same benefits as ingesting it alone.</li>\n<li>You can also put Rick Simpson oil in a capsule and take it by pill if you would prefer.</li>\n</ul>\n"},{"title":"Drop Rick Simpson oil on bandages to treat wounds.","content":"\n If you're applying the oil to a wound for its potential healing properties, apply a few drops of Rick Simpson oil to a gauze bandage. Keep the bandage tightly wound around the wound and change it every 3-4 days.\n"},{"title":"Seek medical help alongside using Rick Simpson oil.","content":"\n Although Rick Simpson oil is said to alleviate some medical symptoms, it is not a cure-all nor is it an alternative to clinical treatment. Talk to your doctor before adding Rick Simpson oil to your treatment plan and continue to receive regular medical treatment once you begin taking it.\n<ul><li>If you have high blood pressure, for example, see a doctor alongside using alternative health treatments.</li></ul>\n"}]}],"questions":[]}