{"meta":{"description":"Your brain is constantly adapting to the stimulation your life provides. Its ability to adapt and change is referred to as neuroplasticity, and involves the formation of new neural pathways. This allows your capacity to learn and remember to increase as your life proceeds. By taking steps to ensure your brain's neuroplasticity is fully utilized, you can improve your cognitive abilities and strengthen your own mind. In particular, challenge yourself mentally, keep your body healthy, and lean on a little help from your friends, and you mind will be flexing new mental muscles in no time.[1]","title":"Strengthen Your Mind"},"todo_list":[{"title":"Challenging Your Brain","tasks":[{"title":"Stick with hobbies that challenge you.","content":"\n If something you're already doing consistently challenges you and keeps you engaged, it is strengthening your brain. In fact, your brain requires challenging stimulation to continue becoming more powerful. Hobbies that continually force you to do new things, like learning to play a new song, are ideal for working out your brain.\n<ul><li>An important distinction to consider: playing a difficult song that you've already memorized is much different than learning a new song.  Learning the new song will engage your brain more aggressively, and provide you with a better mental workout.</li></ul>\n\n"},{"title":"Learn something new.","content":"\n Unfamiliar tasks force your brain to create new neural pathways that strengthen your ability to solve problems, execute tasks, and even process and recall information.  One way to ensure your brain is faced with new mental tasks is to start learning a new skill.  Ensure whatever skill you're looking to pick up will be able to continually challenge you. Further, make sure you're interested enough to stick with it.\n<ul><li>Perhaps the best example is learning a new language. Learning a new language is particularly challenging and mentally engaging.</li></ul>\n"},{"title":"Repeat things you want to memorize.","content":"\n Repeating something over and over to yourself is one of the surest ways to get it to stick in your memory. The better you become at committing information to memory, the more capable your memory becomes generally.  Your memory is even more likely to be engaged if you paraphrase the information you want to memorize slightly differently as you're repeating it.  For example, when you meet someone new, repeat their name back to them out loud.  Then repeat it several times over in your head.\n<ul><li>When someone or some new fact pops back into your mind, repeat it to yourself again several times over.  Each time, vary the thought slightly.  For instance, “Her name is Jenny” and “That gal's name is Jenny.”</li></ul>\n"},{"title":"Organize lists into groups.","content":"\n  Even your grocery list can become a quick brain work out.  Our brain enjoys organizing and building associations, and asking it to do so provides the mental equivalent of dropping and doing twenty. For instance, group the items on any list into like categories.  For instance, reorganize your grocery list so all the produce items are together, and all the canned goods in a different category.  This will specifically engage your short-term memory.\n<ul><li>This is also called “chunking.” Phone numbers are an example of how chunking can enhance your memory. Think of how hard it would be to remember ten straight digits, as opposed a few at a time, separated by dashes.</li></ul>\n"},{"title":"Create mental images to boost memory.","content":"\n  Mnemonics are clues you can assign to certain information to help you remember something.  One of the most classic examples is visual imaging.  You want to remember who Michael Jordan is? Think a man wearing red shorts, floating through the air, ball cocked pack like a hatchet, legs spread to nearly a right angle.\n<ul>\n<li>Imagining this image while thinking about the name Michael Jordan, for instance, makes it more likely that you remember the name.</li>\n<li>Note colors and account for some three-dimensional depth. Make the image as vivid as you can.  For instance, conjure another player, perhaps wearing a yellow jersey with a purple 8 on it, flopping and fading into the darkness.</li>\n<li>Acronyms, such as “HOMES” to help remembers the names of each of North America's Great Lakes, and rhymes are other mnemonics that can help you remember specific things, and increase your memory's capacity overall.</li>\n</ul>\n"},{"title":"Skip the brain-training apps.","content":"\n There are plenty of claims made by apps and online companies about strengthening your brain.  Many will claim to improve your memory, attention span, ability to solve problems, and even boost your IQ.  Research on the efficacy of these apps indicates that they don't do any of these things.  While you may get better at the particular sort of task the app asks you to perform, your intelligence, memory, and cognitive abilities are unlikely to be affected.\n"},{"title":"Postpone your brain's aging.","content":"\n Keep your mind active to help prevent the mental fogginess that many people experience as they age. You can even postpone the symptoms of diseases such as Alzheimer's by keeping your brain engaged. The steps in this section, as well as many in the following sections are important to keep your brain healthy as you age.\n<ul>\n<li>If you're beginning to endure symptoms of mental decline, don't worry. Following the steps throughout this article - including eating healthy and exercising - can help your mind get back on track!</li>\n<li>If you've been diagnosed with some form of dementia, you've likely noticed your mind begin to change substantially. Fortunately, changing your behavior in the ways mentioned here can slow these changes. Talk to your doctor about your medication options as well. Consider taking part in a clinical trial to get access to the newest drugs.<sup id=\"_ref-10\" class=\"reference trusted\" aria-label=\"Link to Reference 10\"><a href=\"#_note-10\">[10]</a><span class=\"ts_popup trustedsource\" hidden=\"\" id=\"ts_popup_10\" style=\"display: none;\">\n\t<span class=\"ts_close\">X</span>\n\t\t<a class=\"ts_trustworthy\" href=\"/wikiHow:Delivering-a-Trustworthy-Experience\">Trustworthy Source</a>\n\n\t\t<span class=\"ts_name\">Alzheimer's Association</span>\n\t\t<span class=\"ts_description\">Nonprofit organizaton focused on supporting those affected by Alzheimer's and promoting research on the disease</span>\n\n\t\t\t\t<a href=\"#\" class=\"ts_source\" target=\"_blank\" rel=\"nofollow noreferrer noopener\">Go to source</a>\n</span>\n</sup>\n</li>\n</ul>\n"}]},{"title":"Enjoying Yourself","tasks":[{"title":"Hang out with your friends.","content":"\n  That's right. You can strengthen your mind simply by hanging out with other humans and enjoying each other's company.  In fact, our brain's health requires that we have a strong social support system. Believe it or not: the more social your life, the slower your memory will decline with age.\n<ul><li>There are plenty of ways to up your social interaction. Start volunteering with an organization the works on issues you care about, or simply call up an old friend you haven't spoken to in a while and catch up.</li></ul>\n"},{"title":"Allow yourself to laugh.","content":"\n If you realize you've been taking life a bit too seriously, think about something you've done recently that you could have handled more calmly. Here's the kicker: laugh at yourself for being so darn high-strung sometimes!  Forcing yourself to confront ways in which you sometimes behave humorously without realizing it will also help you start to change those behaviors. Further, laughing immediately reduces stress, thus contributing to a healthy, happier brain.\n<ul>\n<li>Perhaps the best way to find something to laugh about is to hang around fun people.  The more someone laughs in your company, the more likely you'll catch the giggles yourself. Children, in particular, are a consistently reliable source of laugh-inducing statements and behaviors.</li>\n<li>Place reminders to lighten up where you'll see them often.  Hang a doll from your rear view mirror, put a meme on your computer's background, or put some laugh-inducing photos of you and your friends on your desk.  Seeing these throughout the day will help keep your mind at ease.</li>\n</ul>\n"},{"title":"Read classic literature.","content":"\n  Expose your mind to emotional and social extremes from the safety of a book. Authors like Jane Austen and David Foster Wallace are capable of spinning webs of intrigue that can stimulate and expand your mind.  Further, they create realistic social environments than you can learn from and experience from the comfort of an armchair. All of this helps ultimately helps improve your social skills, and can even generate connections between the emotional and social parts of your brain.\n"}]},{"title":"Staying Healthy","tasks":[{"title":"Exercise daily.","content":"\n Get your heart rate up for at least a few minutes every day. The healthy benefits of exercise cannot be understated.  Exercise boosts neuroplasticity and provides an immediate reduction in stress hormones. Further, memory-sapping health maladies, such as diabetes and cardiovascular diseases, are less likely to develop in active individuals.\n<ul>\n<li>Favor aerobic exercises that get your blood pumping, like swimming or jogging</li>\n<li>Games like basketball, which require hand-eye coordination and engage your motor skills, are great, as they give your brain a work out along with your body.</li>\n<li>If you can, exercise first thing in the morning. Not only will this help you wake your brain up, it will jumpstart learning for the rest of the day.</li>\n<li>Even a walk around the block or a couple dozen jumping jacks can give your mind a body a quick jolt of focus and energy.<sup id=\"_ref-15\" class=\"reference\" aria-label=\"Link to Reference 15\"><a href=\"#_note-15\">[15]</a><span class=\"ts_popup \" hidden=\"\" id=\"ts_popup_15\" style=\"display: none;\">\n\t<span class=\"ts_close\">X</span>\n\t\t<span class=\"ts_name\">Research source</span>\n\t\t<span class=\"ts_description\"></span>\n\t\t\t\t<a href=\"#\" class=\"ts_source\" target=\"_blank\" rel=\"nofollow noreferrer noopener\"></a>\n\n</span>\n</sup>\n</li>\n</ul>\n"},{"title":"Get plenty of sleep.","content":"\n You may be getting “enough” sleep, but in order to maximize your brain's potential, you probably need more. Almost all adults require 7.5 to 9 hours of sleep in order to enjoy full mental strength during the day. Your memory, ability to learn new things, and even creativity can't reach their full potential if your brain and body aren't fully rested.\n<ul>\n<li>Quality of sleep matters immensely as well.  To help fall asleep and stay asleep throughout the night, get on a regular sleeping schedule. Try to get to bed and get up around the same time everyday.  Keep this schedule on the weekends too!</li>\n<li>Help yourself wind down by avoiding screens of any type for the hour before you go to bed. Try reading instead!</li>\n</ul>\n"},{"title":"Eat with mental health in mind.","content":"\n Certain dietary habits can help keep your brain functioning at full speed, and even diminish the risk of developing dementia.  In particular, make sure omega-3 is consistently present in your diet. These fatty acids are most commonly found in cold water fish like salmon and tuna. They are also in flaxseeds, walnuts, spinach, and soybeans.\n<ul><li>Make fruits and veggies are greater portion of your overall diet. This will help cut back on other foods that are more likely to cause mental and physical sluggishness.</li></ul>\n"},{"title":"Drink brain emboldening beverages.","content":"\n  Green tea contains loads of antioxidants that help rid your body of brain cell-damaging free radicals. Red wine, on the other hand, can help increase blood flow to the brain and can reduce the risk of developing Alzheimer's.  Alternatively, grape and cranberry juice offer these same benefits.\n<ul><li>Keep alcohol consumption around 1 glass per day.  While alcohol in moderation may actually contribute to improved mental capacity, too much alcohol kills brain cells.</li></ul>\n"},{"title":"Opt for complex carbs.","content":"\n All carbs provide energy that your brain can use.  Simple carbs, such as those in foods made with sugar or refined grain will give your body a short energy boost and a dramatic crash.  Instead, go for foods that include complex carbs.  These include whole wheat bread, brown rice, oatmeal, cereal with lots of fiber, lentils, and beans.  \n"}]},{"title":"Dealing with Stress","tasks":[{"title":"Address recurring sources of stress.","content":"\n  If you find yourself agitated, nervous, or frantic with regularity, you need to figure out how to reduce the amount of stress your body and mind endures. Chronic stress can damage and even destroy brain cells, harming your ability to form new memories or retrieve old ones.  One of the most immediate ways to reduce stress is taking brief breaks from your daily grind.  Relatedly, try to live a life that balances professional obligations and other responsibilities with fun and relaxing pursuits.\n<ul>\n<li>If you find yourself constantly worrying about achieving expectations, you should re-evalauate the expectations you're setting for yourself. Trying to achieve things that are unrealistic will actually diminish your productivity overall.</li>\n<li>Focus on one thing at a time. Multi-tasking, especially trying to balance multiple tasks that require a lot of thought, can readily contribute to confusion and stress.</li>\n</ul>\n"},{"title":"Meditate daily.","content":"\n More and more medical professionals are starting to recommend meditation.  The practice has positive effects on both your physical and mental health.  Plus, meditation can directly contribute to improvements in your ability concentrate, learn, reason, and express yourself creatively.\n<ul>\n<li>Meditation increases your mental strength by encouraging activity in growth in areas of your brain tied to feelings of happiness and contentment as well as memory and mental clarity.</li>\n<li>Start practicing by closing your eyes somewhere quiet, holding still, and counting. Try to push away thoughts as they arise and focus solely on counting.</li>\n</ul>\n"},{"title":"See a mental health professional.","content":"\n  If you've been dealing with any sort of mental discomfort for some time, consider meeting with someone who can talk to you about your options.  This is especially important for constant stress or depression. Therapists can talk to you about what you're experiencing and help you plan a path to address the way you're feeling and thinking.  Further, it's important to express your feelings, and many people find that this is easy to do with a trained mental health professional.\n<ul><li>Depression makes concentrating and remembering things harder. Treating depression can return your memory to its full capabilities.</li></ul>\n"}]}],"questions":[{"title":"How can I sharpen my brain?","content":"Try meditating a little each day. Start by meditating for 1 minute. The next day, meditate for 2 minutes. Increase how long you meditate for by 1 minute each day until you're comfortable meditating for 20 minutes daily."}]}