{"meta":{"description":"Cannabidiol (CBD) oil is becoming a popular natural treatment for conditions like anxiety, insomnia, and pain. When you’re first trying CBD oil, start by picking the type of CBD product you want to use. Then, choose the right dose for your needs. However, make sure that you’re using CBD oil safely by first checking with your doctor.","title":"Try CBD Oil for the First Time"},"todo_list":[{"title":"Deciding How to Take It","tasks":[{"title":"Use a topical CBD oil if you want to treat pain at the site.","content":"\n Massage the CBD oil into your skin if you’re treating aches and pains. Apply a few drops of the oil to the palm of your hand, then rub it into the spot you’re treating. Add more oil as needed to treat the entire area.\n<ul>\n<li>You may notice pain relief instantly, but it might take 30 minutes for the CBD oil to start working. However, keep in mind that CBD oil may not work for you.</li>\n<li>It’s safe to use as much topical oil as you need to get relief.</li>\n<li>Topical CBD oil may work for up to 5 hours.<sup id=\"_ref-2\" class=\"reference\" aria-label=\"Link to Reference 2\"><a href=\"#_note-2\">[2]</a><span class=\"ts_popup \" hidden=\"\" id=\"ts_popup_2\" style=\"display: none;\">\n\t<span class=\"ts_close\">X</span>\n\t\t<span class=\"ts_name\">Research source</span>\n\t\t<span class=\"ts_description\"></span>\n\t\t\t\t<a href=\"#\" class=\"ts_source\" target=\"_blank\" rel=\"nofollow noreferrer noopener\"></a>\n\n</span>\n</sup>\n</li>\n</ul>\n\n"},{"title":"Use a tincture","content":"\n<a href=\"/Take-CBD-Oil-Under-Your-Tongue\" title=\"Take CBD Oil Under Your Tongue\"><b class=\"whb\">Use a tincture</b></a> A tincture may start working in as little as 15-30 minutes. Measure out 1 dose of tincture using the eyedropper that came with your product and squeeze the drops under your tongue. Hold the tincture under your tongue for 30 seconds before swallowing it.\n<ul>\n<li>Your tincture may come in a spray bottle. If this is the case, apply 1 spritz to the inside of each cheek.</li>\n<li>Tinctures often come in flavors, so look for 1 that appeals to you.</li>\n<li>If CBD oil works for you, the benefits of the tincture should last for up to 2-4 hours.\n</li>\n</ul>\n"},{"title":"Take CBD oil capsules for an easy, convenient option.","content":"\n CBD oil capsules ensure you get the same dosage each time, but they may take longer to work since they have to go through your digestive system. Read the label on your CBD capsules to find the right dose. Then, take your CBD capsules as directed.\n<ul><li>If CBD oil works for you, the capsules may start working in 30 minutes. However, it could take as long as 2-4 hours to feel the results. Typically, the benefits of CBD oil capsules last for 4-6 hours.<sup id=\"_ref-6\" class=\"reference\" aria-label=\"Link to Reference 6\"><a href=\"#_note-6\">[6]</a><span class=\"ts_popup \" hidden=\"\" id=\"ts_popup_6\" style=\"display: none;\">\n\t<span class=\"ts_close\">X</span>\n\t\t<span class=\"ts_name\">Research source</span>\n\t\t<span class=\"ts_description\"></span>\n\t\t\t\t<a href=\"#\" class=\"ts_source\" target=\"_blank\" rel=\"nofollow noreferrer noopener\"></a>\n\n</span>\n</sup>\n</li></ul>\n"},{"title":"Experiment with edibles if you can wait 2-4 hours to feel the effects.","content":"\n CBD edibles are a fun, easy option for trying CBD oil. While they take longer to work than other delivery methods, they also provide longer-lasting effects. Choose CBD edibles that are tasty to you. Check the label on the product to ensure you consume the right serving size.\n<ul>\n<li>Serving sizes may be small for some edibles. For instance, 1-2 gummies or candies is a normal serving size for CBD treats.</li>\n<li>If CBD oil works for you, edibles may provide benefits for up to 4-6 hours.</li>\n</ul>\n"}]},{"title":"Finding the Right Dose","tasks":[{"title":"Check the dosage instructions if you’re using a commercial product.","content":"\n Read the label on your CBD product to get the dosage recommendation for the product you’re using. Then, follow the manufacturer’s dosage recommendations to use the product safely.\n<ul>\n<li>If there’s a dosage range, start with the lowest recommended dose and slowly increase your dose until you find one that works for you.</li>\n<li>If your product container doesn’t have a dosage recommendation, visit the company’s website or check with a local dispensary.\n</li>\n</ul>\n"},{"title":"Experiment to find the best dose for your needs.","content":"\n There’s no standard dose for CBD oil, and everyone’s body is different. You may need to try different dosage amounts to find what works for you. Start with the lowest recommended dose for the product you're using to see how it affects you. Then, slowly increase your dose until you find what works for you. \n<ul><li>Since the bioavailability of CBD oil can vary, it’s likely that you’ll absorb some products better than others. You may need to adjust your dosage depending on the product you’re using.\n</li></ul>\n"},{"title":"Use the smallest dosage that provides the benefits you want.","content":"\n Fortunately, you won’t overdose on CBD oil, so you don’t need to worry about taking too much. However, there are side effects that can occur with high dosages, such as stomach aches, irritability, and extreme fatigue. To help you get the benefits you want with minimal risk of side effects, stick to the lowest dose that works for you.\n<ul><li>It’s unlikely that you’ll develop a tolerance to CBD oil. However, it’s okay to increase your dose if you feel like you’re no longer noticing the benefits of the CBD.</li></ul>\n"},{"title":"Ask your doctor for the best dose to treat a medical condition.","content":"\n Your doctor may be your best resource for helping your find the right CBD oil dose for you. Talk to your doctor about what you want to use CBD oil to treat. Then, ask them for their dosage recommendation for your unique needs.\n<ul><li>Your doctor may recommend a brand or delivery method that’s best for your needs.</li></ul>\n"}]},{"title":"Using CBD Oil Safely","tasks":[{"title":"Talk to your doctor before using CBD oil.","content":"\n While CBD oil is generally safe, it’s not right for everyone. It can interact with some medications and might worsen certain conditions. Check with your doctor before using any CBD products to make sure they’re safe for you.\n<ul>\n<li>Explain what you’re using the CBD oil to treat so your doctor can give you their best advice.</li>\n<li>Tell your doctor about any medications you’re already taking and if you’re pregnant or nursing.\n</li>\n</ul>\n"},{"title":"Call your doctor if you experience side effects.","content":"\n Although it's rare, you might experience side effects while using CBD oil, especially when taking a high dose. These side effects usually go away quickly, so you don't need to worry. However, it’s best to check with your doctor if you notice the following side effects:\n<ul>\n<li>Drowsiness</li>\n<li>Fatigue</li>\n<li>Dry mouth</li>\n<li>Diarrhea</li>\n<li>Reduced Appetite</li>\n</ul>\n"},{"title":"Buy products from a reputable supplier.","content":"\n Before you purchase a CBD product, research the supplier to make sure they have good reviews and a professional website. In addition, review any third-party lab reports to ensure you know exactly what's in the product you're using. Because CBD is not FDA-regulated, it's important to use your best judgement when selecting the product you want to try.\n<ul>\n<li>If you have friends who use CBD oil, ask them which products they recommend.</li>\n<li>Your doctor or pharmacist may also be able to recommend a product for you.</li>\n</ul>\n"},{"title":"Use CBD oil at home until you know how it affects you.","content":"\n CBD will not get you high, but it could make you feel very tired. You may even fall asleep easily. When you first start using CBD oil, choose a time when you know you’ll be safe at home and don’t have any pressing responsibilities.\n<ul><li>For instance, you don’t want to try it at work and end up asleep at your desk.</li></ul>\n"}]}],"questions":[]}