{"meta":{"description":"In traditional Chinese acupressure, firm pressure is placed on several points of your body to ease medical conditions. This technique can be used to promote weight loss by stimulating points on the body that can relieve pressure on the digestive system. Learning how to use acupressure for weight loss, when combined with a healthy diet and exercise, can help you reach your fitness goals.","title":"Use Acupressure for Weight Loss"},"todo_list":[{"title":"Applying Pressure to Weight-Loss Acupressure Points","tasks":[{"title":"Start by applying acupressure to the acupressure points on the ear.","content":"\n Place your thumb directly in front of the triangular shaped flap of tissue found at the front of each ear. The thumb is used because it covers the most area and will affect all three points.\n<ul>\n<li>Another way to find this point is to place your finger against your jaw and open and shut your mouth. Find the point that has most of the movement in your jaw.</li>\n<li>Apply medium and constant pressure for three minutes to control appetite and hunger and improve digestion.</li>\n<li>If you only want to use one point, use the ear points. It is the only part of the body where three or more acupressure points that control hunger and appetite can be found together.<sup id=\"_ref-1\" class=\"reference\" aria-label=\"Link to Reference 1\"><a href=\"#_note-1\">[1]</a><span class=\"ts_popup \" hidden=\"\" id=\"ts_popup_1\" style=\"display: none;\">\n\t<span class=\"ts_close\">X</span>\n\t\t<span class=\"ts_name\">Research source</span>\n\t\t<span class=\"ts_description\"></span>\n\t\t\t\t<a href=\"#\" class=\"ts_source\" target=\"_blank\" rel=\"nofollow noreferrer noopener\"></a>\n\n</span>\n</sup>\n</li>\n<li>Acupressure points SI19, TW21, and GB2 are located around the ear. These have been studied most for weight loss.<sup id=\"_ref-2\" class=\"reference\" aria-label=\"Link to Reference 2\"><a href=\"#_note-2\">[2]</a><span class=\"ts_popup \" hidden=\"\" id=\"ts_popup_2\" style=\"display: none;\">\n\t<span class=\"ts_close\">X</span>\n\t\t<span class=\"ts_name\">Research source</span>\n\t\t<span class=\"ts_description\">Hsieh, C. H., Su, T., Fang, Y., &amp;amp; Chou, P. (2012). Efficacy of Two Different Materials used in Auricular Acupressure on Weight Reduction and Abdominal Obesity. American Journal Of Chinese Medicine, 40(4), 713-720.</span>\n\n</span>\n</sup><sup id=\"_ref-3\" class=\"reference\" aria-label=\"Link to Reference 3\"><a href=\"#_note-3\">[3]</a><span class=\"ts_popup \" hidden=\"\" id=\"ts_popup_3\" style=\"display: none;\">\n\t<span class=\"ts_close\">X</span>\n\t\t<span class=\"ts_name\">Research source</span>\n\t\t<span class=\"ts_description\">Hsieh, C. H., Su, T., Fang, Y., &amp;amp; Chou, P. (2011). Effects of Auricular Acupressure on Weight Reduction and Abdominal Obesity in Asian Young Adults: A Randomized Controlled Trial. American Journal Of Chinese Medicine, 39(3), 433-440.</span>\n\n</span>\n</sup>\n</li>\n</ul>\n\n"},{"title":"Apply pressure to additional acupressure points that promote weight loss.","content":"\n There are a wide variety of other points that can help you reach your weight loss goals.\n<ul>\n<li>GV26 is located between the upper lip and the nose, in the crease or depression (the philtrum).  Apply medium pressure for five minutes twice a day. This point can curb appetite and control hunger.</li>\n<li>Ren 6 is found 3 cm directly below the belly button.  Use your index and middle fingers to massage this point up and down two minutes twice a day. This point can improve digestion.</li>\n<li>Knee Point ST36 is found 2 inches below the knee cap and slightly off center, towards the outer part of the leg. Apply pressure on this point for one minute with your forefinger. You can know you are in the right spot by flexing your foot — you should be able to feel the muscle move under your finger. Press this point for two minutes every day. This point supports healthy stomach function.</li>\n<li>Elbow point LI 11 is found on the inner side of the elbow crease, near the outer part of the elbow. This point stimulates the function of the intestine by removing excess heat and unwanted moisture from the body. Use your thumb and apply pressure to this point for one minute every day.</li>\n<li>Pressure point SP6 is found 2 inches above the ankle, on the inner side of the leg and behind the bone. Apply pressure for one minute every day with your thumb. Release slowly. This point helps balance fluids.</li>\n<li>The abdominal sorrow points are located beneath your lowest ribs in a straight line down from your earlobes. Press into this point under each rib for five minutes a day. This point can also help relieve indigestion.</li>\n</ul>\n"},{"title":"Try a different point, or points, if one makes you uncomfortable or does not give you the results you want.","content":"\n Stay aware of how you are feeling and responding to the pressure. Each person may respond uniquely, depending on their situation. Don’t overdo it!\n<ul>\n<li>You can use these acupressure points until you have reached your ideal weight and then use them to help maintain that weight.</li>\n<li>There are no known negative effects of this type of acupressure.</li>\n</ul>\n"}]},{"title":"Combining a Healthy Diet and Exercise with Acupressure","tasks":[{"title":"Follow an anti-inflammatory diet.","content":"\n Certain foods can help you lose weight. In general, these are known as “anti-inflammatory” foods, which are used because having extra weight is an inflammatory condition. To follow this diet switch to organic foods as much as possible. These contain no pesticides or other chemicals, like hormones and antibiotics, that may be related to an increased risk of inflammation.\n<ul>\n<li>Limit the amount of processed and prepackaged food you eat as well. You want to limit the additives and preservatives that can cause some people increased inflammation if they have sensitivity to these additives and preservatives.</li>\n<li>It may take some extra practice and planning, but the closer you can get to cooking from scratch, using whole foods that have not been processed (and therefore retain most of the vitamins, minerals and other nutrients) the healthier you will be.</li>\n<li>A rule of thumb is that if the food is too white, like white bread, white rice, white pasta, it has been processed. Instead, eat whole grain breads, brown rice, and whole grain pasta.</li>\n</ul>\n"},{"title":"Increase the amounts of vegetables and fruit in your diet.","content":"\n About ⅔ of your total food should be fruits, vegetables and whole grains. Fruits and vegetables contain high levels of antioxidants, which may decrease inflammation.\n<ul>\n<li>Choose brightly colored fruits and vegetables for the highest level of antioxidants.  These include: berries (blueberries, raspberries), apples, plums, oranges and citrus fruit (Vitamin C is an excellent anti-oxidant), leafy green vegetables, both winter and summer squash, and bell peppers.</li>\n<li>Fresh is best, but frozen vegetables and fruits can definitely be used.</li>\n<li>Avoid eating vegetables in any sort of creamy sauces that may add fats to your diet.</li>\n<li>Avoid fruits that have sugar or heavy syrup (with added sugars)</li>\n</ul>\n"},{"title":"Increase the amount of fiber in your diet, as fiber can decrease inflammation.","content":"\n You should be aiming for a minimum of 20 – 35 gm of fiber daily. High fiber foods include:\n<ul>\n<li>Whole grains like brown rice, bulgar wheat, buckwheat, oats, millet, quinoa.</li>\n<li>Fruits, particularly those that you can eat with the skin — e.g. apples, pears, figs, dates, grapes, berries of all kinds.</li>\n<li>Vegetables, especially leafy green vegetables (spinach, mustard, collard, Swiss chard, kale), carrots, broccoli, brussel sprouts, bok choy, beets</li>\n<li>Beans and legumes including peas, lentils, all beans (kidney, black, white, lima)</li>\n<li>Seeds including pumpkin, sesame, sunflower seeds, and nuts including almonds, pecans, walnuts and pistachio nuts</li>\n</ul>\n"},{"title":"Limit red meat.","content":"\n In fact, try to limit the amount of meat you eat in general. If you do eat beef, make sure it is lean and preferably grass fed, as this meat has the natural ratio of omega-3 and omega-6 fats. If you eat poultry, make sure it is skinless and is raised without hormones or antibiotics (that goes for the red meat as well).\n"},{"title":"Limit your intake of trans and saturated fats.","content":"\n The American Heart Association recommends for overall health that you avoid all trans fats and limit saturated fats to less than 7% of your total daily calories. Saturated fats are most easily avoided by avoiding butter, margarine, and shortening in your cooking.\n<ul>\n<li>Use olive oil or canola oil instead.</li>\n<li>Trim the fats off any meats.</li>\n<li>Avoid any food that has “partially hydrogenated fats” on the label. These may contain trans fats, even if the label says “0 trans fats”</li>\n</ul>\n"},{"title":"Increase the amount of fish you eat.","content":"\n  Fish is good quality protein and has good amounts of the healthier omega-3 fats. Higher omega-3 fat intake is associated with a decreased level of inflammation. Fish with higher levels of omega-3 fats include: salmon, tuna, trout, sardines and mackerel.\n"},{"title":"Make sure you include only complex carbohydrates.","content":"\n If you avoid processed foods, you have essentially included only complex carbohydrates. The processing of food breaks down the carbohydrates into the simple carbohydrates. High amounts of simple carbohydrates can increase the levels of inflammation.\n"},{"title":"Begin exercising on a regular basis.","content":"\n Eating well, eating less, and exercising is the only real way to lose weight and to keep it off. However, the exercise doesn’t have to be, and shouldn’t be, a difficult chore. Start slow by walking more often. Park the car far away, use stairs instead of escalators or elevators, walk the dog, or just plain take a walk! If you want, join a gym and find a fitness coach.\n<ul>\n<li>Lift weights, do cardiovascular workouts, use an elliptical, whatever you enjoy and will stick with.</li>\n<li>Make sure you talk to your physician and make sure you know what you should and shouldn’t be doing.  Don’t push it too hard, just push it a bit!</li>\n<li>Find an activity that you enjoy and that fits well into your life. Don’t overdo it, because workouts that are too strenuous can cause you to stop doing them.<sup id=\"_ref-7\" class=\"reference trusted\" aria-label=\"Link to Reference 7\"><a href=\"#_note-7\">[7]</a><span class=\"ts_popup trustedsource\" hidden=\"\" id=\"ts_popup_7\" style=\"display: none;\">\n\t<span class=\"ts_close\">X</span>\n\t\t<a class=\"ts_trustworthy\" href=\"/wikiHow:Delivering-a-Trustworthy-Experience\">Trustworthy Source</a>\n\n\t\t<span class=\"ts_name\">Mayo Clinic</span>\n\t\t<span class=\"ts_description\">Educational website from one of the world's leading hospitals</span>\n\n\t\t\t\t<a href=\"#\" class=\"ts_source\" target=\"_blank\" rel=\"nofollow noreferrer noopener\">Go to source</a>\n</span>\n</sup>\n</li>\n<li>Try using a pedometer to track and monitor how many steps you take through the day. Gradually increase this number over time to increase your activity level.</li>\n</ul>\n"},{"title":"Get between 75 – 300 minutes a week of moderate aerobic activity.","content":"\n Aerobic activity is anything that increases your oxygen intake and your heart rate. Examples include running, swimming, hiking, walking, jogging, dancing, martial arts and cycling.\n<ul><li>These can also be done inside, using exercise equipment such as stationary bikes and ellipticals, or outside, in a park or in your neighborhood.<sup id=\"_ref-9\" class=\"reference\" aria-label=\"Link to Reference 9\"><a href=\"#_note-9\">[9]</a><span class=\"ts_popup \" hidden=\"\" id=\"ts_popup_9\" style=\"display: none;\">\n\t<span class=\"ts_close\">X</span>\n\t\t<span class=\"ts_name\">Research source</span>\n\t\t<span class=\"ts_description\"></span>\n\t\t\t\t<a href=\"#\" class=\"ts_source\" target=\"_blank\" rel=\"nofollow noreferrer noopener\"></a>\n\n</span>\n</sup>\n</li></ul>\n"}]},{"title":"Learning About Acupressure","tasks":[{"title":"Understand the basic concepts of Traditional Chinese Medicine (TCM).","content":"\n Acupressure and acupuncture utilize various points along 12 basic meridians in the body. These meridians are energy pathways, which are believed to carry “qi” or “chi”, the Chinese terms for life energy. The basic concept is that illness is caused by a blockage in qi. The needles in acupuncture and the pressure in acupressure can unblock these energy pathways and restore the easy and unimpeded flow of qi.\n"},{"title":"Understand how acupressure can be used to stimulate weight loss.","content":"\n In TCM, weight loss can be encouraged by allowing excess “heat” and “moisture” to be expelled and by supporting the organs of digestion.\n<ul>\n<li>The terms “heat” and “moisture” don’t necessarily have literal meanings. In other words, applying pressure at these points won’t significantly change the temperature of the skin or cause any dampness on the skin. The terms should be understood to indicate imbalances of energy that are viewed as heat and moisture.<sup id=\"_ref-11\" class=\"reference\" aria-label=\"Link to Reference 11\"><a href=\"#_note-11\">[11]</a><span class=\"ts_popup \" hidden=\"\" id=\"ts_popup_11\" style=\"display: none;\">\n\t<span class=\"ts_close\">X</span>\n\t\t<span class=\"ts_name\">Research source</span>\n\t\t<span class=\"ts_description\">Hsieh, C. H., Su, T., Fang, Y., &amp;amp; Chou, P. (2011). Effects of Auricular Acupressure on Weight Reduction and Abdominal Obesity in Asian Young Adults: A Randomized Controlled Trial. American Journal Of Chinese Medicine, 39(3), 433-440.</span>\n\n</span>\n</sup>\n</li>\n<li>Some studies have indicated that acupressure on the ear points in particular can significantly help people achieve weight loss.<sup id=\"_ref-12\" class=\"reference\" aria-label=\"Link to Reference 12\"><a href=\"#_note-12\">[12]</a><span class=\"ts_popup \" hidden=\"\" id=\"ts_popup_12\" style=\"display: none;\">\n\t<span class=\"ts_close\">X</span>\n\t\t<span class=\"ts_name\">Research source</span>\n\t\t<span class=\"ts_description\">Hsieh, C. H., Su, T., Fang, Y., &amp;amp; Chou, P. (2011). Effects of Auricular Acupressure on Weight Reduction and Abdominal Obesity in Asian Young Adults: A Randomized Controlled Trial. American Journal Of Chinese Medicine, 39(3), 433-440.</span>\n\n</span>\n</sup>\n</li>\n<li>Another somewhat related technique, the Tapas Acupressure Technique, has shown some positive results for maintaining weight loss, though no significant results for weight loss.<sup id=\"_ref-13\" class=\"reference\" aria-label=\"Link to Reference 13\"><a href=\"#_note-13\">[13]</a><span class=\"ts_popup \" hidden=\"\" id=\"ts_popup_13\" style=\"display: none;\">\n\t<span class=\"ts_close\">X</span>\n\t\t<span class=\"ts_name\">Research source</span>\n\t\t<span class=\"ts_description\"></span>\n\t\t\t\t<a href=\"#\" class=\"ts_source\" target=\"_blank\" rel=\"nofollow noreferrer noopener\"></a>\n\n</span>\n</sup>\n</li>\n</ul>\n"},{"title":"Learn how to apply pressure on acupressure points.","content":"\n Unless the point is on the center of your body, make sure you apply pressure on both sides for the same amount of time. The amount of pressure is generally light to medium-- find a level of pressure you are comfortable with.  Never press hard.\n<ul>\n<li>Think of three levels of pressure — light pressure is the amount of pressure it would take for your finger to depress your skin slightly and moves the skin around the pressure point slightly. You won’t feel a pulse or bone —but will feel a muscle moving under the skin.  Medium pressure depresses the skin more — and in areas where the skin is thin (e.g. around the ear) you should feel some bone and will feel joints and muscle moving. You may also feel a pulse around (for example) around the knee, elbow or ankle points.</li>\n<li>You can apply acupressure anywhere: at work, at school, at home, or after (or during) a shower. Though it is usually best to be in a quiet and peaceful environment, it is not absolutely necessary.</li>\n</ul>\n"}]},{"title":"Acupressure Points and Foods to Eat and Avoid for Weight Loss","tasks":[]}],"questions":[]}