{"meta":{"description":"Arnica is a flower that grows in Eastern and Central Europe, and has been used as a traditional medical remedy for centuries. You might be curious about trying arnica for yourself. It might work as a cream or gel for joint and muscle pain from arthritis, so you can see if this works for you. However, just because arnica is natural doesn’t mean it’s always safe. It could be poisonous if taken by mouth, so avoid this unless your doctor tells you it’s safe.[1] Also don’t use arnica as a replacement for professional medical treatment if you’re having any problems.","title":"Use Arnica for Natural Remedies"},"todo_list":[{"title":"Using Topical Treatments","tasks":[{"title":"Rub arnica cream or gel onto sore joints if you have osteoarthritis.","content":"\n Arnica might work for arthritis pain, and some research shows that it can reduce pain and stiffness in your joints from osteoarthritis. This may be an effective remedy for you, so try rubbing it on your sore joints to see if it helps.\n<ul>\n<li>For arthritis relief, rub arnica cream or gel on sore spots twice a day for 3 weeks to see if that helps.</li>\n<li>Arnica seems especially helpful for arthritis in your hands and knees.</li>\n<li>There are different concentrations of arnica cream available. Ask your doctor which would be best for treating arthritis pain.</li>\n</ul>\n\n"},{"title":"Use arnica if you have sore muscles from exercising.","content":"\n If you exercise regularly, then arnica cream might help you. Research isn’t certain, but arnica may help treat soreness from working out. Try rubbing it onto your sore muscles for a natural remedy.\n<ul>\n<li>Arnica might also prevent soreness, so you could rub it onto your skin right after exercising to see if this helps.</li>\n<li>Be aware that some research shows that using arnica on sore muscles could make the pain worse in some cases.<sup id=\"_ref-4\" class=\"reference\" aria-label=\"Link to Reference 4\"><a href=\"#_note-4\">[4]</a><span class=\"ts_popup \" hidden=\"\" id=\"ts_popup_4\" style=\"display: none;\">\n\t<span class=\"ts_close\">X</span>\n\t\t<span class=\"ts_name\">Research source</span>\n\t\t<span class=\"ts_description\"></span>\n\t\t\t\t<a href=\"#\" class=\"ts_source\" target=\"_blank\" rel=\"nofollow noreferrer noopener\"></a>\n\n</span>\n</sup>\n</li>\n</ul>\n"},{"title":"Try arnica cream if you have acne or skin rashes.","content":"\n Results are mixed, but arnica in gel or cream form may help heal acne, boils, or rashes on your skin.\n<ul><li>Arnica is not intended for use on broken or open skin, so only use it if the rash is unbroken.</li></ul>\n"},{"title":"See if arnica helps heal bruises.","content":"\n Research is also mixed on this one, but arnica cream could heal bruising after injuries or surgery. Try applying a 20% arnica cream to bruises twice a day for 2 weeks. This could help bruises heal better.\n<ul><li>Remember to make sure the skin isn't broken in this spot before applying the cream.</li></ul>\n"}]},{"title":"Staying Safe","tasks":[{"title":"Do not take arnica by mouth unless a doctor tells you to.","content":"\n While arnica might have some health benefits, it is officially classed as an unsafe herb if taken by mouth. Some governments limit or ban it in food and supplements entirely. It’s best to avoid all oral supplements containing arnica unless your doctor tells you that taking it is okay.\n<ul>\n<li>In high amounts, arnica can cause stomach pain, diarrhea, vomiting, breathing problems, and cardiac arrest.<sup id=\"_ref-9\" class=\"reference\" aria-label=\"Link to Reference 9\"><a href=\"#_note-9\">[9]</a><span class=\"ts_popup \" hidden=\"\" id=\"ts_popup_9\" style=\"display: none;\">\n\t<span class=\"ts_close\">X</span>\n\t\t<span class=\"ts_name\">Research source</span>\n\t\t<span class=\"ts_description\"></span>\n\t\t\t\t<a href=\"#\" class=\"ts_source\" target=\"_blank\" rel=\"nofollow noreferrer noopener\"></a>\n\n</span>\n</sup>\n</li>\n<li>There are some weaker homeopathic remedies that only use small concentrations of arnica. These might be safe, but always ask your doctor or a homeopathic specialist before using them as well.<sup id=\"_ref-10\" class=\"reference\" aria-label=\"Link to Reference 10\"><a href=\"#_note-10\">[10]</a><span class=\"ts_popup \" hidden=\"\" id=\"ts_popup_10\" style=\"display: none;\">\n\t<span class=\"ts_close\">X</span>\n\t\t<span class=\"ts_name\">Research source</span>\n\t\t<span class=\"ts_description\"></span>\n\t\t\t\t<a href=\"#\" class=\"ts_source\" target=\"_blank\" rel=\"nofollow noreferrer noopener\"></a>\n\n</span>\n</sup>\n</li>\n</ul>\n"},{"title":"Use topical treatments on unbroken skin only.","content":"\n Arnica can get absorbed through broken skin and cause health problems. It’s only intended for unbroken skin, so don’t use it around any cuts or wounds.\n"},{"title":"Avoid arnica if you’re pregnant or breastfeeding.","content":"\n Arnica can harm babies, so don’t use it at all if you’re pregnant or nursing.\n<ul><li>Taking arnica by mouth while you’re pregnant could cause a miscarriage, even if it’s a weak form like tea.<sup id=\"_ref-13\" class=\"reference trusted\" aria-label=\"Link to Reference 13\"><a href=\"#_note-13\">[13]</a><span class=\"ts_popup trustedsource\" hidden=\"\" id=\"ts_popup_13\" style=\"display: none;\">\n\t<span class=\"ts_close\">X</span>\n\t\t<a class=\"ts_trustworthy\" href=\"/wikiHow:Delivering-a-Trustworthy-Experience\">Trustworthy Source</a>\n\n\t\t<span class=\"ts_name\">U.S. National Capital Poison Center</span>\n\t\t<span class=\"ts_description\">Independent poison control center providing resources to prevent poisonings and save lives</span>\n\n\t\t\t\t<a href=\"#\" class=\"ts_source\" target=\"_blank\" rel=\"nofollow noreferrer noopener\">Go to source</a>\n</span>\n</sup>\n</li></ul>\n"},{"title":"Stop using arnica if you develop any kind of rash or inflammation.","content":"\n It’s possible to be allergic or sensitive to arnica cream. If you notice any itching, redness, or inflammation after applying it, then stop right away.\n"}]}],"questions":[]}