{"meta":{"description":"Ashwagandha is a root plant commonly found in India, the Middle East, and eastern Africa. It has been used for centuries as an alternative medicine and has anti-inflammatory, antioxidant, and rejuvenating properties.[1] You can use ashwagandha to treat a number of medical issues, from chronic pain to arthritis to ulcers. Before you use ashwagandha, make sure you speak to your doctor. Then, buy and take ashwagandha safely so you can reap the benefits of this alternative medicine.","title":"Use Ashwagandha"},"todo_list":[{"title":"Buying Ashwagandha","tasks":[{"title":"Look for ashwagandha in capsule, powder, or tincture form.","content":"\n Pick a form that suits your comfort level. A powder or tincture may be ideal if you do not like swallowing pills.\n<ul><li>Only buy ashwagandha from a reputable vitamin supply shop or a natural health food store to ensure you are consuming a high quality supplement.</li></ul>\n\n"},{"title":"Make sure the first ingredient on the label is ashwagandha.","content":"\n Read over the ingredients list to confirm there are no dyes, colorings, additives, or preservatives in the product. You want to buy a product that is as pure as possible.\n<ul>\n<li>You should also check the Daily Value (DV) percentages on the label to make sure you are getting 100% DV. This means you are getting the maximum amount of nutrients in each serving of the supplement.</li>\n<li>You can also look for a “USP Verified” label on the supplement. This means it has been inspected by the U.S. Pharmacopeial Convention and that it contains the ingredients listed on the label. It also means it has been manufactured in sanitary and well-controlled conditions.<sup id=\"_ref-5\" class=\"reference\" aria-label=\"Link to Reference 5\"><a href=\"#_note-5\">[5]</a><span class=\"ts_popup \" hidden=\"\" id=\"ts_popup_5\" style=\"display: none;\">\n\t<span class=\"ts_close\">X</span>\n\t\t<span class=\"ts_name\">Research source</span>\n\t\t<span class=\"ts_description\"></span>\n\t\t\t\t<a href=\"#\" class=\"ts_source\" target=\"_blank\" rel=\"nofollow noreferrer noopener\"></a>\n\n</span>\n</sup>\n</li>\n</ul>\n"},{"title":"Confirm the supplier is legitimate and reputable.","content":"\n Make sure there is clear contact information for the supplier listed on the label. Check that the supplier is highly rated online and has positive reviews by consumers.\n<ul><li>You can ask your doctor to recommend a supplier that they trust so you know the ashwagandha is coming from a reliable source.</li></ul>\n"}]},{"title":"Taking Ashwagandha","tasks":[{"title":"Ask your doctor about taking ashwagandha.","content":"\n Ashwagandha can be used a dietary supplement and to treat issues like stress, chronic pain, arthritis, ulcers, and mood swings. It can also be used as a sleep aid. Make sure you ask your doctor about the medical uses of ashwagandha, and its benefits for your health based on your medical history, before you take it.\n<ul>\n<li>Ashwagandha can help decrease your body's stress result, which can in turn help with things like anxiety and inflammation.<sup id=\"_ref-9\" class=\"reference trusted\" aria-label=\"Link to Reference 9\"><a href=\"#_note-9\">[9]</a><span class=\"ts_popup trustedsource\" hidden=\"\" id=\"ts_popup_9\" style=\"display: none;\">\n\t<span class=\"ts_close\">X</span>\n\t\t<a class=\"ts_trustworthy\" href=\"/wikiHow:Delivering-a-Trustworthy-Experience\">Expert Source</a>\n\n\t\t<span class=\"ts_name\"></span>\n\t\t\t<a class=\"ts_expert_link\" href=\"/Experts?name=tracyzollingerdipl.om%2Cl.ac.%2Cfaborm#tracyzollingerdipl.om%2Cl.ac.%2Cfaborm\"><span class=\"ts_expert_image\"><picture><source type=\"image/webp\" srcset=\"/images/thumb/c/c8/Tracy_Zollinger.png/-crop-100-100-100px-Tracy_Zollinger.png.webp\"><img src=\"/images/thumb/c/c8/Tracy_Zollinger.png/-crop-100-100-100px-Tracy_Zollinger.png\" alt=\"Tracy Zollinger Dipl. OM, L.Ac., FABORM\" loading=\"lazy\" width=\"30\" height=\"30\" style=\"max-width: 30px\"></picture></span>Tracy Zollinger Dipl. OM, L.Ac., FABORM<br><span class=\"ts_blurb\">Licensed Herbalist &amp; Acupuncturist</span></a>\n\n\t\t<span class=\"ts_description\">Expert Interview.  6 October 2020.</span>\n\n</span>\n</sup>\n</li>\n<li>Ashwagandha should not be taken with medication to treat diabetes, hypertension, anxiety, depression, and insomnia. If you are currently being treated for any of these issues, speak to your doctor first before taking ashwagandha.</li>\n<li>Do not use ashwagandha if you are pregnant or breastfeeding as it can cause health issues for you or your baby.</li>\n</ul>\n"},{"title":"Get a recommended dosage from your doctor.","content":"\n Your doctor can suggest a daily amount based on your medical needs. Always follow your doctor’s instructions, rather than the recommended dosage on the label.\n<ul><li>For general health and well-being, you can take 1 to 2 teaspoons (4.9 to 9.9&nbsp;ml) of powdered ashwagandha, or one capsule once a day.</li></ul>\n"},{"title":"Have hot milk or water with powdered ashwagandha.","content":"\n For some, the taste of powdered ashwagandha can be unpleasant. Try mixing 1 to 2 teaspoons (4.9 to 9.9 ml) of powdered ashwagandha in one to two cups of hot milk or boiling water to mask the taste. You can then sip it as a warm drink or tea.\n<ul><li>You can also add <span class=\"frac nowrap\"><sup>1</sup>⁄<sub>4</sub></span> teaspoon (1.2&nbsp;ml) sugar or ghee to the ashwagandha to make it taste better.</li></ul>\n"},{"title":"See your doctor if you experience any adverse side effects.","content":"\n If you experience nausea, upset stomach, or diarrhea when you take ashwagandha, see your doctor right away. Your doctor may suggest a lower dosage or a different course of treatment that will not cause these issues.\n"}]}],"questions":[{"title":"What does ashwagandha do?","content":"Support wikiHow by unlocking this expert answer.\nAshwagandha is similar to ginseng—it helps your body regulate its response to stress. That can help stabilize your mood, help you sleep, and and heal faster."}]}