{"meta":{"description":"Wondering how to properly use the Original Sun Ancon Chi Machine? Follow the steps below and learn how to maximize the benefits. There are also some tips on variations in arm positions.","title":"Use the Chi Machine"},"todo_list":[{"title":"Steps","tasks":[{"title":"Drink a small glass of water before using the Chi Machine.","content":"\n\n\n"},{"title":"Position the Chi Machine on a firm surface with the handle facing away.","content":"\n  Make sure there is room underneath the machine for air movement.\n"},{"title":"Stretch out your lower back, then lay down on the floor.","content":"\n\n<ul><li>If you have low back or knee pain, place a pillow underneath your knees for extra support until your body becomes accustomed to the movement.</li></ul>\n"},{"title":"Center your body with the arrow and place your legs on each side of the machine.","content":"\n\n"},{"title":"Position your legs on the cradle so that the back of your calf rests on the cradle just above the ankle bone.","content":"\n  Make sure the ankle bone is about 1–2 inches (2.5–5.1 cm) over the edge of the cradle so your feet can move freely back and forth.\n"},{"title":"Position your arms.","content":"\n There are a few variations you can try:\n<ul>\n<li>Stretched Back Position: Place both arms above your head and keep them as straight as possible. This may assist with weight loss, shoulder tendinitis, releasing muscle tension, and releasing nervous pressure.</li>\n<li>Mid Position: Place both hands under your head in a position that results in your upper body and legs being slightly lifted off the floor. This may assist with migraine headaches, bone spurs, misaligned spine, sore back, gout, and arthritis.</li>\n<li>Goldfish Position:  Place both arms at your sides on the floor. This may assist with releasing tension, mood balancing, insomnia, constipation, and internal organ discomfort.</li>\n</ul>\n"},{"title":"Turn the timer switch on to activate the machine.","content":"\n  First time users should not do more than 2-3 minutes.  If your are in poor health, use less than 1 minute. Increase the time in 2 minute increments once your body has adjusted to the movement. Use of the machine twice a day provides maximum benefits.\n"},{"title":"Stay relaxed and allow your body to move with the swing of the machine.","content":"\n The machine provides a full body movement.\n"},{"title":"Breathe deeply and evenly during the movement.","content":"\n  Breathe in to the count of 7, hold to the count of 4, and exhale from the abdomen to the count of 8.  The timing of each breath is not as important as the rhythm of the breathing.\n"},{"title":"Remain on the floor for 2-3 minutes before getting up after the machine stops.","content":"\n If necessary, remove your feet from the cradle during this time.\n"},{"title":"Stretch out your spine and hips, then roll to one side and get up off the floor.","content":"\n\n"},{"title":"Drink a full glass of water.","content":"\n\n"}]}],"questions":[]}