{"meta":{"description":"When canines are well cared for, they can be loyal companions and beloved additions to families. Make the most of that one-of-a-kind relationship by knowing and doing what’s best for your pet. Being a responsible dog owner means keeping your dog happy, healthy, and safe by taking care of their basic dietary, medical, physical, and psychological needs. It also means monitoring your dog’s behavior and environmental impact in public spaces so that you and your pooch are good members of your community.","title":"Be a Responsible Dog Owner"},"todo_list":[{"title":"Keeping Your Dog Healthy","tasks":[{"title":"Provide your dog with healthy food.","content":"\n Get recommendations from your vet or breeder as to which foods work best for your dog’s breed. The type and amount will vary according to your pet’s age, weight, and activity level, so be sure to consult the packaging for the correct serving sizes.\n<ul>\n<li>A dog’s digestion will be healthiest if you give them a consistent diet. If you do change your dog’s food, introduce the new kind gradually by mixing it in with the old at first.</li>\n<li>Keep in mind that how much you feed your dog is almost as important as what you feed them. Overfeeding can lead to obesity, which increases the risk of heart disease, diabetes, and arthritis.</li>\n<li>Since you want to feed your dog a set amount, it’s best to control their feeding times rather than letting them graze throughout the day. Establish meal times once or twice a day to give your dog a sense of routine.</li>\n<li>Monitor your dog’s treats. It’s always wonderful to reward your canine companions with treats, but be sure that you’re adjusting their normal food intake accordingly. If you feed your dog a bone, reduce the amount of kibble they’ll get for dinner.</li>\n</ul>\n\n"},{"title":"Make sure your dog always has access to water.","content":"\n Hydration is critical for your dog’s nutrition, digestion, and joint health. It’s also critical for the regulation of their body temperature. Your dog should always have a dish of fresh, clean water available, even at night.\n<ul>\n<li>If you go on car trips or outings, take water with you for your dog.</li>\n<li>Be sure to clean your dog’s food bowl and water dish regularly to prevent mold, dirt, and bacteria from building up.</li>\n</ul>\n"},{"title":"Clean your dog’s teeth.","content":"\n Regularly brush your dog’s teeth and give them canine dental products, like hard biscuits and dental chews to improve their oral hygiene. Toys that allow them to chew, like rope or nylon bones, will also help keep their teeth clean and gums healthy.\n<ul>\n<li>\n<a href=\"/Brush-a-Dog%27s-Teeth\" title=\"Brush a Dog's Teeth\">Brush your dog’s teeth</a> daily. This will prevent bad breath, tartar buildup, and bacterial infections. You can lift their lips to expose their teeth and brush them as would your own.</li>\n<li>To be the most effective, use an angled brush that’s specially designed for dogs. Always stick to toothpaste made for canines since the fluoride found in most human toothpastes is poisonous to dogs.</li>\n</ul>\n"},{"title":"Keep your dog at a healthy weight.","content":"\n It’s your job to monitor your pet’s food intake and feed them an appropriate amount for their size and ideal weight. While it may seem cruel to deny your dog the food that they’re begging for, letting your dog get obese is more cruel since it compromises their health and well-being.\n<ul><li>If your dog is overweight, ask your vet to recommend a diet to help get them get back to an appropriate weight.</li></ul>\n"},{"title":"Avoid giving your dog “people food” or medicine.","content":"\n Canines have very different nutritional needs than humans, so stick to feeding them dog food to ensure they’re getting a healthy and well-balanced diet. They also have different medical needs, so never assume that the remedies that work for us will work for them.\n<ul>\n<li>Be aware that many of our common food items are poisonous or even lethal to dogs, like raisins, grapes, mushrooms, onions, macadamia nuts, caffeine, chocolate (especially dark chocolate and baking chocolate), alcoholic beverages, dairy products such as milk, and citrus fruits such as oranges.<sup id=\"_ref-6\" class=\"reference trusted\" aria-label=\"Link to Reference 6\"><a href=\"#_note-6\">[6]</a><span class=\"ts_popup trustedsource\" hidden=\"\" id=\"ts_popup_6\" style=\"display: none;\">\n\t<span class=\"ts_close\">X</span>\n\t\t<a class=\"ts_trustworthy\" href=\"/wikiHow:Delivering-a-Trustworthy-Experience\">Trustworthy Source</a>\n\n\t\t<span class=\"ts_name\">American Society for the Prevention of Cruelty to Animals</span>\n\t\t<span class=\"ts_description\">Leading organization dedicated to the prevention of animal cruelty</span>\n\n\t\t\t\t<a href=\"#\" class=\"ts_source\" target=\"_blank\" rel=\"nofollow noreferrer noopener\">Go to source</a>\n</span>\n</sup>\n</li>\n<li>Only give your dog medicines that have been explicitly prescribed or approved by a vet. Many human drugs—over-the-counter or prescription—can kill your dog. For instance, aspirin may be given to a dog if your vet tells you it is alright and tells you the proper dosage. But acetaminophen and ibuprofen are highly poisonous for your pooch.</li>\n<li>Have a canine first aid kit on hand to address your dog’s medical needs. You can either buy one or put one together yourself. Make sure it includes basic supplies like a pet first-aid book, self-cling bandages, gauze pads, an antibacterial ointment or antiseptic wipes, disposable gloves, scissors, and tweezers.<sup id=\"_ref-7\" class=\"reference trusted\" aria-label=\"Link to Reference 7\"><a href=\"#_note-7\">[7]</a><span class=\"ts_popup trustedsource\" hidden=\"\" id=\"ts_popup_7\" style=\"display: none;\">\n\t<span class=\"ts_close\">X</span>\n\t\t<a class=\"ts_trustworthy\" href=\"/wikiHow:Delivering-a-Trustworthy-Experience\">Trustworthy Source</a>\n\n\t\t<span class=\"ts_name\">The Humane Society of the United States</span>\n\t\t<span class=\"ts_description\">National organization devoted to the promotion of animal welfare</span>\n\n\t\t\t\t<a href=\"#\" class=\"ts_source\" target=\"_blank\" rel=\"nofollow noreferrer noopener\">Go to source</a>\n</span>\n</sup>\n</li>\n</ul>\n"},{"title":"Register your dog with a veterinary clinic.","content":"\n Having an established veterinarian-owner-patient relationship with regular check-ups will help ensure that your dog is as healthy as possible and up-to-date with their vaccinations and parasite control.\n<ul>\n<li>When searching for a vet, be sure to choose one that is nearby to where you live and has good online reviews.</li>\n<li>Go to your vet regularly to minimize your dog’s risk of contracting and spreading dangerous diseases (like rabies or kennel cough) or parasites (like fleas and heartworm). Your vet will keep records to remind you when preventative treatments need to be administered.</li>\n<li>How often you should visit the vet will depend on the health and age of your dog. Puppies will need several appointments in their first year, but a normal, healthy adult dog can generally get by with an annual check-up. Senior dogs who are pushing ten years of age should probably go in at least twice a year.<sup id=\"_ref-9\" class=\"reference\" aria-label=\"Link to Reference 9\"><a href=\"#_note-9\">[9]</a><span class=\"ts_popup \" hidden=\"\" id=\"ts_popup_9\" style=\"display: none;\">\n\t<span class=\"ts_close\">X</span>\n\t\t<span class=\"ts_name\">Research source</span>\n\t\t<span class=\"ts_description\"></span>\n\t\t\t\t<a href=\"#\" class=\"ts_source\" target=\"_blank\" rel=\"nofollow noreferrer noopener\"></a>\n\n</span>\n</sup>\n</li>\n<li>Your vet can also help you decide when it’s time to let go. When your pet is stuck in a cycle of incurable suffering due to sickness or old age, the best thing you can do for them is to seek your vet’s help to end your pet's life humanely.<sup id=\"_ref-10\" class=\"reference trusted\" aria-label=\"Link to Reference 10\"><a href=\"#_note-10\">[10]</a><span class=\"ts_popup trustedsource\" hidden=\"\" id=\"ts_popup_10\" style=\"display: none;\">\n\t<span class=\"ts_close\">X</span>\n\t\t<a class=\"ts_trustworthy\" href=\"/wikiHow:Delivering-a-Trustworthy-Experience\">Trustworthy Source</a>\n\n\t\t<span class=\"ts_name\">American Kennel Club</span>\n\t\t<span class=\"ts_description\">The American Kennel Club (AKC) is a purebred dog pedigree registry in the United States. The AKC advocates for the responsible ownership of dogs and promotes purebred dog events, such as the Westminster Dog Show.</span>\n\n\t\t\t\t<a href=\"#\" class=\"ts_source\" target=\"_blank\" rel=\"nofollow noreferrer noopener\">Go to source</a>\n</span>\n</sup>\n</li>\n</ul>\n"},{"title":"Neuter or spay your dog.","content":"\n Responsible dog owners will control their pet’s reproduction. Neuter or spay your dog as soon as your vet recommends doing so to prevent unwanted litters adding to the numbers in shelters as well as adolescent behavior problems that arise from sex hormones.\n<ul>\n<li>Alternative options are available, too, such as Vasectomy, Neutering, Tubal Ligation and Ovary-Sparing Spay (OSS). While harder to come by, they come with less long term health risks than spaying and neutering. Spaying and neutering comes with many associated health risks such as different types of cancers, orthopedic disorders and cardiac hemangiosarcoma.<sup id=\"_ref-12\" class=\"reference\" aria-label=\"Link to Reference 12\"><a href=\"#_note-12\">[12]</a><span class=\"ts_popup \" hidden=\"\" id=\"ts_popup_12\" style=\"display: none;\">\n\t<span class=\"ts_close\">X</span>\n\t\t<span class=\"ts_name\">Research source</span>\n\t\t<span class=\"ts_description\"></span>\n\t\t\t\t<a href=\"#\" class=\"ts_source\" target=\"_blank\" rel=\"nofollow noreferrer noopener\"></a>\n\n</span>\n</sup>\n</li>\n<li>The recovery time from the procedure should be relatively short. You'll just need to keep your dog relaxed and prevent them from licking their wound while they heal.<sup id=\"_ref-13\" class=\"reference trusted\" aria-label=\"Link to Reference 13\"><a href=\"#_note-13\">[13]</a><span class=\"ts_popup trustedsource\" hidden=\"\" id=\"ts_popup_13\" style=\"display: none;\">\n\t<span class=\"ts_close\">X</span>\n\t\t<a class=\"ts_trustworthy\" href=\"/wikiHow:Delivering-a-Trustworthy-Experience\">Expert Source</a>\n\n\t\t<span class=\"ts_name\"></span>\n\t\t\t<a class=\"ts_expert_link\" href=\"/Author/Brian-Bourquin-DVM\"><span class=\"ts_expert_image\"><picture><source type=\"image/webp\" srcset=\"/images/thumb/5/5d/Brian_Bourquin2.png/-crop-100-100-99px-Brian_Bourquin2.png.webp\"><img src=\"/images/thumb/5/5d/Brian_Bourquin2.png/-crop-100-100-99px-Brian_Bourquin2.png\" alt=\"Brian Bourquin, DVM\" loading=\"lazy\" width=\"30\" height=\"30\" style=\"max-width: 30px\"></picture></span>Brian Bourquin, DVM<br><span class=\"ts_blurb\">Veterinarian</span></a>\n\n\t\t<span class=\"ts_description\">Expert Interview.  20 December 2019.</span>\n\n</span>\n</sup>\n</li>\n</ul>\n"}]},{"title":"Creating a Safe Environment","tasks":[{"title":"Create a space suited to your dog.","content":"\n Dogs need appropriate shelter. At minimum, that means space to move around, climate control, and clean bedding.\n<ul>\n<li>Start by picking a dog that’s suited to the space you have. For instance, it’s not a good idea to get an active, territorial breed, like a German Shepard, if you live in a studio apartment. Don’t get a high-energy dog like a Border Collie if you don’t have a yard or nearby field where it can run around.</li>\n<li>Keep your dog warm in cold weather and cool in hot weather. Because of their fur and limited perspiration, dogs are easily affected by the heat. Never leave them in a car or place without shade. If it feels too cold for you to be outside, it's too cold for your dog to be outside as well.<sup id=\"_ref-15\" class=\"reference trusted\" aria-label=\"Link to Reference 15\"><a href=\"#_note-15\">[15]</a><span class=\"ts_popup trustedsource\" hidden=\"\" id=\"ts_popup_15\" style=\"display: none;\">\n\t<span class=\"ts_close\">X</span>\n\t\t<a class=\"ts_trustworthy\" href=\"/wikiHow:Delivering-a-Trustworthy-Experience\">Expert Source</a>\n\n\t\t<span class=\"ts_name\"></span>\n\t\t\t<a class=\"ts_expert_link\" href=\"/Author/Brian-Bourquin-DVM\"><span class=\"ts_expert_image\"><picture><source type=\"image/webp\" srcset=\"/images/thumb/5/5d/Brian_Bourquin2.png/-crop-100-100-99px-Brian_Bourquin2.png.webp\"><img src=\"/images/thumb/5/5d/Brian_Bourquin2.png/-crop-100-100-99px-Brian_Bourquin2.png\" alt=\"Brian Bourquin, DVM\" loading=\"lazy\" width=\"30\" height=\"30\" style=\"max-width: 30px\"></picture></span>Brian Bourquin, DVM<br><span class=\"ts_blurb\">Veterinarian</span></a>\n\n\t\t<span class=\"ts_description\">Expert Interview.  20 December 2019.</span>\n\n</span>\n</sup>\n</li>\n<li>Give your dog a designated place to sleep, whether it be a blanket, dog bed, or crate. If you choose to use a crate, be sure that it’s just big enough for your dog to stand up, sit, lie down, and turn around in.<sup id=\"_ref-16\" class=\"reference\" aria-label=\"Link to Reference 16\"><a href=\"#_note-16\">[16]</a><span class=\"ts_popup \" hidden=\"\" id=\"ts_popup_16\" style=\"display: none;\">\n\t<span class=\"ts_close\">X</span>\n\t\t<span class=\"ts_name\">Research source</span>\n\t\t<span class=\"ts_description\"></span>\n\t\t\t\t<a href=\"#\" class=\"ts_source\" target=\"_blank\" rel=\"nofollow noreferrer noopener\"></a>\n\n</span>\n</sup>\n</li>\n<li>When you first bring a new puppy home, it is especially important to have a specific area available only for your puppy. If there are other pets in the home, such as a cat, it is crucial to keep them separated for at least one to two weeks. During that time, they will adjust to each other by scent and will be less likely to provoke each other later.<sup id=\"_ref-17\" class=\"reference\" aria-label=\"Link to Reference 17\"><a href=\"#_note-17\">[17]</a><span class=\"ts_popup \" hidden=\"\" id=\"ts_popup_17\" style=\"display: none;\">\n\t<span class=\"ts_close\">X</span>\n\t\t<span class=\"ts_name\">Research source</span>\n\t\t<span class=\"ts_description\"></span>\n\t\t\t\t<a href=\"#\" class=\"ts_source\" target=\"_blank\" rel=\"nofollow noreferrer noopener\"></a>\n\n</span>\n</sup>\n</li>\n</ul>\n"},{"title":"Make your home safe.","content":"\n “Dog-proof” your house before your pet arrives. That means moving anything that’s valuable and/or breakable out of their reach, blocking access to any area you want to be dog-free, and securely storing any potentially toxic substances.\n<ul>\n<li>Keep garbage cans either out-of-reach (in a low cabinet or in a closed pantry), or make them impossible to get into (using a can with a closed lid). Dogs are often attracted to eating garbage. If you don’t deny them access to it, it’ll create a mess for you to clean up and health problems for them.</li>\n<li>Keep cleaning agents and other poisonous household substances, like antifreeze, out-of-reach.</li>\n</ul>\n"},{"title":"Let your dog out regularly.","content":"\n Grown-up dogs need to urinate at least every 8 to 10 hours; puppies every few hours. Besides taking your pet on walks, get in the habit of letting them out first thing in the morning, directly before bed, and after mealtimes. Doing so will keep them healthy and your floors safe from accidents.\n<ul><li>Make regular stops if you take your dog on a long road trip, so that he can get out for some exercise and have a drink of water. Never leave your dog unattended in the car!</li></ul>\n"},{"title":"Make your yard secure.","content":"\n It’s essential to let your dog out, so be sure that the outside is safe for their sake and contained for the sake of your neighbors. Outdoor areas should have a controlled border, established by physical or invisible fencing. Keep dangerous tools (like axes) and substances (like fertilizer) in locked storage.\n<ul>\n<li>Check for holes in the fences or gates, especially if you have a small dog. If you have a puppy, you might want to put wire over gates with gaps in them as very small dogs may be able to fit through the bars.</li>\n<li>Some plants, like poinsettias or holly bushes, are poisonous to dogs. Do an online search for which species are toxic to canines, and then keep them out of reach or remove them to keep your dog safe.</li>\n</ul>\n"},{"title":"Get the proper supplies.","content":"\n At the very least, you’ll need a food dish, water bowl, collar and/or harness, leash, toys, and bedding. Many people also get a carrier case and crate. Local pet shops can help you pick the most appropriate supplies for your breed of dog.\n"}]},{"title":"Taking Responsibility for Your Dog","tasks":[{"title":"Tag and microchip your dog.","content":"\n These identification services are available through most vets and are essential to your dog’s safety. If you ever lose them, local authorities will be easily able to track you down if your information is up-to-date in the associated databases.\n"},{"title":"Monitor your dog’s behavior.","content":"\n You are responsible for ensuring that your dog doesn’t have a negative impact on other people or animals.\n<ul>\n<li>Besides being sure that your dog is under control and supervised at all times when in public, responsible dog owners will get to know their pet’s patterns of behavior so that they can anticipate any issues. For instance, if you notice that your dog growls at strollers, give them a wide berth whenever possible until your dog grows more comfortable with them.</li>\n<li>It’s always the best policy to avoid putting your dog in situations that you know will make them uncomfortable. For example, if your dog is suspicious of or aggressive towards other dogs, it’s not a good idea to let them loose in a crowded dog park because that is not setting them up to behave well.</li>\n</ul>\n"},{"title":".","content":"\nSocialize your dog Gradually introduce your dog to new people and environments. Exposing them to a variety of people and places will help them be more comfortable with the world around them.\n<ul>\n<li>Socialization is a slow process, so don’t ask too much of your dog all at once. For instance, if you’re dog has not been in crowds before, it’s not a good idea to take them to an outdoor carnival. You want them to continuously learn more about the world, but you don’t want to overwhelm them.</li>\n<li>When your dog remains calm with new people and settings, reward their good behavior with praise and/or treats.</li>\n</ul>\n"},{"title":"Train your dog","content":"\n<a href=\"/Train-a-Dog\" title=\"Train a Dog\"><b class=\"whb\">Train your dog</b></a> Obedience training and socialization classes can help ensure that your dog will become a well-mannered family and community member. Training will strengthen your bond with your pet, prevent or correct unwanted behaviors, and create a well-balanced, happy pooch.\n<ul>\n<li>At the very least, every dog should know basic commands, including \"sit,\" \"stay,\" \"lie down,\" \"come,\" and \"heel.\" You might see variations on these command phrases, but the behaviors that they need to learn are the same: responding to you immediately, exercising self-control, staying in a given position, coming at your request, and walking well on a leash.<sup id=\"_ref-24\" class=\"reference\" aria-label=\"Link to Reference 24\"><a href=\"#_note-24\">[24]</a><span class=\"ts_popup \" hidden=\"\" id=\"ts_popup_24\" style=\"display: none;\">\n\t<span class=\"ts_close\">X</span>\n\t\t<span class=\"ts_name\">Research source</span>\n\t\t<span class=\"ts_description\"></span>\n\t\t\t\t<a href=\"#\" class=\"ts_source\" target=\"_blank\" rel=\"nofollow noreferrer noopener\"></a>\n\n</span>\n</sup>\n</li>\n<li>Ask your vet, local animal shelter, breeder, or fellow dog owners for trainer recommendations.</li>\n<li>Positive reinforcement, like rewarding your dog with treats or praise when it does something right, is the most effective training method.<sup id=\"_ref-25\" class=\"reference trusted\" aria-label=\"Link to Reference 25\"><a href=\"#_note-25\">[25]</a><span class=\"ts_popup trustedsource\" hidden=\"\" id=\"ts_popup_25\" style=\"display: none;\">\n\t<span class=\"ts_close\">X</span>\n\t\t<a class=\"ts_trustworthy\" href=\"/wikiHow:Delivering-a-Trustworthy-Experience\">Expert Source</a>\n\n\t\t<span class=\"ts_name\"></span>\n\t\t\t<a class=\"ts_expert_link\" href=\"/Author/Brian-Bourquin-DVM\"><span class=\"ts_expert_image\"><picture><source type=\"image/webp\" srcset=\"/images/thumb/5/5d/Brian_Bourquin2.png/-crop-100-100-99px-Brian_Bourquin2.png.webp\"><img src=\"/images/thumb/5/5d/Brian_Bourquin2.png/-crop-100-100-99px-Brian_Bourquin2.png\" alt=\"Brian Bourquin, DVM\" loading=\"lazy\" width=\"30\" height=\"30\" style=\"max-width: 30px\"></picture></span>Brian Bourquin, DVM<br><span class=\"ts_blurb\">Veterinarian</span></a>\n\n\t\t<span class=\"ts_description\">Expert Interview.  20 December 2019.</span>\n\n</span>\n</sup>\n</li>\n<li>Contract a trainer via phone or visit their website to verify their qualifications. Make sure that the trainer you pick has significant experience, can offer good references, and uses humane methods of “positive reinforcement.” Never go to a trainer whose methods involve physical restraint or violence.</li>\n</ul>\n"},{"title":"Pick up after your dog.","content":"\n Make sure that your canine is leaving no trace on the environment. Always dispose of your dog's waste in the proper manner and immediately address other damage they might cause, for instance, by filling in any holes they may dig.\n<ul>\n<li>Use a bag to pick up your dog’s feces and dispose of it right away in an authorized trash receptacle. Consider using biodegradable bags to minimize your environmental impact.</li>\n<li>Besides being considerate to your neighbors, cleaning up waste helps prevent the spread of disease.</li>\n</ul>\n"},{"title":"Keep your dog leashed in public at all times.","content":"\n This will prevent your dog from running away, chasing animals, or jumping on other dogs or people.\n<ul>\n<li>Oftentimes, local law insists that you keep your dog on a leash, so you risk fines if you don’t observe it. Be sure you’re familiar with the dog-related regulations in your area.</li>\n<li>If you’d like to let your dog loose, find an off-lead dog park where they can run free.</li>\n</ul>\n"}]},{"title":"Ensuring Your Dog’s Happiness","tasks":[{"title":"Be a devoted, consistent friend.","content":"\n Dogs are social creatures, and you’re the center of their universe. They don’t like to be left alone all day. If you’re going to have one as a pet, be sure that you plan on being around more often than not. It’s not fair to your dog to leave them unattended for long periods and may lead to behavioral issues like aggression and anxiety.\n<ul><li>Many pet owners who work during the day get a companion pet for their dogs so that they can keep each other company. You should also consider having a friend or family member visit your pooch, taking them to doggy daycare, or hiring a dog-walker to get your pet out of the house.</li></ul>\n"},{"title":"Exercise your dog","content":"\n<a href=\"/Exercise-Your-Dog\" title=\"Exercise Your Dog\"><b class=\"whb\">Exercise your dog</b></a> Your dog needs daily exercise for the sake of their health and well-being. Play with them, and take them for at least one, but preferably two, walks a day to ensure they’re getting enough physical and mental stimulation.\n<ul>\n<li>Without proper exercise, your dog will become bored and many behavior problems may arise (like chewing, excessive barking, jumping, and hyperactivity).</li>\n<li>\n<a href=\"/Play-with-Your-Dog\" title=\"Play with Your Dog\">Play with your dog</a>. Canines have instincts to chew, fetch, chase, hunt, spar, dig, and herd. Help them exercise these instincts in constructive ways through supervised play. For instance, if your dog loves to hunt things, get them a toy that they can safely chase after, like a wooly chew toy at the end of a long rope. That way, your dog can act on their instinct while keeping them away from real animals and at a safe distance from you.<sup id=\"_ref-30\" class=\"reference trusted\" aria-label=\"Link to Reference 30\"><a href=\"#_note-30\">[30]</a><span class=\"ts_popup trustedsource\" hidden=\"\" id=\"ts_popup_30\" style=\"display: none;\">\n\t<span class=\"ts_close\">X</span>\n\t\t<a class=\"ts_trustworthy\" href=\"/wikiHow:Delivering-a-Trustworthy-Experience\">Trustworthy Source</a>\n\n\t\t<span class=\"ts_name\">American Society for the Prevention of Cruelty to Animals</span>\n\t\t<span class=\"ts_description\">Leading organization dedicated to the prevention of animal cruelty</span>\n\n\t\t\t\t<a href=\"#\" class=\"ts_source\" target=\"_blank\" rel=\"nofollow noreferrer noopener\">Go to source</a>\n</span>\n</sup>\n</li>\n</ul>\n"},{"title":"Give your dog mental exercise.","content":"\n Besides working their bodies, you should work your dog’s mind. This means giving them specific tasks (like fetching or finding something) and rewarding them for completing them (with praise and/or treats).\n<ul><li>Most breeds love to have jobs. Giving them work to do will make them more alert and boost their sense of well-being.</li></ul>\n"},{"title":"Groom your dog","content":"\n<a href=\"/Groom-a-Dog\" title=\"Groom a Dog\"><b class=\"whb\">Groom your dog</b></a> Besides brushing them regularly, you’ll need to occasionally bathe your dog, keep their toe nails clipped, and see that their coat is neatly trimmed. You can consult with an expert to learn how to do these tricky processes yourself or go to a professional groomer to get the job done.\n<ul>\n<li>Comb your dog’s coat at least once a week (or more for long-haired dogs) to control shedding and keep their fur from getting tangled and matted. Brushing can also help clean your dog’s skin and distribute its natural oils. Be sure to use a brush that’s appropriate for your dog’s size and hair length.<sup id=\"_ref-33\" class=\"reference trusted\" aria-label=\"Link to Reference 33\"><a href=\"#_note-33\">[33]</a><span class=\"ts_popup trustedsource\" hidden=\"\" id=\"ts_popup_33\" style=\"display: none;\">\n\t<span class=\"ts_close\">X</span>\n\t\t<a class=\"ts_trustworthy\" href=\"/wikiHow:Delivering-a-Trustworthy-Experience\">Trustworthy Source</a>\n\n\t\t<span class=\"ts_name\">American Society for the Prevention of Cruelty to Animals</span>\n\t\t<span class=\"ts_description\">Leading organization dedicated to the prevention of animal cruelty</span>\n\n\t\t\t\t<a href=\"#\" class=\"ts_source\" target=\"_blank\" rel=\"nofollow noreferrer noopener\">Go to source</a>\n</span>\n</sup>\n</li>\n<li>Only <a href=\"/Wash-a-Dog\" title=\"Wash a Dog\">bathe your dog</a> when it’s absolutely necessary. Frequent washing can dry out the natural oils in their skins, leaving your pet with constant itches and rashes. When you do, use a mild dog shampoo and warm water. Since dogs have sensitive ears, only wash them from the neck down.</li>\n<li>Keep your dog’s nails short to keep them comfortable and avoid them scratching up your house. Be sure to consult with a groomer or vet about how to clip your dog’s nails before you do it yourself. It’s a tricky process that can easily harm your pet if you do it wrong, so learn the right method from an expert or leave it to a trained professional.<sup id=\"_ref-34\" class=\"reference trusted\" aria-label=\"Link to Reference 34\"><a href=\"#_note-34\">[34]</a><span class=\"ts_popup trustedsource\" hidden=\"\" id=\"ts_popup_34\" style=\"display: none;\">\n\t<span class=\"ts_close\">X</span>\n\t\t<a class=\"ts_trustworthy\" href=\"/wikiHow:Delivering-a-Trustworthy-Experience\">Trustworthy Source</a>\n\n\t\t<span class=\"ts_name\">Washington State University College of Veterinary Medicine</span>\n\t\t<span class=\"ts_description\">Leading veterinary medicine training institution and biomedical research center</span>\n\n\t\t\t\t<a href=\"#\" class=\"ts_source\" target=\"_blank\" rel=\"nofollow noreferrer noopener\">Go to source</a>\n</span>\n</sup>\n</li>\n<li>Some canines are more high-maintenance than others. If you have a breed that requires grooming, like a Poodle or Pekingese, make sure you have a regular appointment set up with a professional groomer.<sup id=\"_ref-35\" class=\"reference\" aria-label=\"Link to Reference 35\"><a href=\"#_note-35\">[35]</a><span class=\"ts_popup \" hidden=\"\" id=\"ts_popup_35\" style=\"display: none;\">\n\t<span class=\"ts_close\">X</span>\n\t\t<span class=\"ts_name\">Research source</span>\n\t\t<span class=\"ts_description\"></span>\n\t\t\t\t<a href=\"#\" class=\"ts_source\" target=\"_blank\" rel=\"nofollow noreferrer noopener\"></a>\n\n</span>\n</sup>\n</li>\n</ul>\n"}]}],"questions":[{"title":"What every dog owner should know?","content":"Pick dog food carefully. As a general rule of thumb, look for a dog food that contains ingredients you recognize and can pronounce so you're not feeding your dog a lot of unknown additives and ingredients."},{"title":"How do you feed puppies that will become a giant breed?","content":"It's important that you get a puppy food that says it's for large or giant breeds so your puppy is getting all of the nutritional requirements it needs. Make sure a healthy, large-breed dog food makes up the majority of your puppy's diet."}]}