{"meta":{"description":"The Monks of New Skete are widely respected for their work with German Shepherd dogs. This article will summarize their advice, but to apply their principles it's best to read the book.","title":"Be Your Dog%27s Best Friend (Monks of New Skete Method)"},"todo_list":[{"title":"Steps","tasks":[{"title":"See your dog as a reflection of yourself.","content":"\n This is not required, but it does shed light on how the monks view and treat their dogs.\n<ul>\n<li>\"On a deeper level, when we pay close attention, dogs mirror us back to ourselves in unmistakable ways that, if we are open, foster understanding and change.\"</li>\n<li>\"You can't become a better trainer without becoming a better human being.\"</li>\n</ul>\n\n"},{"title":"Create a genuinely positive, encouraging attitude whenever you work with your dog.","content":"\n Dogs are very perceptive and will pick up on your negative emotions. Before training your dog, take a few deep breaths and clear your mind. Visualize the training session you're about to have with your dog. When you feel calm and ready, proceed.\n"},{"title":"Include your dog in your life on as many different levels as possible.","content":"\n\n"},{"title":"Use eye contact to communicate.","content":"\n Use gentle looks to foster acceptance and trust. Use piercing and sustained eye contact when your dog has done something it should not do, and <i>knows</i> it should not do (such as snapping at strangers).\n"},{"title":"Approach training holistically.","content":"\n It's not just a set of exercises contained within sessions, though that is important.\n"},{"title":"Understand your dog's roots.","content":"\n Learn about wolf behavior. Investigate the breed of your dog, and what that breed was intended to do.\n"},{"title":"Use praise as a foundation, not just as a reward.","content":"\n Many people use praise to \"bribe\" their dog, and that's something a dog can easily see through. Praise your dog generously and genuinely. Find out what kind of praise animates your dog; experiment! Use both physical and verbal praise.\n<ul><li>\"Praise is an attitude, a stance. Dogs who live in an atmosphere of praise come to love the human voice. They are more trusting and accepting. They are approachable by strangers but not demanding. Dogs confident of praise from their owners do not live o the edge of an emotional abyss, always seeking out attention and sulking when they do not get it. If praise is part of your attitude toward your dog, you have a rich and exciting relationship ahead.\"</li></ul>\n"},{"title":"Use discipline with meaning and care.","content":"\n\n<ul>\n<li>Never call a dog to you to discipline him. Always go to the dog, even if it means you have to chase him.</li>\n<li>Don't use objects to discipline or punish.</li>\n<li>Don't use your dog's name when correcting behavior.</li>\n<li>Discipline in proportion to the offense. Verbal discipline and leash corrections can fix most offenses.</li>\n<li>Make eye contact as you discipline.</li>\n<li>Be dramatic.</li>\n<li>Stop paying attention to the dog for about 30 minutes after a stern correction. Just be passive and avoid eye contact, you do not need to be aggressive or vocal at all. Then make up with your dog by taking him for a walk or giving him his favorite toy. It doesn't have to be dramatic, just resume your normal relationship.</li>\n<li>\"Watch yourself - owners who are physically or verbally domineering wind up with cringing, neurotic dogs. Discipline, like praise, must be meaningful. It must communicate the owner's displeasure clearly, and on the dog's level of understanding and perception, for unacceptable behavior.\"</li>\n</ul>\n"},{"title":"Keep your dog healthy.","content":"\n\n"}]}],"questions":[{"title":"How do I introduce a new puppy to the senior home dog?","content":"Make sure to have both on a leash. Have two people doing it, with each person having one dog. Then watch them carefully. But DO NOT always pull back each time they get near each other or sniff each other. It will make them think there is something to be fearful of or tense about. They can feel if you are tense or very alert. Let them sniff each other's rear ends. This is how they sniff out the \"dominance\"."},{"title":"Who exactly are the Monks of New Skete?","content":"The Monks of New Skete are actual monks that have developed a dog training method. The method helps to stop a dog's nuisance behavior and promotes a strong bond between dog and owner."},{"title":"What kind of treats or bones do I give the pups and dogs?","content":"On packets it should say ages, for example 6 months plus. Find the right packet for your dog's age and reward your pups and dogs with treats for good behavior."}]}