{"meta":{"description":"The beach is a fun outing to take with your dog. Many dogs enjoy running across the sand, playing in the water, and swimming for hours. As fun as a trip to the beach can be, it requires planning and for you to be aware of the potential dangers associated so you and your dog can both have a fun and safe time.","title":"Care for Your Dog on the Beach"},"todo_list":[{"title":"Preparing for the Beach","tasks":[{"title":"Find out whether your dog likes to swim.","content":"\n Some breeds are natural born swimmers, like Labrador Retrievers, while other breeds are less adept in the water. Before you take your dog to the beach, where water conditions will be rougher and less predictable than a pool or shallow pond, you should know your dog’s swimming skills.\n<ul>\n<li>If your dog enjoys swimming but is not a strong swimmer, consider purchasing a dog life vest to help them float. A life vest does not replace supervision and attention.</li>\n<li>Even if your dog does not enjoy swimming, they may still enjoy being with you on the beach and exploring away from the water.</li>\n</ul>\n\n"},{"title":"Find a beach and obey rules.","content":"\n Whether you are on vacation or live close to a beach, you will need to make sure the beach allows dogs. If they do not allow dogs, respect that rule and find a different beach to go to. Check the website of the town or county that you'll be in to see whether the beach is designated as a dog-friendly area.\n<ul>\n<li>Websites like PetFriendlyTravel compile lists of dog-friendly beaches in different states across the United States. Search the Internet for \"dog-friendly beach (insert the name of your location\" to see local results.<sup id=\"_ref-2\" class=\"reference\" aria-label=\"Link to Reference 2\"><a href=\"#_note-2\">[2]</a><span class=\"ts_popup \" hidden=\"\" id=\"ts_popup_2\" style=\"display: none;\">\n\t<span class=\"ts_close\">X</span>\n\t\t<span class=\"ts_name\">Research source</span>\n\t\t<span class=\"ts_description\"></span>\n\t\t\t\t<a href=\"#\" class=\"ts_source\" target=\"_blank\" rel=\"nofollow noreferrer noopener\"></a>\n\n</span>\n</sup>\n</li>\n<li>Some local ordinances require that dogs be on a leash at all times, be mindful of this as well.</li>\n</ul>\n"},{"title":"Avoid rough conditions.","content":"\n Check the local weather to see whether there are storms or rain expected in the area. Some beaches have rougher water than others, have strong currents, or tides that change dramatically. While you should expect some waves, calmer water is generally safer for your dog to play in.\n<ul>\n<li>Dogs that enjoy swimming or playing in the water at the beach are at risk of being hurt by rough waves.</li>\n<li>If weather or water conditions are poor, consider rescheduling your beach trip for another day.</li>\n</ul>\n"},{"title":"Pack plenty of water.","content":"\n Fill a beach cooler with plenty of fresh water both for you and for your dog. Dogs can easily become dehydrated in hot weather and need to drink water frequently to stay cool.\n<ul>\n<li>A lightweight and collapsible bowl is a good alternative to having your dog drink from a water bottle.</li>\n<li>Access to fresh water can also help prevent your dog from drinking too much salt water. A few gulps of salt water will not be harmful for your dog but it will dehydrate them if they continue to drink it rather than fresh water.</li>\n</ul>\n"},{"title":"Pack the essentials.","content":"\n While you’ve probably already thought through the beach gear that you and your family will need for your outing, there are also a few essentials that will make your trip smooth and enjoyable for your pet. These include:\n<ul>\n<li>Treats. Pack a handful of treats in a re-sealable bag for your dog to enjoy. These can be particularly useful to entice a wandering dog to come back to your area and to reward good behavior. Pick treats that don’t melt easily in heat or moisture.</li>\n<li>Leash. Even if the beach allows dogs to be off-leash, you will need a leash to safely walk your dog from the parking lot or street to the beach. If the beach does require leashes, consider bringing one regular leash and one extra long leash so your dog can have some independence.</li>\n<li>Toys. Toys are a great way to make the beach trip even more enjoyable. Pack toys that can be used in water, like buoyant rubber balls, and can be easily cleaned. Leave the plush toys at home since they will get sandy and wet quickly.</li>\n<li>Disposable plastic bags. You will need to clean up after your dog so bring along a few disposable plastic bags or the waste bags that you typically use.</li>\n</ul>\n"},{"title":"Provide shade.","content":"\n In hot weather, dogs need breaks from the sun. Playing, swimming, and running dogs can become overheated and dehydrated easily, especially in hot temperatures.  Use a sun umbrella or a beach tent that is large enough for you, your dog, and whoever else might be joining you to sit together comfortably.\n<ul><li>Some beaches have natural shaded areas but you won’t know whether those areas are already occupied until you’ve already arrived at the beach.</li></ul>\n"},{"title":"Check your dog's identification.","content":"\n Regardless of whether the beach requires dogs to be on leashes or not, your dog should always be wearing a collar with identification tags. It is illegal in many areas for dogs to be without identification, and identification is absolutely necessary if your dog is playing off leash. Before you leave, check your dog's identification tags to make sure they are legible and up to date. \n"}]},{"title":"Playing at the Beach","tasks":[{"title":"Introduce them to the water slowly.","content":"\n If this is your dog’s first trip to the beach, let them take their time adjusting to the currents and waves. Even for strong swimmers, waves can easily knock dogs down and pull them out to sea.\n<ul>\n<li>Never throw your dog into the water, this can be a frightening experience and a frightened dog will struggle to swim.</li>\n<li>Start in shallow water where they can stand and coax them in with a treat or toy. Stay within arm’s reach of your dog so you are always in a position to help them if they need it.</li>\n</ul>\n"},{"title":"Protect their paws.","content":"\n Sand gets hot very quickly and the pads of your dog’s feet are sensitive to these extreme temperatures. Test the sand for yourself, if it is too hot to walk on barefoot it’s too hot for your dog.\n<ul>\n<li>Dog booties add a layer between your dog’s paw and the hot sand below. Not all dogs are used to wearing booties so they will take some getting used too. You can find dog booties at large retailers, pet stores, and online. They may be marketed as snow booties but can also be used at the beach.</li>\n<li>Apply a paw wax product that protects your dog’s paws feet from hot surfaces. You can find a paw wax at pet stores and online through manufacturers' websites.<sup id=\"_ref-4\" class=\"reference\" aria-label=\"Link to Reference 4\"><a href=\"#_note-4\">[4]</a><span class=\"ts_popup \" hidden=\"\" id=\"ts_popup_4\" style=\"display: none;\">\n\t<span class=\"ts_close\">X</span>\n\t\t<span class=\"ts_name\">Research source</span>\n\t\t<span class=\"ts_description\"></span>\n\t\t\t\t<a href=\"#\" class=\"ts_source\" target=\"_blank\" rel=\"nofollow noreferrer noopener\"></a>\n\n</span>\n</sup>\n</li>\n</ul>\n"},{"title":"Provide sun protection.","content":"\n Like humans, dogs can get sunburns. Dogs that have light colored coats, are shaved, or have pink noses and skin are at a greater risk of becoming sunburnt. Apply dog sunscreen to areas that are not protected by fur, like their noses, tips of ears, bellies, and any hairless bald spots.\n<ul>\n<li>Sunscreens designed for sensitive skin, babies, and dogs are usually fine to use as long as they do not contain zinc oxide, which is toxic to dogs. Check with your veterinarian if you are concerned about the sunscreen you’re using on your dog or if you need a recommendation.</li>\n<li>Reapply your dog's sunscreen every hour to ensure that they stay protected throughout the day.</li>\n</ul>\n"},{"title":"Be aware of temperature extremes.","content":"\n Especially during the summer, it is easy for your dog to become overheated after running and playing along the beach. Dogs can become easily overheated in hot weather, especially those with long coats, dark colored fur, thick coats, or are overweight.\n<ul><li>Signs of heat stroke in dogs include rapid panting, a bright red tongue, weakness, vomiting, and thick saliva. If you suspect your dog has heat stroke move them to a shaded area and apply cool (not cold) water all over their body to gradual lower their temperature. Let them drink small amounts of water and apply ice packs or cool towels to their head, neck and chest. Take them to the nearest vet if symptoms persist.</li></ul>\n"},{"title":"Keep your dog in sight.","content":"\n Dogs can get overwhelmed by the sight, smell, and sounds of the beach. If you intend to keep your dog off leash, make sure they stay in an area where they can still hear you when you call for them. The beach can be a dangerous place and dogs need careful supervision.\n<ul>\n<li>Avoid areas that have potential dangers, like fishing docks that may have hooks buried in the sand, broken glass, or rock outcroppings.</li>\n<li>When your dog is swimming, you should also be in the water or at the water's edge so you are close enough to intervene if your dog begins to struggle to swim.</li>\n</ul>\n"},{"title":"Respect other beachgoers.","content":"\n Not all beachgoers want to interact with your dog and may be upset if your pet becomes an unwelcome guest to their beach picnic or tent. Dogs that are left out of sight and are free to roam can easily become a nuisance to others.\n<ul><li>This is especially true with families that have young children. If the family does not have a dog with them you should assume that the children are wary of dogs and that the parents do not want an unwelcome four-legged guest.</li></ul>\n"},{"title":"Keep away from tide pools, if applicable.","content":"\n Tide pools are shallow pools of water where plants and sea creatures like crabs live. They are often surrounded by rocky areas that can cut the pads of your dog’s feet.\n<ul><li>As a general rule, keep your dog away from rock outcroppings. These can become very slippery and can easily cut your pet.</li></ul>\n"},{"title":"Keep your dog away from beach wildlife.","content":"\n This refers to the animals and birds that make the beach their home. Dogs can destroy wildlife nests and injure birds in the matter of seconds.\n<ul>\n<li>If there any protected wildlife areas near the beach, keep your dog away from these.</li>\n<li>Sick or injured beach wildlife may carry diseases as well.</li>\n<li>Some wildlife also can pose a threat to your dog. Keep your dog away from any seals or sea lions and flocks of seabirds.</li>\n</ul>\n"},{"title":"Pick up after your dog.","content":"\n It is common courtesy to pick up and dispose of your dog’s waste while on the beach. Bring disposable plastic bags to clean up after your dog.\n<ul><li>Likewise, remember to bring any toys or items that you’ve brought home with you.</li></ul>\n"}]},{"title":"Coming Home from the Beach","tasks":[{"title":"Rinse off sand.","content":"\n Sand has a reputation for getting everywhere, and most dogs love to dig and roll around in it. You will not be able to get rid of all of the sand in your dog’s coat but a quick rinse with fresh water can help to remove large clumps.\n<ul><li>Line your car seat with a durable material that is easy to clean.<sup id=\"_ref-7\" class=\"reference\" aria-label=\"Link to Reference 7\"><a href=\"#_note-7\">[7]</a><span class=\"ts_popup \" hidden=\"\" id=\"ts_popup_7\" style=\"display: none;\">\n\t<span class=\"ts_close\">X</span>\n\t\t<span class=\"ts_name\">Research source</span>\n\t\t<span class=\"ts_description\"></span>\n\t\t\t\t<a href=\"#\" class=\"ts_source\" target=\"_blank\" rel=\"nofollow noreferrer noopener\"></a>\n\n</span>\n</sup>\n</li></ul>\n"},{"title":"Dry your dog off.","content":"\n Before you leave the beach and head home, you will need to dry your dog off. Seawater will start to smell even an hour after you leave the beach. Dry off your dog with thick towels to help avoid the smell lingering in your car as you leave the beach.\n<ul><li>Saltwater can also begin to irritate your dog’s skin after prolonged contact. Dried salt will also begin to itch so your dog will be grateful for the rub down!<sup id=\"_ref-8\" class=\"reference\" aria-label=\"Link to Reference 8\"><a href=\"#_note-8\">[8]</a><span class=\"ts_popup \" hidden=\"\" id=\"ts_popup_8\" style=\"display: none;\">\n\t<span class=\"ts_close\">X</span>\n\t\t<span class=\"ts_name\">Research source</span>\n\t\t<span class=\"ts_description\"></span>\n\t\t\t\t<a href=\"#\" class=\"ts_source\" target=\"_blank\" rel=\"nofollow noreferrer noopener\"></a>\n\n</span>\n</sup>\n</li></ul>\n"},{"title":"Rehydrate.","content":"\n Even though you’ve provided plenty of fresh water for your dog to drink while you were at the beach, they will need to continue to rehydrate after you leave.\n<ul>\n<li>Make sure they have plenty of water to drink after you leave and when you return home.</li>\n<li>This is especially true if your dog has been very active and has been spending hours playing.</li>\n</ul>\n"},{"title":"Dry their ears.","content":"\n Dogs that are prone to ear infections need their ears wiped out and dried after they leave the beach. Water can easily get trapped in the inner ear and salt water can cause irritation to the skin.\n<ul>\n<li>Use a soft and absorbent gauze to dry their ears since paper and cotton towels can leave behind fibers. <sup id=\"_ref-9\" class=\"reference trusted\" aria-label=\"Link to Reference 9\"><a href=\"#_note-9\">[9]</a><span class=\"ts_popup trustedsource\" hidden=\"\" id=\"ts_popup_9\" style=\"display: none;\">\n\t<span class=\"ts_close\">X</span>\n\t\t<a class=\"ts_trustworthy\" href=\"/wikiHow:Delivering-a-Trustworthy-Experience\">Trustworthy Source</a>\n\n\t\t<span class=\"ts_name\">American Kennel Club</span>\n\t\t<span class=\"ts_description\">The American Kennel Club (AKC) is a purebred dog pedigree registry in the United States. The AKC advocates for the responsible ownership of dogs and promotes purebred dog events, such as the Westminster Dog Show.</span>\n\n\t\t\t\t<a href=\"#\" class=\"ts_source\" target=\"_blank\" rel=\"nofollow noreferrer noopener\">Go to source</a>\n</span>\n</sup>\n</li>\n<li>You can also use a soft cotton tipped stick to clean the folds of your dog's ears, but never use these to clean the ear canal.</li>\n</ul>\n"},{"title":"Bathe","content":"\n<a href=\"/Wash-a-Dog\" title=\"Wash a Dog\"><b class=\"whb\">Bathe</b></a> Once you return home, you may want to bathe your dog. This is your best option to remove remaining sand and to get rid of any lingering seawater smell.\n<ul>\n<li>Salt and minerals can also damage your dog’s coat. A thorough bath is the best way to remove these from their coat and avoid damage to the hair follicles.</li>\n<li>Use a conditioner to reintroduce moisture into your dog's coat.</li>\n</ul>\n"}]}],"questions":[{"title":"How do you keep a dog safe at the beach?","content":"It's a good idea to keep your dog on the leash if they're not good at coming to you, because there are a lot of things that can hurt them at the beach. However, if your dog is good with commands like \"Come,\" and \"Off,\" then it may be safe to have them explore off-leash."}]}