{"meta":{"description":"While you’re away on vacation, you will need to find someone to take care of your dog. You have the option of hiring a pet sitter, using a boarding kennel, or asking a friend to watch your dog for you while you’re away. Each option will have different benefits and costs associated with it, though with some research and planning you will be able to find the best option for you and your pet.","title":"Choose the Right Care for Your Dog While on Vacation"},"todo_list":[{"title":"Choosing a Dog Sitter","tasks":[{"title":"Search for pet sitters in your area.","content":"\n If you’ve decided that you’d like to hire a pet sitter to watch your dog while you’re away, you’ll need to start to identify potential candidates. Searching online, asking for recommendations, and looking for listings in local stores will help you to compile a list of potential hires.\n<ul>\n<li>Organizations like the National Association of Pet Sitters<sup id=\"_ref-2\" class=\"reference\" aria-label=\"Link to Reference 2\"><a href=\"#_note-2\">[2]</a><span class=\"ts_popup \" hidden=\"\" id=\"ts_popup_2\" style=\"display: none;\">\n\t<span class=\"ts_close\">X</span>\n\t\t<span class=\"ts_name\">Research source</span>\n\t\t<span class=\"ts_description\"></span>\n\t\t\t\t<a href=\"#\" class=\"ts_source\" target=\"_blank\" rel=\"nofollow noreferrer noopener\"></a>\n\n</span>\n</sup>and Pet Sitters International<sup id=\"_ref-3\" class=\"reference\" aria-label=\"Link to Reference 3\"><a href=\"#_note-3\">[3]</a><span class=\"ts_popup \" hidden=\"\" id=\"ts_popup_3\" style=\"display: none;\">\n\t<span class=\"ts_close\">X</span>\n\t\t<span class=\"ts_name\">Research source</span>\n\t\t<span class=\"ts_description\"></span>\n\t\t\t\t<a href=\"#\" class=\"ts_source\" target=\"_blank\" rel=\"nofollow noreferrer noopener\"></a>\n\n</span>\n</sup> allow you to enter your zip code to find pet sitters near you.</li>\n<li>Websites like Care.com, SitterCity, Angie’sList may have profiles for local pet sitter that includes their information and their pricing.</li>\n<li>You may also find local postings for pet sitters at pet stores, groomers, and veterinarian offices.</li>\n</ul>\n\n"},{"title":"Ask for recommendations.","content":"\n Speak with other pet owners that you know to see if they have any referrals for reliable pet sitters. A recommendation from a trusted friend may be more reputable than an online listing or advertisement.\n<ul>\n<li>Veterinary technicians often pet sit on the side to earn extra income, so you could start by checking with your veterinarian to see if they have a list of available pet sitters for you to choose from.</li>\n<li>Ask friends and family members that you know have used pet sitters in the past.</li>\n<li>You can also look online to see whether there are reviews of the pet sitters available from past customers. While these can be helpful, you will need to decide how much weight you will give online recommendations.</li>\n</ul>\n"},{"title":"Decide between in-home care or daily visits.","content":"\n With pet sitters, you can decide whether you'd like the pet sitter to stay in your home and watch your dog or have them visit your home each day.\n<ul>\n<li>For pet sitters that visit each day, your dog will be alone for the rest of the time. This is a good option if your dog doesn't mind being alone, but is not ideal for dogs that have separation anxiety or are destructive when left alone.</li>\n<li>In-home pet sitters will cost more, but your dog will be able to spend more time with a human and have their full attention.</li>\n</ul>\n"},{"title":"Look for a pet sitter that is insured.","content":"\n Ideally, the pet sitter will be insured so that you are not liable for any potential accidents that may occur on your property. Check your homeowner's insurance to see what sorts of damages are covered under your policy if the pet sitter is staying in your home.\n<ul><li>This may not be possible if you are using a pet sitter that is not a professional, like a student who pet sits part time.</li></ul>\n"},{"title":"Contact pet sitters ahead of time.","content":"\n Confirm their pricing, see if they offer discounts for multiple dogs if applicable, and double-check their location and their references. Make sure that they are available for the days you’ll be away on vacation. Pet sitters can become fully booked during busy seasons, especially around the holidays, so contact potential sitters with a few weeks' notice.\n<ul>\n<li>Compare prices between your top choices to see if one sitter is significantly more affordable than the other. If possible, don’t let cost deter you from selecting the best sitter. Professional pet sitters will likely charge more, but they are often insured and offer additional services, like GPS tracking or medical care, that others do not.</li>\n<li>For pets with medical conditions, look for pet sitters that have experience dealing with dogs with health problems. If needed, make sure that the pet sitter can administer medication to your dog.</li>\n</ul>\n"},{"title":"Meet with the pet sitter.","content":"\n Ideally, you will be able to meet with the pet sitter before you leave for vacation. If you really trust a recommendation that you’ve received, you may be able to forego this step. During this meeting, you’ll want to confirm that this pet sitter has successfully worked with dogs before, is trustworthy, and gets along with your dog.\n<ul><li>Bring your pet to this meeting, or hold the meeting at your home, so the pet sitter has a chance to meet your dog. If possible, let the pet sitter do a test walk with your dog to see how they handle your dog.</li></ul>\n"},{"title":"Sign a contract with the pet sitter.","content":"\n Now that you’ve met the pet sitter and have decided they are right for your needs, you can officially hire them. The two of you will need to agree on a price and a payment method. It is best to get this in writing, and to also have them sign a contract saying that they will watch your dog during the specified dates.\n<ul><li>Write a covering letter and give it to your veterinarian just in case circumstances make it necessary. In the letter, express what your preferences are in the event of an accident or the pet's ill health, and also express that you are giving the pet sitter authority to sign consent forms on your behalf.</li></ul>\n"},{"title":"Write detailed instructions for the sitter.","content":"\n Leave the pet sitter with detailed instructions so they can adequately care for your dog while you are away. You will need to leave them with your contact information, your veterinarian’s phone number in case of an emergency, and the phone number of a trusted neighbor or friend who can help if needed. Include information about your dog’s routine, personality, preferences, bathroom habits, and any medications they might take.\n"}]},{"title":"Selecting a Kennel","tasks":[{"title":"Research boarding kennels in your area.","content":"\n Kennels can be a great option for your dog while you’re away. They’ll be able to interact with other dogs in a safe environment with staff who are trained and love dogs. You can search for local kennels online by entering your zip code, asking for recommendations from trusted friends and family, or by asking your veterinarian for a recommendation.\n<ul><li>Be aware that most kennels will ask for proof that your dog has been fully vaccinated since they will be in contact with other dogs.</li></ul>\n"},{"title":"Determine what you want out of a kennel.","content":"\n These days, some boarding kennels can be described as luxury pet hotels while others are much more basic. If your dog has health problems, make sure the kennel is equipped to administer any medications that your dog needs.\n<ul>\n<li>Basic kennels will typically have indoor and outdoor areas for dogs to exercise and socialize with staff members and other dogs, a place for your dog to sleep, and routine feedings.</li>\n<li>You will pay more for any additional amenities you want for your pet. Luxury kennels may include grooming, one on one playtime with a staff member, playtime in a pool, special treats, and even dog massages.</li>\n</ul>\n"},{"title":"Arrange to visit kennels.","content":"\n Seeing the boarding kennel in person is one of the best ways to determine whether this is the kennel you want to use for your pet. Make sure the kennel meets your standards, budget, and will be comfortable for your dog.\n<ul>\n<li>Ask about the kennel’s daily schedule. This should cover when dogs are fed, exercised, socialized, when they go outside, and when they can sleep.</li>\n<li>Make sure the boarding kennel has insurance, the staff seem knowledgeable about dogs, and how many other dogs are typically being boarded.</li>\n</ul>\n"},{"title":"Choose a kennel.","content":"\n Now that you’ve toured a few different boarding kennels in your area, you can finalize your plans. You’ll need to ensure that the kennel has room for your dog during your vacation days and that their prices are within your budget. Depending on the season, you should try to book a kennel at least three weeks before you leave for vacation. During the holidays, you should try to book a month in advance since kennels can book up very quickly.\n<ul><li>There is typically a contract agreement that both you and the kennel will sign to ensure that both parties follow through on their agreement. You may have to pay a fee to hold your reservation at the kennel and you may have the option to pay in advance.</li></ul>\n"},{"title":"Prepare your dog for the kennel.","content":"\n Before you leave your dog at the kennel and go on vacation, you’ll need to make sure that they are prepared. Your dog’s health should be first and foremost. Make sure that they are up to date on their vaccinations, any pest prevention methods for fleas or heartworm, and that they are in good health. Alert the kennel ahead of time if your dog has any health needs, like they need insulin daily for their diabetes.\n<ul>\n<li>If the kennel doesn’t offer the dog food that you use, you will need to pack a container with enough food to last your dog while you’re away to give to the kennel staff.</li>\n<li>\nSocialize your dog with strangers and new dogs. They’ll be spending their days with other dogs and unfamiliar staff members so they need to be comfortable meeting and interacting with them in this new environment.<sup id=\"_ref-11\" class=\"reference\" aria-label=\"Link to Reference 11\"><a href=\"#_note-11\">[11]</a><span class=\"ts_popup \" hidden=\"\" id=\"ts_popup_11\" style=\"display: none;\">\n\t<span class=\"ts_close\">X</span>\n\t\t<span class=\"ts_name\">Research source</span>\n\t\t<span class=\"ts_description\"></span>\n\t\t\t\t<a href=\"#\" class=\"ts_source\" target=\"_blank\" rel=\"nofollow noreferrer noopener\"></a>\n\n</span>\n</sup>\n</li>\n</ul>\n"}]},{"title":"Leaving Them with a Friend","tasks":[{"title":"Ask a friend to watch your dog.","content":"\n Ideally, you have a close friend or neighbor who would be happy to watch your dog while you are away. They may already have dogs that are friendly with your dog, or they enjoy your dog’s company.\n<ul><li>They may not be able to watch your dog during those dates, so it is a good idea to have a few additional friends you could ask as a backup.</li></ul>\n"},{"title":"Prepare your dog’s belongings.","content":"\n Unlike a boarding kennel, your friend probably does not have all the items your dog will need. Your friend will appreciate that you’ve taken the time to collect these items so they don’t have to worry about providing them.\n<ul>\n<li>Leash.</li>\n<li>Food.</li>\n<li>Bowls for food and water.</li>\n<li>Toys.</li>\n<li>Dog bed.</li>\n<li>Any medications, if needed.</li>\n</ul>\n"},{"title":"Write down your dog’s information.","content":"\n Just like you would with a pet sitter, you’ll need to write down care instructions for your friend to reference. Even if your friend already spends a lot of time with your dog, it is best to give them this information as a precaution.\n<ul>\n<li>Be sure to include the contact information where you can be reached at during your vacation your veterinarian’s phone number in case of an emergency. Include information about your dog’s daily routine, when they are walked and fed, any medications they take, and their bathroom habits. Give them a key to your house just in case they need to go and retrieve something for your dog there.</li>\n<li>Let the person know if your dog is microchipped. If your dog is not microchipped, then you might want to have your dog microchipped before you go to increase the chances that your dog will be returned to you if they get lost.</li>\n</ul>\n"},{"title":"Thank them for watching your dog.","content":"\n  Always offer to pay them to watch your pet. While they may refuse payment, you should bring them a small gift back from your trip or take them to their favorite restaurant to say thank you.\n<ul><li>You should also offer to return the favor and watch their pets the next time they are away on vacation. You could also offer to house sit if they do not have pets.</li></ul>\n"}]}],"questions":[]}