{"meta":{"description":"Traveling with your dog can be a great experience. Since so many people take their dogs with them on vacation, finding lodging and activities where your pet is welcome can be easy. However, not every destination is dog-friendly. When choosing a dog-friendly destination, decide on the kind of vacation you want, research dog-friendly hotels, find restaurants that allow dogs, and plan activities with your dog’s age and health in mind.","title":"Choose a Dog%E2%80%90Friendly Vacation Destination"},"todo_list":[{"title":"Deciding on the Right Destination","tasks":[{"title":"Start with the type of vacation you want.","content":"\n Traveling with pets means you may not get to choose the specific destination you want. Instead, you should probably think about the type of getaway you want. Do you want a beach vacation, a city adventure, or a mountain getaway? With this idea in mind, you can start finding a good pet friendly destination.\n<ul><li>After choosing the type of place, you can start researching dog-friendly areas. For example, if you want a US east coast beach, you can look for pet friendly beaches in the eastern seaboard states.</li></ul>\n\n"},{"title":"Research dog-friendly destinations.","content":"\n Some destinations are better for dogs than others. Many blogs and dog-lover websites provide information for dog owners who want to take their pet with them. Before settling on a destination, research to see if it is a dog-friendly place.\n<ul><li>For example, many destinations in Colorado are dog-friendly. Charleston, South Carolina is another dog-friendly destination, with nearby access to beaches that allow dogs, large dog parks, and even dog beaches. Florida has many beaches that are dog friendly, and St. Augustine even has a dog-friendly cruise.</li></ul>\n"},{"title":"Choose a hotel that allows pets.","content":"\n There are many hotels in destination cities and in between that will allow pets. Before booking a hotel, you should check the hotel’s website or call them to find out their pet policy and how much extra it costs for a pet-friendly room.\n<ul>\n<li>You can also find pet-friendly cottages, bed and breakfasts, and RV parks.</li>\n<li>You can search the internet for pet-friendly hotels. If you use a discount booking website, you can choose the option for a pet-friendly hotel.</li>\n</ul>\n"},{"title":"Choose a spot your dog can easily travel to.","content":"\n If your dog loves to ride in the car and does it often, <a href=\"/Travel-by-Car-with-Your-Dog\" title=\"Travel by Car with Your Dog\">longer road trips</a> are okay. If your dog doesn’t like to ride in the car, choose a vacation spot close by.\n<ul>\n<li>When you go on a road trip with your dog, make sure to pack plenty of water and food, treats, an extra leash, and poop bags.</li>\n<li>Make frequent bathroom breaks. Think about the best places to stop with your pet. Rest stops have pet walking areas that can be great for letting you and your dog stretch your legs.</li>\n</ul>\n"},{"title":".","content":"\nMake flight arrangements If you are going to a destination that requires a flight, you have to make sure to make arrangements for your dog. Contact the airline prior to buying a ticket to discuss pet traveling policies. Also be aware you will have to buy a ticket for your dog.\n<ul>\n<li>Make sure to get a direct flight when flying with your dog.</li>\n<li>You will need a pet carrier when flying with your dog.</li>\n</ul>\n"}]},{"title":"Finding Pet-Friendly Activities","tasks":[{"title":"Make a list of pet-friendly restaurants.","content":"\n You don’t want to leave your dog in the hotel room all day. That defeats the point of bringing your dog. Some dog websites, such as <a target=\"_blank\" rel=\"nofollow noreferrer noopener\" class=\"external text\" href=\"https://www.bringfido.com/restaurant/\">BringFido</a>, list dog friendly restaurants from around the world.\n<ul><li>You may also be able to call restaurants or check their websites to figure out if dogs are allowed.</li></ul>\n"},{"title":"Find alternatives to restaurants.","content":"\n If you can’t find many dog-friendly restaurants in your destination, consider other options. You can find parks and outdoor areas where you can take your dog and eat a picnic lunch or dinner. Food trucks are a good option since they are outside and you can just walk up to the window.\n<ul><li>Ordering takeout and eating it in your hotel or in a dog-friendly destination is another option.</li></ul>\n"},{"title":"Choose dog-friendly activities.","content":"\n As you plan your vacation, decide what activities your family can do with your dog. Many outdoor activities, such as hiking or swimming, are in places that are dog friendly. State and national parks, and some national monuments, are also generally dog-friendly.\n<ul>\n<li>Think about what you want to do on your trip. Some things, like museums or aquariums, are not going to be dog-friendly.</li>\n<li>Before buying tickets or deciding on an activity, call ahead or check the website. This way you will know if you can bring your dog with you.</li>\n</ul>\n"},{"title":"Research dog parks.","content":"\n Most cities have dog parks. Dog parks can be a good place to visit when on vacation. You can let your dog get exercise and expend energy, and you can relax. Look online or contact a visitor's center or local chamber of commerce. Ask them about dog parks in the area.\n"},{"title":"Consider your dog’s age, health, and activity level.","content":"\n Some vacations may not be right for every dog. If you have a senior or overweight dog, or if your dog has health or mobility problems, you should think about that when choosing a destination. Your dog’s size may also influence what you can do.\n<ul>\n<li>If your dog has never hiked or kayaked, you may not want to choose an outdoor adventure. If you want to do that, you may want to limit your activities.</li>\n<li>Small dogs with small legs may have more trouble walking long distances.</li>\n<li>Dogs that are brachycephalic, like bulldogs or pugs, or long-haired dogs may not do well at the beach or in super hot climates.</li>\n</ul>\n"},{"title":"Find local dog sitters.","content":"\n If there is a day you want to do something without your dog, you may find that you need a dog sitter or a doggy daycare service. Before you travel, research available dog sitters and daycares in the area.\n<ul>\n<li>Many dog travel websites list these resources. If you can't find any for your particular destination, search online for dog sitting businesses in the area.</li>\n<li>You may want to contact the dog sitter or doggy daycare ahead of time to find out if they have openings or how early you need to book the service.</li>\n</ul>\n"}]},{"title":"Following Regulations","tasks":[{"title":"Read the local pet rules.","content":"\n If you are traveling within your home country, you probably know the basic dog rules for the country. However, different cities, countries, and states have different ordinances. Some places are strict about leash laws, while others are more lenient. There are some areas dogs are not allowed.\n<ul><li>As you plan your trip, read all local dog or pet ordinances so you will know what to expect and what rules you must obey while in the area.</li></ul>\n"},{"title":"Determine what is required to take your pet internationally.","content":"\n If you would like to travel to an international destination, you need to find out what the rules are for taking your dog to another country and then bringing it back into your home country. Depending on the country, there may be a few or many hoops to jump through.\n<ul>\n<li>Contact the embassy or consulate to figure out what the regulations are for traveling with your pet and to get the necessary paperwork.You may also want to contact your vet to see if your dog needs anything to be compliant with your destination country’s regulations.</li>\n<li>For example, you may need health certificates, shots, or other immunizations. Your dog may have to go through a quarantine period before entering the country or coming back home.</li>\n</ul>\n"},{"title":"Take your dog to the vet.","content":"\n Before you go on vacation, get your dog a physical exam. This ensures that you dog is healthy and fit to travel. You should also make sure your dog is up-to-date on all their shots and immunizations.\n<ul><li>If your dog needs certain immunizations to travel to certain countries, you can get them during this visit.</li></ul>\n"}]}],"questions":[]}