{"meta":{"description":"Covering your dog’s mouth to quell aggressive behavior is a great practice when you’re training your dog. There are a few different muzzle types you can choose from to make sure your dog is comfortable and safe. Always supervise your dog when they have a muzzle on, and never use a muzzle to stop your dog from barking throughout the day.","title":"Cover a Dog%27s Mouth"},"todo_list":[{"title":"Picking a Muzzle","tasks":[{"title":"Purchase a plastic or leather basket muzzle for training.","content":"\n Basket muzzles leave a small opening in the front so your dog can pant, drink water, and eat treats. They look almost like a cage surrounding your dog’s snout, and they prevent injuries in the case that your dog lunges to bite.\n<ul><li>Basket muzzles are great muzzles to choose if your dog will be wearing it for a long period of time since they are roomy.</li></ul>\n\n"},{"title":"Buy a soft muzzle for extra comfort.","content":"\n Soft muzzles are made of a synthetic cotton blend. They also open in the front so your dog can eat and drink, but they don’t allow your dog to open their mouth wide enough to bite. They are great for protection when you are out with your dog but you aren’t trying to train them.\n<ul><li>These muzzles are also called duck-bills, and they come in many colors.</li></ul>\n"},{"title":"Try the muzzle on your dog before you purchase it.","content":"\n Dog muzzles come in sizes from XS to XL. Before you purchase your muzzle, read the size guide online or on the tag of the muzzle. If you can, try the muzzle on your dog before you buy it, and double-check that you can slip 1 finger underneath the straps on the back of their head.\n<ul>\n<li>If the muzzle is too tight, it could hurt your dog.</li>\n<li>If the muzzle is too loose, your dog could take it off with their paw.</li>\n</ul>\n"},{"title":"Make an emergency muzzle out of gauze.","content":"\n If you are in an emergency situation and you need to cover your dog’s mouth quickly, cut a long strip of gauze and tie a knot in the middle of it. Wrap the loop around your dog’s nose and then tie it behind their head quickly so they can’t open their mouth.\n\n<ul><li>Gauze muzzles are often used when trying to capture unknown or aggressive dogs.</li></ul>\n"}]},{"title":"Muzzling Your Dog","tasks":[{"title":"Introduce the muzzle to your dog in a non-threatening way.","content":"\n Hold the muzzle in your hand and lower it to your dog’s eye level. Let them sniff it or lick it if they want to, and try not to make any sudden movements as they investigate.\n<ul><li>Try to introduce your dog to the muzzle in an environment where they feel safe, like a quiet room in your home.<sup id=\"_ref-6\" class=\"reference trusted\" aria-label=\"Link to Reference 6\"><a href=\"#_note-6\">[6]</a><span class=\"ts_popup trustedsource\" hidden=\"\" id=\"ts_popup_6\" style=\"display: none;\">\n\t<span class=\"ts_close\">X</span>\n\t\t<a class=\"ts_trustworthy\" href=\"/wikiHow:Delivering-a-Trustworthy-Experience\">Expert Source</a>\n\n\t\t<span class=\"ts_name\"></span>\n\t\t\t<a class=\"ts_expert_link\" href=\"/Experts?name=belginaltundag#belginaltundag\"><span class=\"ts_expert_image\"><picture><source type=\"image/webp\" srcset=\"/images/thumb/f/fa/Belgin_Altundag.png/-crop-100-100-99px-Belgin_Altundag.png.webp\"><img src=\"/images/thumb/f/fa/Belgin_Altundag.png/-crop-100-100-99px-Belgin_Altundag.png\" alt=\"Belgin Altundag\" loading=\"lazy\" width=\"30\" height=\"30\" style=\"max-width: 30px\"></picture></span>Belgin Altundag<br><span class=\"ts_blurb\">Certified Dog Trainer</span></a>\n\n\t\t<span class=\"ts_description\">Expert Interview.  26 February 2021</span>\n\n</span>\n</sup>\n</li></ul>\n"},{"title":"Place a treat inside the muzzle.","content":"\n Take one of your dog’s favorite treats and put it into the nose of the muzzle. Let your dog see what you have so they realize that you’re putting something they want inside of the muzzle.\n\n"},{"title":"Slip the muzzle on your dog, then take it off.","content":"\n As your dog investigates the treat inside of the muzzle, quickly pull the muzzle on over your dog’s snout. Leave it on for 1 to 2 seconds, then take it off right away. This will help your dog get used to the muzzle without overwhelming them.\n<ul>\n<li>If your dog is anxious or aggressive, they may be overwhelmed or scared of the muzzle. In that case, give your dog a break before you try introducing them to it again.</li>\n<li>If your dog is focused on the treat inside the muzzle, they may not even notice that you put something on their snout.</li>\n<li>Try putting the muzzle on when your dog is relaxed and exhausted since it will be less willing to fight.<sup id=\"_ref-9\" class=\"reference trusted\" aria-label=\"Link to Reference 9\"><a href=\"#_note-9\">[9]</a><span class=\"ts_popup trustedsource\" hidden=\"\" id=\"ts_popup_9\" style=\"display: none;\">\n\t<span class=\"ts_close\">X</span>\n\t\t<a class=\"ts_trustworthy\" href=\"/wikiHow:Delivering-a-Trustworthy-Experience\">Expert Source</a>\n\n\t\t<span class=\"ts_name\"></span>\n\t\t\t<a class=\"ts_expert_link\" href=\"/Experts?name=belginaltundag#belginaltundag\"><span class=\"ts_expert_image\"><picture><source type=\"image/webp\" srcset=\"/images/thumb/f/fa/Belgin_Altundag.png/-crop-100-100-99px-Belgin_Altundag.png.webp\"><img src=\"/images/thumb/f/fa/Belgin_Altundag.png/-crop-100-100-99px-Belgin_Altundag.png\" alt=\"Belgin Altundag\" loading=\"lazy\" width=\"30\" height=\"30\" style=\"max-width: 30px\"></picture></span>Belgin Altundag<br><span class=\"ts_blurb\">Certified Dog Trainer</span></a>\n\n\t\t<span class=\"ts_description\">Expert Interview.  26 February 2021</span>\n\n</span>\n</sup>\n</li>\n</ul>\n"},{"title":"Encourage your dog with a sweet tone of voice.","content":"\n Dogs react well to positive reinforcement. If your dog did well with the muzzle and didn’t act nervous or scared, tell them “good dog\" and give them another treat.\n<ul>\n<li>If they didn’t do well, that’s okay too. Stay calm and back up if your dog is being aggressive.</li>\n<li>Animals who have been abused may have an aversion to being muzzled, in which case you should talk to a professional dog trainer.</li>\n</ul>\n"},{"title":"Leave the muzzle on for longer periods of time.","content":"\n Now you can test the waters with your dog to see how they do with the muzzle on. Try keeping it on for 5 minutes at a time, then 10 minutes, until finally you can work your way up to 1 hour. Every dog is different, so your dog’s timeline will be unique to them.\n<ul><li>If your dog is aggressive, avoid taking them out in public until you can get them muzzle trained.</li></ul>\n"},{"title":"Avoid leaving your dog unsupervised with a muzzle on.","content":"\n Muzzles prevent a full range of motion for your dog’s mouth, and they can cause injury if left unattended. Never leave your dog home alone without removing their muzzle first, and try to take it off after 1 to 2 hours.\n<ul><li>Never use a muzzle to stop your dog from barking. Muzzles should only be used to help avoid aggressive behavior or to help during training.<sup id=\"_ref-13\" class=\"reference trusted\" aria-label=\"Link to Reference 13\"><a href=\"#_note-13\">[13]</a><span class=\"ts_popup trustedsource\" hidden=\"\" id=\"ts_popup_13\" style=\"display: none;\">\n\t<span class=\"ts_close\">X</span>\n\t\t<a class=\"ts_trustworthy\" href=\"/wikiHow:Delivering-a-Trustworthy-Experience\">Trustworthy Source</a>\n\n\t\t<span class=\"ts_name\">American Society for the Prevention of Cruelty to Animals</span>\n\t\t<span class=\"ts_description\">Leading organization dedicated to the prevention of animal cruelty</span>\n\n\t\t\t\t<a href=\"#\" class=\"ts_source\" target=\"_blank\" rel=\"nofollow noreferrer noopener\">Go to source</a>\n</span>\n</sup>\n</li></ul>\n"}]}],"questions":[{"title":"How do I muzzle a dog at home?","content":"Wait until your dog is exhausted after playing so they're less likely to struggle or fight against you."}]}