{"meta":{"description":"In the state of Pennsylvania, all pet owners with a dog are required to obtain a license for their dog. Dog licenses are required in Pennsylvania mainly to regulate rabies vaccinations and to identify dogs that have run away or become lost. To have your dog licensed, typically you must complete and turn in a dog license application to your local County Treasurer's office through the Pennsylvania Department of Agriculture (717-787-4737). Note that within the city of Philadelphia the licensing process works a bit differently than the rest of the state.","title":"Get a Dog License in Pennsylvania"},"todo_list":[{"title":"Learning the Dog Licensing Laws in Pennsylvania","tasks":[{"title":"Protect your pup.","content":"\n If your dog gets lost and picked up by your city or county's Animal Control personnel, they are typically allowed to stay in the shelter for longer.  The shelter can also use the dog's licensing information to find you and reunite you with Fido. \n\n"},{"title":"Mark your calendar.","content":"\n If you've just gotten a puppy, you have to get him or her licensed before they turn 3 months old. If you've gotten a new dog, you have to license him or her within 30 days. If you've just moved to Pennsylvania or moved to a new county, you have 30 days to get your dog licensed.\n<ul><li>The law is a little different in Philadelphia. There, you can wait until your puppy is 4 months old.</li></ul>\n"},{"title":"Remember to renew.","content":"\n Unless you buy the lifetime license, you must re-register your dog every year before January 1. (The penalty for not doing so is up to $300 plus court costs!) It's not a difficult process, but it's easy to forget to do it, so make sure you have a way to remind yourself every year.\n<ul><li>If you use Google Calendar or some other online scheduling system, consider setting yourself a recurring reminder for early December.  Then set a second one for mid-December in case you missed the first reminder.</li></ul>\n"},{"title":"Don't rely on the old owner's license.","content":"\n  If you've adopted a dog from someone else, there is no way to transfer the original owner's license. You will need to order a new license and provide your own information. \n"}]},{"title":"Getting a License for a Dog in Most Pennsylvania Counties","tasks":[{"title":"Start at the Pennsylvania Department of Agriculture website.","content":"\n  This department houses the Bureau of Dog Law Enforcement, which is responsible for everything from dog licenses to overseeing the welfare of dogs and puppies in breeding facilities and kennels. If you live anywhere other than Philadelphia, this is your resource for dog licenses. \n<ul><li>A simple Google search for “Pennsylvania Department of Agriculture” will bring up the website. The department is also on Facebook and Twitter. <sup id=\"_ref-5\" class=\"reference\" aria-label=\"Link to Reference 5\"><a href=\"#_note-5\">[5]</a><span class=\"ts_popup \" hidden=\"\" id=\"ts_popup_5\" style=\"display: none;\">\n\t<span class=\"ts_close\">X</span>\n\t\t<span class=\"ts_name\">Research source</span>\n\t\t<span class=\"ts_description\"></span>\n\t\t\t\t<a href=\"#\" class=\"ts_source\" target=\"_blank\" rel=\"nofollow noreferrer noopener\"></a>\n\n</span>\n</sup>\n</li></ul>\n"},{"title":"Select “purchase a license from your county treasurer or issuing agent.","content":"\n”  On the PA Department of Agriculture website, there is a link to a list of all of the county treasurers and license issuing agents in the state. Some of them have websites where you can fill out a form to get the license, but in many cases you'll have to call or email. \n<ul>\n<li>If you do not have Internet access, contact the Pennsylvania Department of Agriculture to find the nearest local County Treasurer's office at 717-787-4737.</li>\n<li>Some counties provide you with the option to download a copy of the application to mail to your County Treasurer office.</li>\n</ul>\n"},{"title":"Decide whether you want an annual license or a lifetime license.","content":"\n  If you get an annual license, you will have to renew it every year before January 1. Annual licenses may be a cheaper option if your dog is older or if you are planning on selling or giving away your dog soon. Otherwise, a lifetime license will probably be both more convenient and more cost effective in the long run.\n"},{"title":"Collect the fees required to obtain a dog license.","content":"\n With the exception of Philadelphia, dog licenses are $8.50 for an annual license and $51.50 for a lifetime license.  If your dog is spayed or neutered, the annual fee is $6.50, and the lifetime license is $31.50.\n<ul><li>Some counties may offer you a discount on dog licenses if you are aged 65 years or older; however, you must provide proof of age to the County Treasurer to receive the discount.</li></ul>\n"},{"title":"Gather the information you need to complete the dog license application.","content":"\n Most will require your full name and address, the application will require information about your dog; including their sex, breed, color, age, and whether or not they have been spayed or neutered.\n<ul>\n<li>The information requested on the application may vary depending on the county you live in. Some counties may request your dog's weight, vaccination information, and microchip identification number, if applicable. <sup id=\"_ref-7\" class=\"reference\" aria-label=\"Link to Reference 7\"><a href=\"#_note-7\">[7]</a><span class=\"ts_popup \" hidden=\"\" id=\"ts_popup_7\" style=\"display: none;\">\n\t<span class=\"ts_close\">X</span>\n\t\t<span class=\"ts_name\">Research source</span>\n\t\t<span class=\"ts_description\"></span>\n\t\t\t\t<a href=\"#\" class=\"ts_source\" target=\"_blank\" rel=\"nofollow noreferrer noopener\"></a>\n\n</span>\n</sup>\n</li>\n<li>If your dog is spayed or neutered, you may have to provide proof in the form of written verification provided by a licensed veterinarian. Some counties may also require you to provide a copy of your dog's rabies vaccination certificate.<sup id=\"_ref-8\" class=\"reference\" aria-label=\"Link to Reference 8\"><a href=\"#_note-8\">[8]</a><span class=\"ts_popup \" hidden=\"\" id=\"ts_popup_8\" style=\"display: none;\">\n\t<span class=\"ts_close\">X</span>\n\t\t<span class=\"ts_name\">Research source</span>\n\t\t<span class=\"ts_description\"></span>\n\t\t\t\t<a href=\"#\" class=\"ts_source\" target=\"_blank\" rel=\"nofollow noreferrer noopener\"></a>\n\n</span>\n</sup>\n</li>\n</ul>\n"},{"title":"Turn in your dog license application and fees to your County Treasurer office.","content":"\n  Mail your application and fees to the County Treasurer address listed on your dog license application, or return it in person to your local County Treasurer's office.\n<ul><li>If your county provides you with the option to obtain a dog license over the Internet, you may be required to pay an additional convenience fee. Be ready with a credit or debit card.</li></ul>\n"},{"title":"Wait to receive your dog's license, or tag.","content":"\n In most cases, the county treasurer will send you a license within 10 business days, but this time frame may vary depending on the county you reside in. Be sure your dog wears the tag at all times so that they can be identified if they get lost. \n"},{"title":"Repeat next year!","content":"\n If you chose the annual option, you must renew your dog's license every year before January 1, or you could face fines.  Be ready to renew in early December so that your dog is all set by the new year. \n"}]},{"title":"Getting a License for a New Dog in Philadelphia","tasks":[{"title":"Start at the City of Philadelphia's licensing page.","content":"\n Philadelphia's requirements are slightly different from other counties. You must visit the Animal Care and Control Team of Philadelphia (ACCT Philly) website to obtain a dog license if you and your dog will reside in Philadelphia.\n<ul><li>You can also visit one of ACCT Philly's license retailers if you want to get the license in person. Their locations are available online. <sup id=\"_ref-11\" class=\"reference\" aria-label=\"Link to Reference 11\"><a href=\"#_note-11\">[11]</a><span class=\"ts_popup \" hidden=\"\" id=\"ts_popup_11\" style=\"display: none;\">\n\t<span class=\"ts_close\">X</span>\n\t\t<span class=\"ts_name\">Research source</span>\n\t\t<span class=\"ts_description\"></span>\n\t\t\t\t<a href=\"#\" class=\"ts_source\" target=\"_blank\" rel=\"nofollow noreferrer noopener\"></a>\n\n</span>\n</sup>\n</li></ul>\n"},{"title":"Collect the fees required to obtain a dog license.","content":"\n  Licenses for spayed or neutered dogs in Philadelphia County will cost 16 dollars; whereas licenses for dogs that are not spayed or neutered will cost 40 dollars. If you are a senior citizen (65 or older), there is a 50% discount. Service dog licenses are free in Philadelphia, but you still have to apply. \n<ul><li>There will be a $2 fee if you pay online.</li></ul>\n"},{"title":"Gather the information you need to get the license.","content":"\n In Philadelphia, your dog must have a current rabies vaccination. Though the city doesn't require proof of the vaccination, they do request it. You can get a vaccine certificate from your vet. \n<ul><li>You'll need proof from your vet if your dog is spayed or neutered. Note that this will significantly reduce your cost in this particular location.</li></ul>\n"},{"title":"Remember to renew.","content":"\n There is currently no lifetime license for dogs in Philadelphia, so you must reapply for the license every year.  Prior to July 1, 2011, owners could obtain a permanent license for their dog. If this was the case for you, that license will be valid for your pup's entire life, so you don't need to worry about getting them a new license every year.\n"}]}],"questions":[{"title":"Who do you write check out to for dog license?","content":"In most cases, to the County Treasurer's office, but call them to double check."},{"title":"What do I need as proof of age for the senior discount?","content":"You would need a driver's license or some other form of ID that includes your birth date on it."},{"title":"I sent for my dog license and found out they were sent to someone else's address. The person called me and told me about this, how do I get it back?","content":"If the person was nice enough to call you and tell you they had it, will they give it to you? If so, ask if they can drop it in the mail, or if you can go and pick it up. If they won't give it to you, call the licensing agency and tell them that they sent the license to the wrong address. Explain that you received a call from the person that has the license, etc. They should be willing to send you a replacement."},{"title":"What if dogs are adopted at a later time than January 1, 2016?","content":"In most cases, you will have 30 days, but you should check with your County Treasurer's office asap to be sure that you're in compliance with the law. If you adopt your dog as a young puppy, you don't have to register it until it's 3 months old. Keep in mind that if you don't get a lifetime license, you'll have to renew by January 1 of the following year, no matter when you bought your original license."},{"title":"How long do I have to get my dog licensed if I am moving from another state?","content":"You have 30 days in most counties, but it's a good idea to double check with your County Treasurer, because it varies a little from place to place."},{"title":"How many dogs can I have in Pennsylvania before I have to get a kennel license?","content":"A kennel is defined as any establishment in or through which at least 26 dogs are kept or transferred in a calendar year."},{"title":"Can I get a Pennsylvania dog license online?","content":"Yes, you can go to padoglicense.com where you can apply, pay and print your license and your dog is legal on the spot."},{"title":"How do I replace a lost dog license in Pennsylvania?","content":"You need to contact your county treasurer and ask for duplicate tag, cost around $1.50."},{"title":"Do I have to get a licence if I'm only staying for a few months?","content":"As long as you are staying more than 30 days, then you will need to get a dog license."}]}