{"meta":{"description":"It’s natural for dogs to be distracted by instinctual drives like chasing, fleeing or roaming, but having a dog that does not pay attention to you can be a serious liability. Besides being annoying, it can compromise their and others’ safety. However, if you train your pooch to have good recall and focus on you in spite of their environment, regaining their attention whenever they’re tempted by distractions should be a piece of cake. When you improve and consistently reinforce your dog’s training, you’ll never have to worry about working hard to get your dog’s attention.","title":"Get Your Dog%27s Attention"},"todo_list":[{"title":"Teaching Your Dog Good Recall","tasks":[{"title":"Decide on a recall cue.","content":"\n The first step to getting your dog’s attention is to get them to come when you call. It’s basic and vital training for a dog’s safety and your sanity. The most common recall command is “come” paired with your dog’s name before or after.\n<ul>\n<li>Because it’s likely that your dog hears their name frequently in many different contexts, their name alone is usually not an effective recall cue.</li>\n<li>You could also consider using a sound, like a whistle, as a recall cue. This might be a good idea if you plan on recalling your dog from long distances since the sound will generally carry further than your voice.</li>\n<li>You might also want to add a hand signal, such as putting a hand, finger, or fist in the air, to the cue since there may some instances in which your dog will be able to see you better than they can hear you.<sup id=\"_ref-2\" class=\"reference\" aria-label=\"Link to Reference 2\"><a href=\"#_note-2\">[2]</a><span class=\"ts_popup \" hidden=\"\" id=\"ts_popup_2\" style=\"display: none;\">\n\t<span class=\"ts_close\">X</span>\n\t\t<span class=\"ts_name\">Research source</span>\n\t\t<span class=\"ts_description\"></span>\n\t\t\t\t<a href=\"#\" class=\"ts_source\" target=\"_blank\" rel=\"nofollow noreferrer noopener\"></a>\n\n</span>\n</sup>\n</li>\n</ul>\n\n"},{"title":"Give your dog positive associations with the cue.","content":"\n Once you’ve decided on the command, be sure that it’s freighted with positive associations. Repeat the word several times, giving your dog a high-value treat with each repetition. At this stage, you are not actually asking your dog to do anything in return for the treats; you’re simply building a strong connection between the cue and rewards.\n<ul>\n<li>Do this several times over the course of a week to build up your dog’s positive associations with the command.</li>\n<li>High-value treats are special. They shouldn’t be ordinary kibble or training treats. They should be bigger dog treats or foods that your dog really loves, like chicken, lunch meat, or cheese. The treat could also be a special toy that’s used only for training.</li>\n<li>Vary the treats to keep things exciting for your dog.</li>\n</ul>\n"},{"title":"Practice “come” in a controlled environment.","content":"\n Now that your dog associates your recall cue with high rewards, they should be ready to pay attention to the command and go towards you to see what treat you have for them. Start by working with another person in a controlled setting, like a hallway or a fenced-in yard. Have the other person kneel facing you and holding your dog.\n<ul>\n<li>Once you give the recall cue, the other person should release your dog to let them go to you. Reward your dog with a high-value treat and affectionate praise as soon as they arrive.</li>\n<li>Start with a very short distance and gradually increase the distance over the course of each session. If they fail to come, go back down a step and try again.</li>\n<li>If you’re having difficulty getting your dog’s attention, try holding a toy they really love while you say the recall cue. Squeaky toys are especially good for this because the sound will make it easy to get your dog's focus.</li>\n<li>Repeat this exercise several times over the course of a couple weeks until it’s ingrained in your dog that the recall cue means “come.”</li>\n<li>Another way to reinforce the cue by yourself is to give the command every time that your dog is coming to you of their own accord. Say the cue while they’re on their way, and reward them with a treat and/or praise when they arrive.</li>\n</ul>\n"},{"title":"Practice the “come” command with distractions.","content":"\n Once your dog has mastered recall in a controlled environment with no distractions, it’s time to put them to the test in trickier circumstances. If they come to you in spite of outside temptations, you can be sure that you’ll be able to get their attention in the future.\n<ul><li>For instance, start by practicing outside with your dog on a long lead. Once they have that down, get a friend to try and distract them with play or toys while you recall them. From there, you might graduate to recalling them when they’re in a crowded dog park.</li></ul>\n"},{"title":"Repeat their recall exercises often.","content":"\n Dogs respond best to training that is offered in many short sessions over a long period of time. Devote a few minutes once or twice a day to recall training, and your dog will develop strong recall.\n<ul>\n<li>Make sure to go at your dog’s pace. Some dogs will pick up a “come” command within a week. More often, it will take a month or more for your pooch to get their recall down.</li>\n<li>As they get more proficient at recall, remember to keep increasing the challenge of the exercises by making the distances and/or distractions greater. If they slip up, go back to the previous stage before you try moving on again.</li>\n</ul>\n"},{"title":"Avoid negative training.","content":"\n In order to encourage a strong recall, you have to be sure that you’re not inadvertently reinforcing bad habits. The main things to avoid are punishing your dog for not paying attention or rewarding them for not paying attention immediately.\n<ul>\n<li>Never scold or discipline your dog if they don’t come to you right away. Doing so will make them less likely to want to return the next time.</li>\n<li>Avoid repeating the “come” command or recall cue more than once. You want to teach your dog to come immediately. If you reward them for coming after you’ve given the command ten times, you’re telling them that it’s okay not to pay attention the first nine times.</li>\n</ul>\n"}]},{"title":"Training Your Dog to Focus on You","tasks":[{"title":"Decide on a focus cue.","content":"\n The most common is “look” paired with your dog’s name. You can use any word that you like, but keep it short and snappy. You could also use a noise like clicking your tongue or smacking your lips as a cue. It doesn’t need to be loud since this command should be given only when you’re in close proximity to your dog.\n<ul><li>You may want to pair this cue with a hand signal, like pointing at your eyes, so that you can visually reinforce the cue and easily release your dog from the stare by putting your hand down.</li></ul>\n"},{"title":"Reward your dog for making eye contact.","content":"\n Pick a treat or special toy reserved only for training that your dog really loves. Have your dog sit in front of you, show them the reward in your hand, and gradually move it up towards your eyes.\n<ul>\n<li>The minute your dog shifts their focus from the reward to your eyes, give them a reward and vocal praise (like, “good girl!”). If you’re using treats, give them a treat. If you’re using a toy, let them have the toy.</li>\n<li>If your dog is failing to make eye contact with you, try this exercise using two treats instead. Put one treat in each of your hands, and hold your hands up on either side of your eyes with the treats exposed. That way, your dog will have trouble focusing on just one, making it more likely for them to divert their gaze to your eyes as they shift their attention back and forth.</li>\n<li>Remember, at this point, you are using your action with the treat(s) rather than the focus command itself to gain your dog’s attention. This allows you to imbue eye contact with positive connections before you associate it with a specific vocal and/or visual cue.</li>\n<li>Practice this several times in short daily sessions before moving on to the next step.</li>\n</ul>\n"},{"title":"Add your focus cue to the exercise.","content":"\n Now that your dog knows that eye contact with you is a good thing, it’s time to associate it with a specific command. Repeat the same exercise as above, but give the focus cue just before you reach eye-level with your dog’s reward.\n<ul><li>After you’ve used the cue in several short training sessions, try giving the command without using the treat to guide their gaze. Simply have them sit in front of you, give them the cue, and reward and praise them when they make eye contact.</li></ul>\n"},{"title":"Make your dog hold focus for longer.","content":"\n Once your dog associates your cue with making eye contact with you, it’s time to increase the challenge by making them hold their stare for longer. Gradually increase the amount of time that they have to make eye contact with you over the course of each training session before they get their reward.\n"},{"title":"Test them with distractions.","content":"\n The easiest way to do this is to go on a walk with your dog on a leash. Whenever there’s something that would usually draw their attention, such as a squirrel, fellow dog, or skateboarder, give them the focus cue and reward their attention.\n"}]},{"title":"Minimizing Your Dog’s Inattentiveness","tasks":[{"title":"Be patient and consistent.","content":"\n Teaching your dog to focus on you and practice impulse control is a long process that can take months. Patient repetition is the best guarantee of success. Always use the same commands and offer positive responses to get the best results.\n"},{"title":"Keep training interesting.","content":"\n While consistency is best when it comes to your commands and responses, your dog will get bored with the same routines. Vary the types of rewards and  circumstances in which you practice to hold their attention and keep them learning.\n"},{"title":"Give your dog sufficient exercise","content":"\n<a href=\"/Exercise-Your-Dog\" title=\"Exercise Your Dog\"><b class=\"whb\">Give your dog sufficient exercise</b></a> Dogs are often hyper and misbehave when they have pent-up energy. It’s hard to keep your pooch’s attention when they’re bursting with energy, so be sure to give them daily walks and play sessions.\n<ul><li>The necessary amount will vary according to your dog’s age, breed, and fitness. However, most dogs need a minimum of 30-60 minutes of aerobic exercise per day.</li></ul>\n"},{"title":"Address your dog’s drives.","content":"\n Often times, the things that distract your dog are due to their instinctual drives to chase, play, and hunt. Training your dog to have strong focus and recall is the best way to control these drives. However, it also helps if you can channel these drives into controlled activities. That way, your dog can act on their impulses in a safe way while still focusing on you.\n<ul><li>For instance, if your dog loves to chase, play fetch with them or teach them to catch a frisbee. If your dog loves to hunt or chew, play tug or get a toy that has a furry ball on the end of a long rope for them to pounce on (at a safe distance from you).</li></ul>\n"},{"title":".","content":"\nBuild your dog’s confidence If your dog is frequently distracted by things that frighten them, sometimes the key to gaining their attention is to boost their confidence. Training and socialization are both great ways to make your dog more self-assured.\n<ul>\n<li>\n<a href=\"/Train-a-Dog\" title=\"Train a Dog\">Training</a> includes the recall and focus exercises described above. Attending a basic obedience class with your pooch can also go a long way towards boosting their confidence.</li>\n<li>\nSocialization involves introducing your dog to a variety of new environments over time. Comfort them if they have an anxious reaction to a new place, and reward them when they’re at ease with a new place.</li>\n<li>Socialization also involve introducing your dog to new people and animals. If your dog is wary of strangers, start by letting them watch others at a distance while you reward them and speak reassuringly to them.</li>\n</ul>\n"}]}],"questions":[]}