{"meta":{"description":"It can be hard to leave your dog at home while you're on vacation, but if you can find a trustworthy person to care for your pet leaving home for vacation will not be as difficult. It’s easy to make the arrangements and prepare yourself and your dog for your time away, so you don’t have to worry about your pup while you’re relaxing away from home. Find a trustworthy person to care for your pet, provide clear instructions, and give your dog a lot of extra hugs in the days leading up to your trip, and you're sure to feel better about leaving your pup behind.","title":"Have Your Dog Taken Care of During a Vacation"},"todo_list":[{"title":"Finding a Pet Sitter","tasks":[{"title":"Have a close friend or family member watch your dog.","content":"\n If your pet has access to the outdoors or is house trained, asking one or more friends and family members to stop by in the morning, afternoon, and evening to feed your dog and take it for a walk may be adequate. For younger dogs and those who are not housebroken, you may need someone to be on hand more often. Discuss your dog’s needs with your friend or family member, and make sure they can reliably devote the necessary time and attention to your dog.\n<ul>\n<li>Offer your friend or family members money to care for your dog, or offer to return the favor if they are pet owners too.</li>\n<li>Make caring for your pet as easy and convenient as you can by leaving clear instructions, preparing meals in advance, and making sure your sitter can access your home easily. You may also want to allow your sitter to stay in your home while you're away.</li>\n</ul>\n\n"},{"title":"Take your dog to stay with a friend or your family.","content":"\n If your friends or family members are unable to stay in your home or visit throughout the day, you can also let them take your dog to their house. This can be a convenient alternative to having friends stay in your home. Make sure you’re doing all you can to make caring for your pup convenient for your friend or family members, especially if they are caring for your pet free of charge. Allowing your sitter to care for your pup in their own home may be more convenient for friends who have their own pets, kids, or who live several miles away from your home. \n"},{"title":"Board your dog while you’re away.","content":"\n There are also professionals who keep dogs. Doggie hotels and other pet boarders will care for your dog while you’re away for a fee. These professionals are able to take good care of your dog, and reputable dog boarders offer insurance and care agreements that obligate them to provide effective care for your pet.\n<ul>\n<li>Read online reviews of the boarding facility before choosing to board your dog there.</li>\n<li>Ask friends or family members who have pets for recommendations of dog boarders in the area.</li>\n<li>Research common boarding rates to make sure you get a fair price. Prices will fluctuate based on the size of your dog and any special care needs, but you can typically board a dog for between $25 and $50 per pet a night. If you want to offer your pup a little added luxury of a doggie hotel, you may be looking at a price between $75 and $100 a night.<sup id=\"_ref-1\" class=\"reference\" aria-label=\"Link to Reference 1\"><a href=\"#_note-1\">[1]</a><span class=\"ts_popup \" hidden=\"\" id=\"ts_popup_1\" style=\"display: none;\">\n\t<span class=\"ts_close\">X</span>\n\t\t<span class=\"ts_name\">Research source</span>\n\t\t<span class=\"ts_description\"></span>\n\t\t\t\t<a href=\"#\" class=\"ts_source\" target=\"_blank\" rel=\"nofollow noreferrer noopener\"></a>\n\n</span>\n</sup>\n</li>\n</ul>\n"},{"title":"Look online for pet sitters.","content":"\n It’s easy to find a trustworthy, affordable care giver for your pup using web resources. You'll want to look for a sitter who has experience with dogs, is available at the times your dog will need care, and who lives close enough to ensure your pet is checked on regularly.\n<ul>\n<li>Originally created to help parents find sitters for their children, care.com now offers information on pre-screened pet sitters at a variety of rates.<sup id=\"_ref-3\" class=\"reference\" aria-label=\"Link to Reference 3\"><a href=\"#_note-3\">[3]</a><span class=\"ts_popup \" hidden=\"\" id=\"ts_popup_3\" style=\"display: none;\">\n\t<span class=\"ts_close\">X</span>\n\t\t<span class=\"ts_name\">Research source</span>\n\t\t<span class=\"ts_description\"></span>\n\t\t\t\t<a href=\"#\" class=\"ts_source\" target=\"_blank\" rel=\"nofollow noreferrer noopener\"></a>\n\n</span>\n</sup>\n</li>\n<li>The National Association of Professional Pet Sitters at petsitters.org is also a great resource to find a caregiver for your pet while you’re on vacation. These sitters will come into your home while you’re away to care for your dog.<sup id=\"_ref-4\" class=\"reference\" aria-label=\"Link to Reference 4\"><a href=\"#_note-4\">[4]</a><span class=\"ts_popup \" hidden=\"\" id=\"ts_popup_4\" style=\"display: none;\">\n\t<span class=\"ts_close\">X</span>\n\t\t<span class=\"ts_name\">Research source</span>\n\t\t<span class=\"ts_description\"></span>\n\t\t\t\t<a href=\"#\" class=\"ts_source\" target=\"_blank\" rel=\"nofollow noreferrer noopener\"></a>\n\n</span>\n</sup>\n</li>\n</ul>\n"}]},{"title":"Preparing Your Pet Sitter","tasks":[{"title":"Compile a list of instructions.","content":"\n This should include how often the dog needs to be let out, whether or not there are areas of the house that are off limits for your pup, and how much and when to feed your dog. If your dog is on medications, make sure you leave instructions for dosage and administration. It is important to be as specific as possible in preparing the person taking care of your dog, especially if that person has little or no experience with dogs or other animals.\n"},{"title":"Make your dog’s meals in advance.","content":"\n Especially if your dog has a unique diet or you make food at home, preparing these in advance will make it easier for your sitter to care for the dog. You can place the food for each meal in a ziplock bag or other food storage container. Label each container to make it easy for your pet sitter to find just the right meal.\n<ul><li>If you’ve included medication in the dog’s food, make a note of this so your sitter knows they should monitor your dog to ensure they take the medicine.<sup id=\"_ref-6\" class=\"reference trusted\" aria-label=\"Link to Reference 6\"><a href=\"#_note-6\">[6]</a><span class=\"ts_popup trustedsource\" hidden=\"\" id=\"ts_popup_6\" style=\"display: none;\">\n\t<span class=\"ts_close\">X</span>\n\t\t<a class=\"ts_trustworthy\" href=\"/wikiHow:Delivering-a-Trustworthy-Experience\">Trustworthy Source</a>\n\n\t\t<span class=\"ts_name\">The Humane Society of the United States</span>\n\t\t<span class=\"ts_description\">National organization devoted to the promotion of animal welfare</span>\n\n\t\t\t\t<a href=\"#\" class=\"ts_source\" target=\"_blank\" rel=\"nofollow noreferrer noopener\">Go to source</a>\n</span>\n</sup>\n</li></ul>\n"},{"title":"Explain house training, crating, or other routines.","content":"\n If your dog has access to a doggy door and is house broken, your sitter will not need to spend as much time in your home. If your pup stays in a crate during the day, make sure your sitter knows how often they need to be let out. This ensures your sitter maintains your dog’s daily routine, which will reduce the risk that your dog will misbehave or be stressed while you’re away. It also helps to prevent accidents in the home.\n"},{"title":"Take time to answer any questions.","content":"\n You might think your instructions are thorough, but give them to your sitter in advance. Before you leave, ask if they’ve thought of any questions you can answer for them. You should also give your sitter a phone number or email address where they can reach you with additional questions later.\n"}]},{"title":"Preparing Your Dog","tasks":[{"title":"Spend extra time with your dog.","content":"\n In addition to making sure your sitter is ready to care for your dog, you’ll need to do your best to get your pup ready for your vacation. Before you leave, spend extra time with your dog. Go for longer walks, sleep in late, and spend extra time playing fetch or tug of war. Whatever you like to do with your dog, spend some extra time with it so you’ll both feel better about your being away for vacation. \n"},{"title":"Introduce your dog to their sitter.","content":"\n This is essential. You can never know for sure how a dog will react to a person in their home when you’re away. However, the better acquainted your dog is with their sitter, the less likely they are to react poorly. If at all possible, have your sitter visit your home when you’re not there after the initial introduction to your dog to ensure the pup will respond positively to them when you’re away. \n"},{"title":"Stay away for brief periods.","content":"\n This allows your dog to get used to you being gone. It will decrease your dog’s stress or anxiety when you’re away for the vacation. Start by going out for dinner directly after work. Then, stay overnight with a friend. If your sitter can feed or care for the dog while you take this extra time away that’s even better. Your dog will learn that, even if you’re gone for what feels like a long time, you always come back. This is important to prevent separation anxiety. \n"},{"title":"Take a vacation with your pet.","content":"\n If you can’t bring yourself to leave your pup at home, consider choosing a pet-friendly hotel and bringing your pup along. You can also plan pet-friendly vacations like hiking or camping. If you’re traveling by plane, you can even arrange to take your pet along. Contact your airline or check the website for their pet travel guidelines.\n"}]}],"questions":[]}