{"meta":{"description":"If your dog falls through a pool cover, they can become trapped and disoriented and potentially drawn. Fortunately, you can prevent such a tragic event from ever happening by training your dog to avoid the pool cover and using preventative safety measures to keep them safe. Spend some time working with your dog near the covered pool so they can learn to stay away from it. You can also use deterrents like a closed fence or a collar that sprays them with lemon juice whenever they go near a pool cover.","title":"Keep Dogs Off of a Pool Cover"},"todo_list":[{"title":"Training to Avoid a Pool Cover","tasks":[{"title":"Put your dog on a long leash and walk around the covered pool.","content":"\n Leash your dog and casually walk around the covered pool to get them used to it. Use a long leash so you can allow them to walk more independently as they learn to avoid the pool cover. Keep them on the leash the whole time so you can quickly correct them by pulling them away if they start to walk towards the cover.\n<ul>\n<li>Avoid harshly punishing or screaming at your dog if they start to wander over to the pool cover.</li>\n<li>Training your dog will take some time. In the beginning, focus on simply walking around the area so they’re comfortable.</li>\n</ul>\n\n"},{"title":"Command your dog to “Sit” near the pool and walk a short distance away.","content":"\n Once your dog is used to walking around the covered pool on the leash, have them sit near it. Then, walk away a few feet and get them to remain sitting. If they get up to follow you, return them to their original position and try again. Add more and more distance between you and them as they get better at staying.\n<ul>\n<li>You will have to correct them often when you first teach your dog to sit. Calmly walk them back to the starting point near the covered pool and try again.</li>\n<li>Dogs are eager to please and respond better to kindness, so be patient and they’ll get it eventually!</li>\n</ul>\n"},{"title":"Tell your dog to “Come” so they walk over to you.","content":"\n After your dog learns to remain sitting next to the pool cover without moving, call them over to you by saying “Come!” They’ll come sprinting over to you and you can practice sitting and calling them over again. Add more time before you call them to you so they learn to wait and to not pay attention to the pool cover.\n<ul><li>Don’t beg and plead with your dog to come to you. Calmly ask them to come so they learn to obey your commands.</li></ul>\n"},{"title":"Say “No” anytime they go near the pool cover.","content":"\n When you’re working with your dog to train them, anytime they attempt to investigate or walk over the pool cover, admonish them by sternly saying, “No!” Correct them anytime they appear to be tempted to go near the pool cover so they learn to avoid it.\n<ul>\n<li>It’s important that you consistently correct your dog so they know never to go near the pool cover.</li>\n<li>Don’t shout or scream at your dog or they’ll be afraid of you rather than learn to avoid the pool cover.</li>\n</ul>\n"},{"title":"Praise your dog and give them a treat if they don’t go near the pool cover.","content":"\n Anytime your dog stays seated and comes to you when they’re called without trying to go near the pool cover, reward them with lots of love, kisses, petting, and tasty treats. Give your dog positive motivation as a reward for avoiding the cover and it will become a learned behavior.\n<ul><li>Keep the training sessions fun and energetic so your dog is actively engaged and wants to please you.\n</li></ul>\n"},{"title":"Leash-train your dog about 2-3 times a week.","content":"\n Spend about 30 minutes training your dog to avoid the pool cover a couple of times a week. Make it a fun activity between you and your dog so they’re excited to learn with you. Over time, have your dog sit for longer periods of time and put more distance between you and them before you call them over.\n<ul><li>The benefits of training your dog to sit and stay in a spot extend beyond avoiding the pool cover! Your dog will learn to be patient and listen to your commands more effectively.</li></ul>\n"},{"title":"Take off the leash and continue to practice so they avoid the pool.","content":"\n Once your dog learns to stay seated and come to you when you call them, take off the leash and repeat the process. Practice adding longer waiting times before you call them and be sure to sternly tell them “No!” if they attempt to go near the pool cover.\n<ul>\n<li>Eventually, your dog will learn to never go near the pool cover.</li>\n<li>It can take a few weeks or even a few months until your dog learns to obey your commands well enough to take off their leash. Don’t rush it. If they need more leash time, give it to them!</li>\n</ul>\n"},{"title":"Replace treats with a clicker as a reward.","content":"\n After your dog masters sitting and staying without wearing a leash, stop giving them treats as a reward. <a href=\"/Clicker-Train-Your-Dog\" title=\"Clicker Train Your Dog\">Clicker train your dog</a> so they learn that the clicker is a reward for their good behavior. Once they understand that the clicker is the reward, they won’t beg for treats and will respond positively to the clicker.\n<ul><li>Treats are a great way to start training your dog, but eventually, they need to be taught to listen to you whether or not you have treats.</li></ul>\n"}]},{"title":"Using Preventative Measures","tasks":[{"title":"Install a secure fence around the pool so your dog can’t access it.","content":"\n <a href=\"/Install-Chain-Link-Fence\" title=\"Install Chain Link Fence\">Put up a chain-link</a> or a wooden fence with a gate around your pool to keep your dog from getting onto the cover and potentially falling in. Make sure the gate stays securely closed whenever the pool is covered.\n<ul><li>\n<a href=\"/Install-an-Underground-Dog-Fence\" title=\"Install an Underground Dog Fence\">Install an invisible underground dog fence</a> around the pool that will keep your dog from entering the area and getting on the pool cover.</li></ul>\n"},{"title":"Use a remote-controlled deterrent collar to keep your dog off the pool cover.","content":"\n Fit your dog with a collar that sprays lemon juice or citronella, an essential oil that irritates dogs, onto their face whenever you press the button on the remote control. Watch your dog as they play in the area around your pool and activate the spray anytime they try to get on the pool cover.\n<ul>\n<li>Eventually, your dog will learn to avoid the pool cover and you can remove the collar.</li>\n<li>Use a mild deterrent like lemon juice or citronella rather than a shock collar, which inflicts pain and isn’t humane.</li>\n</ul>\n"},{"title":"Choose a mesh or solid pool cover that can support the weight of your dog.","content":"\n Install a fitted pool cover that is solid or made of sturdy mesh rather than a floating pool cover. In the event that your dog does manage to get on the pool cover, they won’t accidentally fall in and get trapped.\n<ul>\n<li>Train your dog to stay off of the pool cover as well.</li>\n<li>While installing a sturdy pool cover won’t deter your dog from getting onto it, it will keep them from drowning if they do.</li>\n</ul>\n"},{"title":"Teach your dog to swim in case they fall through the pool cover.","content":"\n In the warm summer months, encourage your dog to get into the pool with you so they get comfortable swimming around in the water. Stand near and your support your dog as they learn to kick their legs and dog paddle. If they’re hesitant or afraid to get into the water, don’t force them. Take them to a dog swimming lesson so a professional can work with them.\n<ul>\n<li>Training your dog to swim will keep them from panicking and drowning if they accidentally fall through the pool cover.</li>\n<li>Look online for dog swimming lessons in your area.</li>\n</ul>\n"},{"title":"Show your dog where the stairs are when they swim so they can get out.","content":"\n Whenever your dog is swimming in the pool, lead them to the pool’s exit so they know how to get out if they ever do accidentally fall in. Don’t allow them to get out of the pool any other way so they learn to use the stairs instead.\n\n"}]}],"questions":[]}