{"meta":{"description":"Have you ever wondered if dogs could dream? Have you ever looked at your dog when he was sleeping, wondering if he was chasing after something? Interestingly, the brain activities of a sleeping dog and sleeping human are very similar,[1] making it reasonable to believe that dogs actually do dream. Even though your dog cannot tell you in words what he’s dreaming about, you can observe his body language to gain a better understanding of his dreams.","title":"Know If Your Dog Is Dreaming"},"todo_list":[{"title":"Learning Your Dog’s 'Dream' Body Language","tasks":[{"title":"Learn the different sleep stages.","content":"\n Just like people, dogs have different stages of sleep: short wave sleep (SWS) and rapid eye movement (REM). REM is considered to be the “sleep of body,” when the body is relaxed but the mind is very active. Dogs dream during REM.\n<ul>\n<li>SWS is known as the “sleep of the mind,” when brain activities have decreased, but muscle tone is still present.<sup id=\"_ref-5\" class=\"reference\" aria-label=\"Link to Reference 5\"><a href=\"#_note-5\">[5]</a><span class=\"ts_popup \" hidden=\"\" id=\"ts_popup_5\" style=\"display: none;\">\n\t<span class=\"ts_close\">X</span>\n\t\t<span class=\"ts_name\">Research source</span>\n\t\t<span class=\"ts_description\"></span>\n\t\t\t\t<a href=\"#\" class=\"ts_source\" target=\"_blank\" rel=\"nofollow noreferrer noopener\"></a>\n\n</span>\n</sup>\n</li>\n<li>It would be somewhat difficult to wake up your dog during the REM sleep stage,<sup id=\"_ref-6\" class=\"reference\" aria-label=\"Link to Reference 6\"><a href=\"#_note-6\">[6]</a><span class=\"ts_popup \" hidden=\"\" id=\"ts_popup_6\" style=\"display: none;\">\n\t<span class=\"ts_close\">X</span>\n\t\t<span class=\"ts_name\">Research source</span>\n\t\t<span class=\"ts_description\"></span>\n\t\t\t\t<a href=\"#\" class=\"ts_source\" target=\"_blank\" rel=\"nofollow noreferrer noopener\"></a>\n\n</span>\n</sup> but he would probably wake up more easily during SWS.<sup id=\"_ref-7\" class=\"reference\" aria-label=\"Link to Reference 7\"><a href=\"#_note-7\">[7]</a><span class=\"ts_popup \" hidden=\"\" id=\"ts_popup_7\" style=\"display: none;\">\n\t<span class=\"ts_close\">X</span>\n\t\t<span class=\"ts_name\">Research source</span>\n\t\t<span class=\"ts_description\"></span>\n\t\t\t\t<a href=\"#\" class=\"ts_source\" target=\"_blank\" rel=\"nofollow noreferrer noopener\"></a>\n\n</span>\n</sup>\n</li>\n</ul>\n\n"},{"title":"Observe your dog’s eye movements.","content":"\n Dogs tend to start dreaming about 20 minutes after they fall asleep. Rapid eye movement is one of the most obvious signs that your dog is dreaming. If you look closely enough, you may be able to see your dog’s eyes moving under his eyelids. This movement is due to your dog actually seeing his dream images as if they were happening in real life.\n<ul><li>Your dog’s eyes may be fully or partially closed when he is dreaming.</li></ul>\n"},{"title":"Watch your dog’s body movements.","content":"\n Quite naturally, dogs dream about typical dog activities (e.g., running,digging a hole and fighting with an imaginary burglar). His body movements when he is dreaming will likely reflect what is happening in his dream. For example, if he is running and/or chasing after something in his dream, you’ll probably see all of his legs moving in a running motion.\n<ul>\n<li>Your dog’s movements will likely be gentle and intermittent when he is dreaming, even if he is ‘running.’</li>\n<li>Your dog may also have occasional muscle twitches during his dream. These twitches will look jerky and will not last long. He will quickly fall back into a more relaxed state.<sup id=\"_ref-12\" class=\"reference\" aria-label=\"Link to Reference 12\"><a href=\"#_note-12\">[12]</a><span class=\"ts_popup \" hidden=\"\" id=\"ts_popup_12\" style=\"display: none;\">\n\t<span class=\"ts_close\">X</span>\n\t\t<span class=\"ts_name\">Research source</span>\n\t\t<span class=\"ts_description\"></span>\n\t\t\t\t<a href=\"#\" class=\"ts_source\" target=\"_blank\" rel=\"nofollow noreferrer noopener\"></a>\n\n</span>\n</sup>\n</li>\n<li>Even though your dog may move occasionally while he is dreaming, his overall body posture will suggest that he is relaxed and at peace.</li>\n</ul>\n"},{"title":"Listen to your dog’s vocalizations.","content":"\n Your dog may begin to make various noises when he is dreaming. For example, he may bark, whine, or cry, depending on what he is dreaming about. Usually, these vocalizations will be brief and infrequent, and will not wake him from his dream.\n<ul>\n<li>Your dog may also breathe differently during a dream. For example, he may start to breathe rapidly or have brief periods when he holds his breath.<sup id=\"_ref-14\" class=\"reference\" aria-label=\"Link to Reference 14\"><a href=\"#_note-14\">[14]</a><span class=\"ts_popup \" hidden=\"\" id=\"ts_popup_14\" style=\"display: none;\">\n\t<span class=\"ts_close\">X</span>\n\t\t<span class=\"ts_name\">Research source</span>\n\t\t<span class=\"ts_description\"></span>\n\t\t\t\t<a href=\"#\" class=\"ts_source\" target=\"_blank\" rel=\"nofollow noreferrer noopener\"></a>\n\n</span>\n</sup>\n</li>\n<li>Your dog’s breath may also become shallow.<sup id=\"_ref-15\" class=\"reference\" aria-label=\"Link to Reference 15\"><a href=\"#_note-15\">[15]</a><span class=\"ts_popup \" hidden=\"\" id=\"ts_popup_15\" style=\"display: none;\">\n\t<span class=\"ts_close\">X</span>\n\t\t<span class=\"ts_name\">Research source</span>\n\t\t<span class=\"ts_description\"></span>\n\t\t\t\t<a href=\"#\" class=\"ts_source\" target=\"_blank\" rel=\"nofollow noreferrer noopener\"></a>\n\n</span>\n</sup>\n</li>\n</ul>\n"}]},{"title":"Knowing What to do When Your Dog is Dreaming","tasks":[{"title":"Do not wake up your dog when he is dreaming.","content":"\n As much you appreciate having uninterrupted sleep, your dog would also appreciate if you did not wake him up. Similar to human dreams, your dog’s dreams function to process and reorganize what he did during the day. By allowing your dog to sleep and dream uninterrupted, his brain will be better able to process information.\n<ul>\n<li>A helpful saying to remember when your dog is dreaming is “Let sleeping dogs lie.”<sup id=\"_ref-17\" class=\"reference\" aria-label=\"Link to Reference 17\"><a href=\"#_note-17\">[17]</a><span class=\"ts_popup \" hidden=\"\" id=\"ts_popup_17\" style=\"display: none;\">\n\t<span class=\"ts_close\">X</span>\n\t\t<span class=\"ts_name\">Research source</span>\n\t\t<span class=\"ts_description\"></span>\n\t\t\t\t<a href=\"#\" class=\"ts_source\" target=\"_blank\" rel=\"nofollow noreferrer noopener\"></a>\n\n</span>\n</sup>\n</li>\n<li>You may need to wake him up if he looks like he’s having a bad dream or nightmare (e.g., distressed-sounded vocalizations). If this is the case, gently call his name (without touching him) to wake him up. When he is awake, talk to him in a reassuring voice to help him calm down.<sup id=\"_ref-18\" class=\"reference\" aria-label=\"Link to Reference 18\"><a href=\"#_note-18\">[18]</a><span class=\"ts_popup \" hidden=\"\" id=\"ts_popup_18\" style=\"display: none;\">\n\t<span class=\"ts_close\">X</span>\n\t\t<span class=\"ts_name\">Research source</span>\n\t\t<span class=\"ts_description\"></span>\n\t\t\t\t<a href=\"#\" class=\"ts_source\" target=\"_blank\" rel=\"nofollow noreferrer noopener\"></a>\n\n</span>\n</sup>\n</li>\n</ul>\n"},{"title":"Do not touch your dog when he is dreaming.","content":"\n Depending on what your dog is dreaming about, he may be in a relatively active state when he is sleeping. If you try to wake him by touching him, he may react defensively and try to scratch or bite you.\n"},{"title":"Learn what a seizure looks like.","content":"\n At first glance, your dog’s movements and vocalizations during a dream may look troubling, and you may wonder if he is having a seizure. Recognizing what a seizure looks like will help you determine if your dog is having a seizure or is just having a very active dream. For example, if your dog is having a seizure, his body will become stiff and he may begin to tremble heavily or have violent muscle activity.\n<ul>\n<li>During a seizure, your dog may start to pant excessively and might vomit, urinate, or defecate.</li>\n<li>If your dog is having a seizure, his eyes may be wide open but have a blank stare. He might also begin to have loud, involuntary vocalizations (moaning, howling, screaming). These vocalizations might be very unsettling to you, but are not signs of pain and distress.</li>\n<li>Unlike a dream, your dog will likely lose consciousness if he is having a seizure. Because of this, he would not respond to you if you called his name.</li>\n<li>If your dog has had a seizure, he would be very disoriented and confused after regaining consciousness. This is different from a dream, which your dog would wake up from and not feel disoriented.</li>\n<li>If your dog is having a seizure, stay calm and stay away from his head and mouth. Clear away any item, such as furniture, on which he could injure himself. Even though he may be unconscious, talk to him in a soothing voice until the seizure ends. When the seizure ends, cool him down with a fan and call your veterinarian.<sup id=\"_ref-21\" class=\"reference\" aria-label=\"Link to Reference 21\"><a href=\"#_note-21\">[21]</a><span class=\"ts_popup \" hidden=\"\" id=\"ts_popup_21\" style=\"display: none;\">\n\t<span class=\"ts_close\">X</span>\n\t\t<span class=\"ts_name\">Research source</span>\n\t\t<span class=\"ts_description\"></span>\n\t\t\t\t<a href=\"#\" class=\"ts_source\" target=\"_blank\" rel=\"nofollow noreferrer noopener\"></a>\n\n</span>\n</sup>\n</li>\n<li>Seizures require immediate medical attention.</li>\n</ul>\n"}]}],"questions":[{"title":"How do you know if your dog is having a seizure?","content":"Support wikiHow by unlocking this expert answer.\nSeizures show symptoms like: losing consciousness, collapsing to the ground, falling to the side, paddling limbs, jerking, tremors, twitching, stiffening limbs and muscles, drooling or foaming at mouth, and chomping and tongue chewing. They will frequently defecate or urinate during a seizure."},{"title":"How do you know if your dog is having a seizure?","content":"Support wikiHow by unlocking this expert answer.\nSeizures show symptoms like: losing consciousness, collapsing to the ground, falling to the side, paddling limbs, jerking, tremors, twitching, stiffening or limbs and muscles, drooling or foaming at mouth, and tongue chewing. They will frequently defecate or urinate during a seizure."},{"title":"What do dogs dream about?","content":"Support wikiHow by unlocking this expert answer.\nDreaming is a way of processing sights, sounds, and experiences that the dog encountered during the day. We can't know for sure, but it seems likely that dogs dream about doggy things such as chasing a ball, barking at intruders, or even suckling milk from their mother."},{"title":"I don't get the seizure stuff. Please can you clarify?","content":"Support wikiHow by unlocking this expert answer.\nSometimes a dog having a particularly exciting dream that involves chasing can look a bit like a dog having a seizure. Whereas a dog having a dream is nothing to worry about, if your dog has a seizure then afterwards, he should see a vet. In both cases (whether its a dream or a seizure) do not wake or disturb the dog. If you are unsure which is which, then video the event on your smartphone and show it to the vet."},{"title":"How do you know if your dog is having a bad dream?","content":"Support wikiHow by unlocking this expert answer.\nLook for signs of distress in their body language and whether they seem agitated or not. Dogs can have nice or nasty dreams just like people."},{"title":"Are you supposed to wake up a dreaming dog?","content":"Support wikiHow by unlocking this expert answer.\nNo, leave them to sleep. Dogs have similar sleep patterns to people and dreaming is a normal part of how they process what happened during the day."},{"title":"Is my dog having a bad dream or a seizure?","content":"Support wikiHow by unlocking this expert answer.\nBad dreams tend to include barking, growling or changes of facial expression. The dog's body will be mostly relaxed, with just the paws moving. However, a seizure is more generalized with all the muscles tense."},{"title":"How do you know if your dog is having a seizure?","content":"Support wikiHow by unlocking this expert answer.\nSeizures are quite distinctive and, once seen, are never forgotten. They are much more violent than a bad dream. If you are in doubt, video the episode and show it to a vet."}]}