{"meta":{"description":"Do you want to make a special treat for your dog's birthday? Make a cute birthday cake your dog will adore. Many regular birthday cake ingredients (like sugar and salt) aren't good for dogs, so use tasty ingredients that won't hurt his or her stomach. Choose from one of these various \"cake\" styles to celebrate your dog's big day. Your dog will not get any upset stomachs from these recipes. The ingredients are actually sometimes provided by a vet sometimes!","title":"Make a Doggie Birthday Cake"},"todo_list":[{"title":"Making a Peanut Butter Banana Cake","tasks":[{"title":"Preheat the oven to 350ºF/180ºC.","content":"\n\n\n"},{"title":"Grease a small cake pan or muffin tin.","content":"\n This recipe makes a small cake in a serving size suitable for your dog and a friend. If you have more canine guests, you'll want to double the recipe.\n"},{"title":"Mix the ingredients together in a medium bowl.","content":"\n Use an electric mixer or your own elbow grease to mix up the peanut butter, egg, banana, baking powder and cottage cheese until the batter is smooth and creamy.\n<ul>\n<li>If you want the cake to have a firmer structure, add 1/2 cup of wheat flour. Many dogs are sensitive to wheat, so you should only do this if you know your dog can safely eat wheat products.</li>\n<li>If your dog like sweeter treats, you can also add 2 teaspoons apple juice.</li>\n<li>Don't add extra sugar or salt, since it's not good for your dog.</li>\n</ul>\n"},{"title":"Spoon the batter into the prepared pan.","content":"\n Use the back of your spoon to smooth over the top, so it will bake evenly.\n"},{"title":"Bake the cake for 15 to 20 minutes.","content":"\n Test the cake to see if it's done by sticking a toothpick into the center. If it comes out clean, it's done.\n"},{"title":"Let the cake cool for 10 minutes before removing it from the pan.","content":"\n Don't dish it up right away, since it's too hot for your dog's mouth.\n"},{"title":"Ice the cake with extra peanut butter.","content":"\n If you want it to have the lighter texture of regular cake icing, beat equal parts peanut butter and cream cheese, then spread it on the cake. \n"}]},{"title":"Making a Meat Lover's Cake","tasks":[{"title":"Preheat the oven to 350ºF/180ºC.","content":"\n\n"},{"title":"Grease a small cake pan or muffin tin.","content":"\n This recipe makes a small cake in a serving size suitable for your dog and a friend. If you have more canine guests, you'll want to double the recipe.\n"},{"title":"Cook the bacon until crispy.","content":"\n You may do this in the microwave or on the stovetop. When the bacon is crispy, place it on a paper towel to drain the grease.\n"},{"title":"Mix the ingredients in a medium bowl.","content":"\n Crumble the bacon into the bowl, and add the ground beef, cooked barley or rice, carrot and egg. Use a spoon to thoroughly mix the ingredients together.\n<ul>\n<li>You know best what your dog finds tasty. Feel free to add a handful of other vegetables your dog likes to \"sweeten\" the cake for him or her.</li>\n<li>You could also add herbs for some gourmet flair. Add a tablespoon of chopped parsley if you know your dog likes the taste.</li>\n</ul>\n"},{"title":"Press the mixture into the prepared pan.","content":"\n Use your fingers to press it evenly into the pan. Use the back of a spoon to smooth the top.\n"},{"title":"Bake the meat cake for 45 minutes.","content":"\n The beef should be fully cooked at this point. Remove the cake from the oven to allow it to cool, then invert it onto a plate. You may have to run a knife around the edges to help loosen the cake. \n"},{"title":"Ice the cake with cream cheese.","content":"\n Wait until the cake is mostly cool, or the cream cheese will melt. \n"}]},{"title":"Making a Sweet Apple Cake","tasks":[{"title":"Preheat the oven to 350ºF/180ºC.","content":"\n\n"},{"title":"Grease a small cake pan or muffin tin.","content":"\n This recipe makes a small cake in a serving size suitable for your dog and a friend. If you have more canine guests, you'll want to double the recipe.\n"},{"title":"Mix the ingredients in a medium bowl.","content":"\n Place all of the ingredients in a bowl and mix thoroughly until the batter is smooth and creamy.\n"},{"title":"Spoon the batter into the prepared pan.","content":"\n Use the back of the spoon to smooth the top of the batter.\n"},{"title":"Bake the cake for 15 minutes.","content":"\n Test to make sure the cake is ready by sticking a toothpick in the center. If it comes out clean, the cake is done. If it's wet, give the cake a few more minutes.\n"},{"title":"Let the cake cool for 10 minutes.","content":"\n Once the cake is cool, invert it onto a plate for serving.\n"},{"title":"Ice the cake with extra cream cheese.","content":"\n You can sweeten it with a little honey if your dog has a sweet tooth.\n"},{"title":"Finished.","content":"\n \n"}]},{"title":"Making a Carrot Chicken Cake (No Bake)","tasks":[{"title":"Pour the puréed carrot mixture into a cake pan.","content":"\n Add as much as needed, depending on how big the cake pan is.\n"},{"title":"Add boiled chicken breast in the cake pan.","content":"\n\n"},{"title":"Decorate with dog treats.","content":"\n\n"},{"title":"Serve.","content":"\n It's time for your dog to have its birthday treat.\n"}]}],"questions":[{"title":"Is it really okay to feed my dog apples?","content":"Its okay as long as you don't feed them the seeds."},{"title":"Can I use a pressure cooker instead of using an oven to make these cakes?","content":"Yes."},{"title":"What happens if I cook the carrot chicken cake?","content":"Nothing, it just might come out drier and less appetizing. It would still be edible and safe to eat though."},{"title":"Are dogs allowed to eat banana and cheese?","content":"Dogs can have bananas in moderation. They can also eat a bit of cheese, but they are not supposed to consume lactose so be careful with how much cheese you give your dog."},{"title":"Where can I get dog chocolate?","content":"Try Amazon, eBay or your local pet store."},{"title":"Can you freeze these cakes?","content":"Yes, you can freeze them."},{"title":"Could I feed my pig any of these?","content":"You sure can, a pig could eat anything. It will enjoy a cake."},{"title":"Are these safe for humans to eat?","content":"They aren't harmful, but they wouldn't taste very good to a human. I wouldn't recommend that you eat it."},{"title":"Can dogs die from eating too much food?","content":"If a dog eats too much or too quickly, canine bloating can occur. Bloating in dogs is one of the few true emergencies in veterinary medicine. They can die if not treated promptly, so if you suspect bloating in your dog, get medical attention immediately."},{"title":"Can you give these to cats?","content":"While dogs are omnivores, able to eat foods other than just meat, cats are carnivores, only eating meat. While some non-meat ingredients are not harmful to their health, it's best to check with your vet. And if you make a cake with ingredients safe for cats, oftentimes they won't eat it because it's not what they like or are used to eating (which is meat). But if you know your cat likes eating things that are not meat, and yet are safe for them, you can use those ingredients to make a cake and see how your cat likes it."}]}