{"meta":{"description":"Microchipping is a technology used to locate your dog if she ever gets lost or is stolen. Collars and tags can be helpful when you need to find a missing dog, but there's always the chance that they could fall off. Microchips, on the other hand, are placed just under your dog's skin, so they're a more reliable and permanent form of ID. If your dog's collar comes off, a microchip is the perfect backup option, ensuring that you and your dog will be reunited much sooner.","title":"Microchip Your Dog"},"todo_list":[{"title":"Getting the Microchip","tasks":[{"title":"Bathe your dog.","content":"\n Before you get your dog microchipped, she needs to be clean. This is so the injection site is nice and clean when the vet injects the microchip into your dog.\n\n"},{"title":"Refrain from microchipping your dog yourself.","content":"\n You should not inject your dog with a microchip at home. It is illegal in many states to implant your dog yourself and you can have legal action brought against you. \n<ul><li>Even if you are able to buy a microchip from a third part source, do not implant the chip yourself.</li></ul>\n"},{"title":"Take your dog to the vet.","content":"\n Microchips should always be injected by a qualified medical professional. It is much safer for your dog because your vet knows exactly where the microchip should be placed, how much pressure should be used, and what to look for in the rare chance there is any reaction to the microchip.\n<ul><li>You can hurt your dog if she isn't injected in the right way.<sup id=\"_ref-2\" class=\"reference\" aria-label=\"Link to Reference 2\"><a href=\"#_note-2\">[2]</a><span class=\"ts_popup \" hidden=\"\" id=\"ts_popup_2\" style=\"display: none;\">\n\t<span class=\"ts_close\">X</span>\n\t\t<span class=\"ts_name\">Research source</span>\n\t\t<span class=\"ts_description\">Shelter Medicine for Veterinarians and Staff. Editors Lila Miller, DVM and Stephen Zawistowski, PhD and CAAB. Blackwell Publishing. 2004</span>\n\n</span>\n</sup><sup id=\"_ref-3\" class=\"reference\" aria-label=\"Link to Reference 3\"><a href=\"#_note-3\">[3]</a><span class=\"ts_popup \" hidden=\"\" id=\"ts_popup_3\" style=\"display: none;\">\n\t<span class=\"ts_close\">X</span>\n\t\t<span class=\"ts_name\">Research source</span>\n\t\t<span class=\"ts_description\"></span>\n\t\t\t\t<a href=\"#\" class=\"ts_source\" target=\"_blank\" rel=\"nofollow noreferrer noopener\"></a>\n\n</span>\n</sup>\n</li></ul>\n"},{"title":"Fill out the paperwork.","content":"\n When you are having your dog microchipped, you need to fill out the paperwork that comes with the microchip so the microchip is registered. The information that you list on these forms is how your dog will be returned to you if she is ever lost or recovered. Your vet will then send off the paperwork to the manufacturer's database for you.\n<ul>\n<li>There is a fee to register the paperwork, which is often included in your vet bill.</li>\n<li>Make a copy of this paperwork if your vet doesn't offer you one. This will ensure that you have all the right information about your dog's microchip.<sup id=\"_ref-4\" class=\"reference\" aria-label=\"Link to Reference 4\"><a href=\"#_note-4\">[4]</a><span class=\"ts_popup \" hidden=\"\" id=\"ts_popup_4\" style=\"display: none;\">\n\t<span class=\"ts_close\">X</span>\n\t\t<span class=\"ts_name\">Research source</span>\n\t\t<span class=\"ts_description\"></span>\n\t\t\t\t<a href=\"#\" class=\"ts_source\" target=\"_blank\" rel=\"nofollow noreferrer noopener\"></a>\n\n</span>\n</sup>\n</li>\n</ul>\n"},{"title":"Check the microchip's ID number.","content":"\n Before your vet injects the microchip, she will place the microchip reader over the needle with the microchip in it to make sure it reads clearly and emits the right unique ID number.\n<ul>\n<li>The number should match that on your paperwork.</li>\n<li>You should also keep this number for your records.<sup id=\"_ref-5\" class=\"reference\" aria-label=\"Link to Reference 5\"><a href=\"#_note-5\">[5]</a><span class=\"ts_popup \" hidden=\"\" id=\"ts_popup_5\" style=\"display: none;\">\n\t<span class=\"ts_close\">X</span>\n\t\t<span class=\"ts_name\">Research source</span>\n\t\t<span class=\"ts_description\"></span>\n\t\t\t\t<a href=\"#\" class=\"ts_source\" target=\"_blank\" rel=\"nofollow noreferrer noopener\"></a>\n\n</span>\n</sup>\n</li>\n</ul>\n"},{"title":"Have the nurse hold your dog still.","content":"\n Your vet can perform the microchip injection in the normal exam room. She will require the assistance of a nurse to help her with the injection. The nurse will gently hold your dog steady by placing one arm beneath your dog's body and gently place the crook of his arm under her neck.\n<ul><li>He will then hold the dog close to his body so she can't move.<sup id=\"_ref-6\" class=\"reference\" aria-label=\"Link to Reference 6\"><a href=\"#_note-6\">[6]</a><span class=\"ts_popup \" hidden=\"\" id=\"ts_popup_6\" style=\"display: none;\">\n\t<span class=\"ts_close\">X</span>\n\t\t<span class=\"ts_name\">Research source</span>\n\t\t<span class=\"ts_description\"></span>\n\t\t\t\t<a href=\"#\" class=\"ts_source\" target=\"_blank\" rel=\"nofollow noreferrer noopener\"></a>\n\n</span>\n</sup>\n</li></ul>\n"},{"title":"Have the vet inject the microchip.","content":"\n Once the nurse has your dog secure, your vet can locate the place between your dog's shoulder blades where the chip will be implanted. You vet will gently pull up the skin in this area and she will implant the microchip, about the size of a grain of rice, directly under the skin with the applicator.\n<ul><li>The skin doesn't need an alcohol swab or other preparation as long as your dog is clean.</li></ul>\n"},{"title":"Recheck the microchip.","content":"\n Once the microchip is implanted in your dog, the vet will recheck the chip to make sure it is still transmitting now that it is in your dog's skin. Once the number reads the right unique ID, your dog is ready to go.\n<ul><li>Your vet will also routinely check the chip once a year to make sure it is functioning properly.<sup id=\"_ref-8\" class=\"reference\" aria-label=\"Link to Reference 8\"><a href=\"#_note-8\">[8]</a><span class=\"ts_popup \" hidden=\"\" id=\"ts_popup_8\" style=\"display: none;\">\n\t<span class=\"ts_close\">X</span>\n\t\t<span class=\"ts_name\">Research source</span>\n\t\t<span class=\"ts_description\"></span>\n\t\t\t\t<a href=\"#\" class=\"ts_source\" target=\"_blank\" rel=\"nofollow noreferrer noopener\"></a>\n\n</span>\n</sup>\n</li></ul>\n"},{"title":"Keep your information up to date.","content":"\n If you move, change your phone number, or if any other contact information changes, make sure you tell your vet or contact the manufacturer's database about your change in information.\n<ul><li>They will update your information as soon as possible so your dog can be returned to the right place if she goes missing.<sup id=\"_ref-9\" class=\"reference\" aria-label=\"Link to Reference 9\"><a href=\"#_note-9\">[9]</a><span class=\"ts_popup \" hidden=\"\" id=\"ts_popup_9\" style=\"display: none;\">\n\t<span class=\"ts_close\">X</span>\n\t\t<span class=\"ts_name\">Research source</span>\n\t\t<span class=\"ts_description\"></span>\n\t\t\t\t<a href=\"#\" class=\"ts_source\" target=\"_blank\" rel=\"nofollow noreferrer noopener\"></a>\n\n</span>\n</sup>\n</li></ul>\n"}]},{"title":"Considering a Microchip","tasks":[{"title":"Learn why you should microchip.","content":"\n Microchips greatly increase your chances of having your dog returned to you if she is lost. Collars and other identifying tags can fall off, but microchips never leave your dog once they are implanted.\n"},{"title":"Understand how a microchip works.","content":"\n A microchip is a device that emits radio waves at a certain frequency. There are typically three different frequencies that a chip may emit at, but there are universal readers that will read all three frequencies. When the frequency is read, the reader will display the unique ID number attached to your paperwork as well as the manufacturer of the chip. This will tell them which database to contact in order to find your information.\n<ul><li>The chip itself does not contain your contact information. It just has your unique ID, which is used to access your paperwork.<sup id=\"_ref-12\" class=\"reference\" aria-label=\"Link to Reference 12\"><a href=\"#_note-12\">[12]</a><span class=\"ts_popup \" hidden=\"\" id=\"ts_popup_12\" style=\"display: none;\">\n\t<span class=\"ts_close\">X</span>\n\t\t<span class=\"ts_name\">Research source</span>\n\t\t<span class=\"ts_description\"></span>\n\t\t\t\t<a href=\"#\" class=\"ts_source\" target=\"_blank\" rel=\"nofollow noreferrer noopener\"></a>\n\n</span>\n</sup>\n</li></ul>\n"},{"title":"Know how long microchips last.","content":"\n Microchips do not run on power. They simply reflect a signal back to the scanner. Once your dog has been implanted with a microchip, it will last for her whole life.\n"},{"title":"Learn how much microchips cost.","content":"\n Most vets charge between $25 to $50 for the implantation of a microchip. This will vary depending on your vet.\n"},{"title":"Be aware that it doesn't affect your dog's health.","content":"\n Microchipping has a very minimal chance of any side effects. There is only a small pain felt when the microchip is injected, similar to that of any shot. Your dog may react to this a little bit, but it will only sting for a few moments.\n<ul>\n<li>If your dog is smaller, there may be a little more pain at the moment of injection because she is has less padding.</li>\n<li>No surgery or anesthesia is required to implant the microchip. However, many owners opt to have the microchip implanted at the same time she is spayed (or neutered if male) so she gets both procedures handled at one time.<sup id=\"_ref-15\" class=\"reference\" aria-label=\"Link to Reference 15\"><a href=\"#_note-15\">[15]</a><span class=\"ts_popup \" hidden=\"\" id=\"ts_popup_15\" style=\"display: none;\">\n\t<span class=\"ts_close\">X</span>\n\t\t<span class=\"ts_name\">Research source</span>\n\t\t<span class=\"ts_description\"></span>\n\t\t\t\t<a href=\"#\" class=\"ts_source\" target=\"_blank\" rel=\"nofollow noreferrer noopener\"></a>\n\n</span>\n</sup>\n</li>\n<li>There have been a few documented cases of extreme side effects, such as microchip migration that leads to abscesses or, in one case, death, but these are very rare.<sup id=\"_ref-16\" class=\"reference\" aria-label=\"Link to Reference 16\"><a href=\"#_note-16\">[16]</a><span class=\"ts_popup \" hidden=\"\" id=\"ts_popup_16\" style=\"display: none;\">\n\t<span class=\"ts_close\">X</span>\n\t\t<span class=\"ts_name\">Research source</span>\n\t\t<span class=\"ts_description\"></span>\n\t\t\t\t<a href=\"#\" class=\"ts_source\" target=\"_blank\" rel=\"nofollow noreferrer noopener\"></a>\n\n</span>\n</sup>\n</li>\n</ul>\n"}]}],"questions":[]}