{"meta":{"description":"Just because your dog is small doesn’t mean it will enjoy living in a small space. If you have a small dog and will soon be moving from a house with a yard to an apartment, there are several steps you can take to get your pooch ready for apartment living. Even if you have already made the move to an apartment, there are many things you can do to help your dog adjust and remain comfortable in its new home.","title":"Prepare Your Small Dog for Apartment Living"},"todo_list":[{"title":"Getting Your Dog Ready for Apartment Living","tasks":[{"title":"Limit outdoor time in the yard during the last two to three weeks before moving.","content":"\n Outdoor space will be limited in the new apartment. Taking your small dog out in the yard less often before moving will help it get used to no longer having a yard for running around.\n<ul>\n<li>Try not to abruptly stop taking your dog out in the yard. Make the transition gradual. This will give your dog time to adjust.</li>\n<li>Try shortening outside time a little more every few days. If your dog is used to being outside for two hours total every day, try shortening the time to an hour and 45 minutes. After three to four days of that, cut the time down to an hour and a half. Continue cutting the total time until the move.</li>\n<li>You can start shortening time outside in the yard each time you take the dog out to use the bathroom. Rather than let the dog run around, bring him back in as soon as he’s done.</li>\n</ul>\n\n"},{"title":"Walk your dog twice a day during the last week before the move.","content":"\n Small dogs need exercise just like larger ones, but the opportunity to be outside will be limited in the apartment. A walk in the morning and one in the afternoon or evening will give your dog the daily exercise it needs. Plus, starting the walks before the move will help your dog adapt to its new routine after the move.\n"},{"title":"Spend time playing with your dog indoors every day.","content":"\n Once you move, you’ll no longer be able to play with your dog out in the yard whenever you want. Getting your dog used to indoor playtime before the move can help it more easily adjust to the new apartment. After the move, your dog will probably look forward to indoor playtime together.\n<ul>\n<li>Play fetch with a soft toy that won’t knock over any breakable items in your apartment.</li>\n<li>Play hide and seek with a bone, ball, or dog toy. Show your dog the item, then hide it somewhere and let your pooch find it.</li>\n<li>Practice old and new tricks, such as sit or roll over. Let your dog proudly show you he’s still good at tricks he’s already learned. Then challenge him by teaching a new trick.</li>\n<li>Create a small obstacle course for your dog to navigate. Choose an area with the most open floor space, such as the living room. Then set up a few items for the dog to climb or jump over, or to go around or crawl through. You can use boxes, crates, chairs, baskets, or anything you have on hand.</li>\n</ul>\n"},{"title":"Introduce your dog to training pads.","content":"\n Training pads work great with small dogs. The pads can absorb any accidents your dog might have in the new apartment. You can also choose to train your dog to intentionally go on the training pads all the time since you won’t have a yard for the dog to go in.\n<ul><li>Place training pads in areas of your home similar to where you plan to have them in the apartment. For instance, keep one in or near the bathroom and do the same once you move. This will help your dog more easily find the pads after moving to the new place.</li></ul>\n"},{"title":"Purchase training pads and other supplies before moving to the apartment.","content":"\n Gathering many of the items you’ll need for your dog in the new apartment ahead of time will make things easier on you after the move. You and your dog will both be better prepared for life in the apartment.\n<ul><li>Items you might need for your small dog in the apartment include training pads, a leash for walks, and toys for indoor playtime.</li></ul>\n"}]},{"title":"Adjusting to the New Apartment","tasks":[{"title":"Develop a routine in the new apartment right away.","content":"\n Your dog will become comfortable in its new home more quickly when it knows what to expect. Develop a schedule for everything, from feeding and walking the dog to outdoor bathroom breaks and playtime. Try to do everything around the same time each day.\n"},{"title":"Have one person stay home while the other is out, if possible, until the dog adjusts.","content":"\n If you live with a partner, roommate, or family member, your dog will feel less anxious about its new home in the apartment if someone is always there during the first few weeks. When one of you is out, the other can stay with the dog. This isn’t always possible due to work schedules and other commitments, but doing it when you can will be comforting to your dog.\n<ul>\n<li>It shouldn’t be necessary to continue having someone stay home indefinitely. Once your dog shows signs of feeling at ease in the apartment, try leaving it home alone. You can tell your dog is feeling comfortable when it holds its ears and tail in their natural, relaxed positions when you are getting ready to leave.</li>\n<li>Skip this step if you live alone.</li>\n</ul>\n"},{"title":"Experiment with leaving the apartment without your dog for short time periods.","content":"\n Your dog might be nervous about being in a new home and feel anxious when you’re not there. Even the smallest dog can become too noisy and annoy the neighbors when barking for its owner. To help your pup get used to being without you in the new apartment, step out briefly. Check your mail, chat with a neighbor down the hall, or run a quick errand. As your dog gets used to you being away for short periods of time, it will also be less anxious when you’re gone longer.\n"},{"title":"Create a comfortable space with things that are familiar to your dog.","content":"\n A space where your dog can get cozy, or take a break when needed, will help your dog feel safe and comfortable in its new home.\n<ul>\n<li>Make the space comfortable by placing familiar items there, such as a favorite toy or blanket.<sup id=\"_ref-6\" class=\"reference trusted\" aria-label=\"Link to Reference 6\"><a href=\"#_note-6\">[6]</a><span class=\"ts_popup trustedsource\" hidden=\"\" id=\"ts_popup_6\" style=\"display: none;\">\n\t<span class=\"ts_close\">X</span>\n\t\t<a class=\"ts_trustworthy\" href=\"/wikiHow:Delivering-a-Trustworthy-Experience\">Expert Source</a>\n\n\t\t<span class=\"ts_name\"></span>\n\t\t\t<a class=\"ts_expert_link\" href=\"/Experts?name=amandamarshall-polimeni#amandamarshall-polimeni\"><span class=\"ts_expert_image\"><picture><source type=\"image/webp\" srcset=\"/images/thumb/5/51/Amanda_Marshall-Polimeni.png/-crop-100-100-100px-Amanda_Marshall-Polimeni.png.webp\"><img src=\"/images/thumb/5/51/Amanda_Marshall-Polimeni.png/-crop-100-100-100px-Amanda_Marshall-Polimeni.png\" alt=\"Amanda Marshall-Polimeni\" loading=\"lazy\" width=\"30\" height=\"30\" style=\"max-width: 30px\"></picture></span>Amanda Marshall-Polimeni<br><span class=\"ts_blurb\">Dog Behavior Consultant</span></a>\n\n\t\t<span class=\"ts_description\">Expert Interview.  25 February 2021</span>\n\n</span>\n</sup> These should be items your dog had in the old home before the move.</li>\n<li>You can use your dog’s bed or crate to create a space that is exclusively for your dog.</li>\n</ul>\n"}]},{"title":"Keeping Your Dog Happy in the Apartment","tasks":[{"title":"Keep the dog in a crate while you are out of the apartment.","content":"\n If your dog is extremely nervous every time you leave, it might feel more comfortable in a crate while you are gone. Depending on your dog, you don’t necessarily have to lock it in the crate. It can be comforting just having the crate as a safe place for the dog to take refuge when you’re out.\n<ul><li>For more details about crate training, read Crate Train Your Dog or Puppy.</li></ul>\n"},{"title":"Take your dog out for daily walks.","content":"\n Even the smallest dogs need daily exercise. Since your pup no longer has its own yard to run and play in every day, you’ll need to schedule daily walks. A walk first thing in the morning and another one late afternoon will keep your dog healthy and happy.\n<ul>\n<li>Walk your dog for at least 20-30 minutes each time.<sup id=\"_ref-9\" class=\"reference\" aria-label=\"Link to Reference 9\"><a href=\"#_note-9\">[9]</a><span class=\"ts_popup \" hidden=\"\" id=\"ts_popup_9\" style=\"display: none;\">\n\t<span class=\"ts_close\">X</span>\n\t\t<span class=\"ts_name\">Research source</span>\n\t\t<span class=\"ts_description\"></span>\n\t\t\t\t<a href=\"#\" class=\"ts_source\" target=\"_blank\" rel=\"nofollow noreferrer noopener\"></a>\n\n</span>\n</sup>\n</li>\n<li>Getting your dog outdoors daily prevents your pet from being cooped up in the apartment for too long, which can lead to unwanted behaviors such as chewing on furniture.</li>\n</ul>\n"},{"title":"Take your dog outside for regular potty breaks if not using training pads.","content":"\n Your dog will probably need to go to the bathroom at least three times during the day. If you don’t plan to use indoor training pads, take your dog out to use the bathroom once each in the morning, afternoon, and evening.\n"},{"title":"Take your dog to a park at least once a week.","content":"\n In addition to daily walks, your pooch will benefit from more extensive exercise at least one day each week. A walk in any park is great, but parks designated specifically for dogs are excellent places for allowing your pup to stretch its legs and run around freely.\n<ul><li>Exercising your dog regularly will keep it happy in your new, smaller home, and your dog will look forward to weekly trips to the park.</li></ul>\n"},{"title":"Hire someone to check on your dog during the day.","content":"\n If you are away at work all day, having someone else stop by your apartment can be reassuring to your dog. Family members, friends, or neighbors are all people to ask. If they aren’t able to check on the dog, you can hire a pet sitter to stop in and visit your pup or take it for a walk.\n"},{"title":"Maintain indoor playtime daily.","content":"\n Keep up with the indoor playtime you introduced your dog to before moving. The routine will help your dog remain comfortable in its new home. It’s also a great time for the two of you to bond and the activity will give your dog additional exercise.\n"},{"title":"Schedule a doggie play date for your pooch.","content":"\n Your dog can benefit from playtime with other dogs. Find a neighbor in your apartment building who also has a dog and plan time to let the dogs play together.\n<ul>\n<li>Since your dog is small, it would be best to find another small dog to play with it. A larger dog can quickly overwhelm your smaller one.</li>\n<li>Find another dog owner and walk your dogs together.</li>\n<li>Get to know other small dog owners at your local park or dog park and plan to meet up at the same time each week. <sup id=\"_ref-12\" class=\"reference\" aria-label=\"Link to Reference 12\"><a href=\"#_note-12\">[12]</a><span class=\"ts_popup \" hidden=\"\" id=\"ts_popup_12\" style=\"display: none;\">\n\t<span class=\"ts_close\">X</span>\n\t\t<span class=\"ts_name\">Research source</span>\n\t\t<span class=\"ts_description\"></span>\n\t\t\t\t<a href=\"#\" class=\"ts_source\" target=\"_blank\" rel=\"nofollow noreferrer noopener\"></a>\n\n</span>\n</sup>\n</li>\n</ul>\n"}]}],"questions":[{"title":"How can I help my dog adjust to a new apartment?","content":"Set up a dedicated area for your dog with its favorite toys and some treats to help them feel safe."}]}