{"meta":{"description":"The CKC, or Continental Kennel Club, is an organization that allows you to register a purebred dog. Not only does this give you verification of your dog's breed, but it also allows you to track the lineage of future generations, and it helps establish ownership in case your dog ever goes missing. Registration is easy—you can fill and submit your forms directly on the CKC website, or you can print them out and mail them, if you prefer. The form you choose will depend on several factors, including whether your dog's parents and litter have already been registered with the CKC.","title":"Register a Dog with the CKC"},"todo_list":[{"title":"Registering if You Have a Puppy Application","tasks":[{"title":"Use the CKC's Puppy Registration if you have an application number.","content":"\n If you bought your puppy from a breeder who registered the litter with the CKC, you should have been given a pre-printed application that contains your application number, the birth date of the litter, and the breeder's signature. If you have this form, use the puppy registration form on the CKC's website, no matter your dog's age.\n<ul><li>Because these application numbers do not expire, you can use them even if your dog is an adult.</li></ul>\n\n"},{"title":"Visit the CKC website and choose \"Register a Puppy.","content":"\n\" First, navigate to the CKC's homepage at <a target=\"_blank\" rel=\"nofollow noreferrer noopener\" class=\"external free\" href=\"http://ckcusa.com\">http://ckcusa.com</a>. Then, locate the banner near the top of the page. It should say, \"Register Your Dog,\" \"Register Your Litter,\" and \"Register Your Puppy.\" Choose the option that says \"Register Your Puppy.\"\n<ul>\n<li>When you do this, you may have to click a second link that says, \"Puppy Registration.\"</li>\n<li>To navigate directly to the registration form, go to <a target=\"_blank\" rel=\"nofollow noreferrer noopener\" class=\"external free\" href=\"https://ckcusa.com/registration/puppy-registration/\">https://ckcusa.com/registration/puppy-registration/</a>. \n</li>\n</ul>\n"},{"title":"Locate your Pre-Printed Puppy Application and click \"Ready to Register.","content":"\n\" Make sure you have the form available before you start the application process. When you find it, click the button that says \"I have this. I'm ready to register!\" on the CKC's Puppy Registration landing page.\n<ul>\n<li>If you don't have the form anymore, contact the CKC. If you have the breeder's information, they will send a new form to the breeder, and you can obtain it from them. You can find multiple ways to reach a CKC representative by visiting <a target=\"_blank\" rel=\"nofollow noreferrer noopener\" class=\"external free\" href=\"https://ckcusa.com/contact-us/\">https://ckcusa.com/contact-us/</a>.</li>\n<li>If you don't have the form and you can't get in touch with the breeder, go through the Canine Registration process instead.</li>\n</ul>\n"},{"title":"Complete the form online.","content":"\n Enter your original application number and the dog's date of birth. Then, check whether or not the breeder signed your application. Then, click \"Submit.\" When prompted, fill out any additional information that's requested, like your dog's name and your personal information.\n<ul><li>Since the puppy was already pre-registered as part of a litter, its bloodline information will already be on file with the CKC.</li></ul>\n"}]},{"title":"Applying for a Dog That Isn't Pre-Registered","tasks":[{"title":"Go to the CKC's Canine Registration if you don't have an application number.","content":"\n If you have a purebred dog but you don't have a pre-printed registration form from the breeder, go to <a target=\"_blank\" rel=\"nofollow noreferrer noopener\" class=\"external free\" href=\"https://ckcusa.com\">https://ckcusa.com</a> and select the \"Register Your Dog\" option near the top of the page. Then, click \"Canine Registration\" when the button appears.\n<ul><li>This will take you to <a target=\"_blank\" rel=\"nofollow noreferrer noopener\" class=\"external free\" href=\"https://ckcusa.com/registration/canine-registration/\">https://ckcusa.com/registration/canine-registration/</a>.</li></ul>\n"},{"title":"Complete the Canine Registration form if your dog's parents are registered.","content":"\n If you don't have a pre-printed application form but both of your dog's parents are registered with the CKC, use the Canine Registration form to register your dog. In this case, you'll need both parents' CKC numbers to complete the application. You can also use this form if your dog and both of its parents are already registered with a CKC-recognized registry.\n<ul>\n<li>You can print out this form or fill it out online by visiting  <a target=\"_blank\" rel=\"nofollow noreferrer noopener\" class=\"external free\" href=\"https://ckcusa.com/media/149059/canine-registration-application-web.pdf\">https://ckcusa.com/media/149059/canine-registration-application-web.pdf</a>.</li>\n<li>For a list of approved registration clubs, visit <a target=\"_blank\" rel=\"nofollow noreferrer noopener\" class=\"external free\" href=\"https://ckcusa.com/registration/ckc-recognized-registries/\">https://ckcusa.com/registration/ckc-recognized-registries/</a>.</li>\n</ul>\n"},{"title":"Download the Paw Registration Application packet if your dog isn't documented.","content":"\n If your dog is a purebred but its parents aren't registered with the CKC or a recognized registry, or if your dog's paperwork has been lost, select the option that says \"Download Paw Registration Application Packet\" from the CKC's Canine Registration page. In this application, you'll need to include 2 witness statements that verify your dog is purebred, and you'll need to include 5 photos from different angles to demonstrate that your dog meets breed standards. There's also a $50 non-refundable fee required.\n<ul>\n<li>Download the application from <a target=\"_blank\" rel=\"nofollow noreferrer noopener\" class=\"external free\" href=\"https://ckcusa.com/registration/litter-registration/online-litter-registration/?_ga=2.185373289.1396934446.1580933809-147299392.1580933809\">https://ckcusa.com/registration/litter-registration/online-litter-registration/?_ga=2.185373289.1396934446.1580933809-147299392.1580933809</a>.</li>\n<li>Read the application carefully to learn about the types of photographs the CKC accepts for breed evaluation.</li>\n<li>This application can't be done online, so you will have to print the form out and mail it in. Send the form to:<br>Continental Kennel Club, Inc.<br>PO Box 1628<br>Walker, LA, 70785</li>\n</ul>\n"}]},{"title":"Certifying a Litter","tasks":[{"title":"Register a litter if you have puppies with CKC-registered parents.","content":"\n If you are the owner of a female CKC-registered dog that has had puppies with a male CKC-registered dog of the same breed, you can register the entire litter of puppies. This will make it easier for future owners to register their dogs, as it will establish the lineage and provide the puppy with a unique application number.\n<ul>\n<li>The dam (mother) and sire (father) must be at least 2 years of age, and you'll need the CKC registration numbers for both dogs.<sup id=\"_ref-8\" class=\"reference\" aria-label=\"Link to Reference 8\"><a href=\"#_note-8\">[8]</a><span class=\"ts_popup \" hidden=\"\" id=\"ts_popup_8\" style=\"display: none;\">\n\t<span class=\"ts_close\">X</span>\n\t\t<span class=\"ts_name\">Research source</span>\n\t\t<span class=\"ts_description\"></span>\n\t\t\t\t<a href=\"#\" class=\"ts_source\" target=\"_blank\" rel=\"nofollow noreferrer noopener\"></a>\n\n</span>\n</sup>\n</li>\n<li>You cannot register a litter if it's been less than 6 months since the dam's last litter.</li>\n</ul>\n"},{"title":"Choose \"Register a Litter\" from the CKC homepage.","content":"\n Navigate to <a target=\"_blank\" rel=\"nofollow noreferrer noopener\" class=\"external free\" href=\"https://ckusa.com\">https://ckusa.com</a>, then select \"Register Your Litter\" from the banner near the top of the page. From there, click \"Litter Registration\" when the button appears. Then, click \"Register Now\" to locate the form.\n<ul><li>Find the form at <a target=\"_blank\" rel=\"nofollow noreferrer noopener\" class=\"external free\" href=\"https://ckcusa.com/registration/litter-registration/online-litter-registration/\">https://ckcusa.com/registration/litter-registration/online-litter-registration/</a>.</li></ul>\n"},{"title":"Enter the parents' CKC numbers and the date the litter was born.","content":"\n On the form, enter in the dam's CKC number first, then the sire's. Then, include the date the litter was born, the breed of the dogs, and how many puppies were born. Also, include your email address.\n<ul>\n<li>You can also include your CKC member number, but this is optional.</li>\n<li>Finish by clicking \"Register This Litter\" once you've entered in all of the information.</li>\n</ul>\n"}]}],"questions":[{"title":"Can I register my puppy if neither parent is registered?","content":"Yes. If neither parent is registered, download the Paw Registration Packet to register a purebred puppy."},{"title":"How can I register puppies if the mother is CKC registered and the father is AKC registered?","content":"Use the Canine Registration form as if both the mother and father are CKC registered. This form accepts CKC registered parents as well as parents registered by another registry that the CKC recognizes, and the CKC recognizes the AKC as one of these registries."}]}