{"meta":{"description":"Losing a pet can be a terrifying experience. Unfortunately, pet theft seems to be on the rise, with pets stolen by disgruntled relatives or by scammers out to make a buck.[1] If you think your dog was stolen, then you should immediately spring into action. Gather identifying information about your dog and call your local police or sheriff. Then broaden your search efforts by making and distributing a flyer around your neighborhood.","title":"Report a Stolen Dog"},"todo_list":[{"title":"Reporting the Theft to the Authorities","tasks":[{"title":"Write down memories of the theft.","content":"\n Note the date and time your dog was stolen. If you saw who took the dog, then write down a description: height, weight, age, gender, race, clothing, vehicle identification, etc. Write down these details while they are fresh in your memory.\n<ul>\n<li>Your dog might have disappeared while you were away from home. In that case, talk to your neighbors and anyone else who travels through your neighborhood regularly, such as delivery drivers, meter readers, or mail carriers. They might have seen something.<sup id=\"_ref-2\" class=\"reference\" aria-label=\"Link to Reference 2\"><a href=\"#_note-2\">[2]</a><span class=\"ts_popup \" hidden=\"\" id=\"ts_popup_2\" style=\"display: none;\">\n\t<span class=\"ts_close\">X</span>\n\t\t<span class=\"ts_name\">Research source</span>\n\t\t<span class=\"ts_description\"></span>\n\t\t\t\t<a href=\"#\" class=\"ts_source\" target=\"_blank\" rel=\"nofollow noreferrer noopener\"></a>\n\n</span>\n</sup>\n</li>\n<li>Write down the names and contact information of any witnesses. Also write down their description of the thief, if they saw someone.</li>\n</ul>\n\n"},{"title":"Gather information about your dog.","content":"\n You need to give the police a full description of your dog. Gather the following information as soon as you can:\n<ul>\n<li>name</li>\n<li>breed</li>\n<li>markings or color</li>\n<li>weight</li>\n<li>age</li>\n<li>a current picture of your dog</li>\n</ul>\n"},{"title":"Report the theft to local police.","content":"\n Don’t delay. The sooner you report, the sooner the police can find your missing dog. Some police might hesitate to file a police report for a missing animal. Remind the police that your dog is valuable property. Stealing an animal is a misdemeanor or a felony.\n<ul>\n<li>If your dog has microchip, then ask the police to post the serial number and your dog’s description in the National Crime Information Center database under “stolen article.”<sup id=\"_ref-4\" class=\"reference\" aria-label=\"Link to Reference 4\"><a href=\"#_note-4\">[4]</a><span class=\"ts_popup \" hidden=\"\" id=\"ts_popup_4\" style=\"display: none;\">\n\t<span class=\"ts_close\">X</span>\n\t\t<span class=\"ts_name\">Research source</span>\n\t\t<span class=\"ts_description\"></span>\n\t\t\t\t<a href=\"#\" class=\"ts_source\" target=\"_blank\" rel=\"nofollow noreferrer noopener\"></a>\n\n</span>\n</sup>\n</li>\n<li>Make sure you get a copy of the police report. You might need it later when going to pick up your dog.</li>\n</ul>\n"},{"title":"Search for your dog.","content":"\n The thief might be close to home. Walk around your neighborhood in the evening when noise has died down. Call your dog’s name and listen carefully for any response.\n<ul>\n<li>You can bring your dog’s favorite treats with you or favorite toy (if it makes a lot of noise). These might prompt your dog to bark out in response.</li>\n<li>If you see your dog, don’t approach it unless you are absolutely sure it is safe to do so. This may be hard. However, the thief might catch wind that you have found your dog and move them to a new location before the police can arrive.<sup id=\"_ref-6\" class=\"reference\" aria-label=\"Link to Reference 6\"><a href=\"#_note-6\">[6]</a><span class=\"ts_popup \" hidden=\"\" id=\"ts_popup_6\" style=\"display: none;\">\n\t<span class=\"ts_close\">X</span>\n\t\t<span class=\"ts_name\">Research source</span>\n\t\t<span class=\"ts_description\"></span>\n\t\t\t\t<a href=\"#\" class=\"ts_source\" target=\"_blank\" rel=\"nofollow noreferrer noopener\"></a>\n\n</span>\n</sup>\n</li>\n<li>Instead of approaching your dog, call the police promptly and report where the dog is located. Insist that an officer come out immediately.</li>\n</ul>\n"},{"title":"Pay attention to other thefts in your neighborhood.","content":"\n If more dogs go missing where you live, then call the police and report those as well. You can’t rely on the dogs’ owners to report the theft, so take it upon yourself to call.\n<ul><li>Also write down in a notebook the dates the animals have gone missing.</li></ul>\n"}]},{"title":"Posting Flyers","tasks":[{"title":"Make a flyer.","content":"\n Don’t rely solely on the police. Be proactive and create a flyer with information about your dog. Avoid mentioning that you think the dog was stolen—that might scare off the thief. Instead, include the following information:\n<ul>\n<li>name</li>\n<li>breed</li>\n<li>color</li>\n<li>markings</li>\n<li>date and location last seen</li>\n<li>a reward (but don’t state the amount)<sup id=\"_ref-9\" class=\"reference\" aria-label=\"Link to Reference 9\"><a href=\"#_note-9\">[9]</a><span class=\"ts_popup \" hidden=\"\" id=\"ts_popup_9\" style=\"display: none;\">\n\t<span class=\"ts_close\">X</span>\n\t\t<span class=\"ts_name\">Research source</span>\n\t\t<span class=\"ts_description\"></span>\n\t\t\t\t<a href=\"#\" class=\"ts_source\" target=\"_blank\" rel=\"nofollow noreferrer noopener\"></a>\n\n</span>\n</sup>\n</li>\n<li>your contact information</li>\n<li>a statement that the dog is sick and needs help (this can deter thieves from trying to sell your dog)</li>\n</ul>\n"},{"title":"Distribute your flyers.","content":"\n You want to paper the community. The thief might actually live near you, or they might try to sell your dog. Deliver flyers to the following places and ask if you can post the flyer:\n<ul>\n<li>animal shelters</li>\n<li>local pet stores</li>\n<li>grocery stores</li>\n<li>veterinary offices</li>\n<li>medical laboratories</li>\n<li>post offices</li>\n<li>dog parks</li>\n<li>traffic intersections</li>\n</ul>\n"},{"title":"Publish a missing pet ad.","content":"\n Contact your local newspaper and ask how much it costs to publish an ad. You’ll want to include most of the information on your flyer, including your contact information so people can reach you. Also consider a radio ad. Some radio stations publish missing pet ads.\n<ul>\n<li>Include any details that you think will arouse sympathy in the reader.<sup id=\"_ref-12\" class=\"reference\" aria-label=\"Link to Reference 12\"><a href=\"#_note-12\">[12]</a><span class=\"ts_popup \" hidden=\"\" id=\"ts_popup_12\" style=\"display: none;\">\n\t<span class=\"ts_close\">X</span>\n\t\t<span class=\"ts_name\">Research source</span>\n\t\t<span class=\"ts_description\"></span>\n\t\t\t\t<a href=\"#\" class=\"ts_source\" target=\"_blank\" rel=\"nofollow noreferrer noopener\"></a>\n\n</span>\n</sup>\n</li>\n<li>For example, you could say that your dog is a registered service animal or <a href=\"/Register-an-Emotional-Support-Dog\" title=\"Register an Emotional Support Dog\">an emotional support animal</a>.</li>\n</ul>\n"},{"title":"Post information online.","content":"\n There are many websites where you can report a stolen dog. You should post on as many as you can, including the following:\n<ul>\n<li>Missingpet.net</li>\n<li>Petfinder</li>\n<li>Center for Lost Pets</li>\n<li>Lost Dogs of America</li>\n<li>Lost Pet USA</li>\n<li>Missing Pet Partnership</li>\n<li>Your social media accounts, such as Twitter, Facebook, Google+, etc.</li>\n</ul>\n"},{"title":"Respond to calls about your dog.","content":"\n Someone might call and claim to have found your dog. You shouldn’t immediately believe them. Instead, ask detailed questions, especially if you are offering a reward for the dog. For example, have the caller describe your dog’s distinguishing characteristics.\n<ul>\n<li>Try to meet the caller and the dog in a neutral, public place that is busy. Meeting will give you a chance to confirm the dog is yours.</li>\n<li>Take a friend with you.<sup id=\"_ref-15\" class=\"reference\" aria-label=\"Link to Reference 15\"><a href=\"#_note-15\">[15]</a><span class=\"ts_popup \" hidden=\"\" id=\"ts_popup_15\" style=\"display: none;\">\n\t<span class=\"ts_close\">X</span>\n\t\t<span class=\"ts_name\">Research source</span>\n\t\t<span class=\"ts_description\"></span>\n\t\t\t\t<a href=\"#\" class=\"ts_source\" target=\"_blank\" rel=\"nofollow noreferrer noopener\"></a>\n\n</span>\n</sup> You’ll feel safer with someone else around.</li>\n<li>Hand over the reward only when you have your dog in hand. Never give the money beforehand.</li>\n</ul>\n"},{"title":"Monitor pet sale ads.","content":"\n Read the description of the animals for sale. If any match your dog, then write down the contact information. Some thieves steal animals to sell them. This is particularly true if your dog is a pure breed.\n<ul>\n<li>Also check ads online, at websites such as Hoobly.com or Craigslist.<sup id=\"_ref-17\" class=\"reference\" aria-label=\"Link to Reference 17\"><a href=\"#_note-17\">[17]</a><span class=\"ts_popup \" hidden=\"\" id=\"ts_popup_17\" style=\"display: none;\">\n\t<span class=\"ts_close\">X</span>\n\t\t<span class=\"ts_name\">Research source</span>\n\t\t<span class=\"ts_description\"></span>\n\t\t\t\t<a href=\"#\" class=\"ts_source\" target=\"_blank\" rel=\"nofollow noreferrer noopener\"></a>\n\n</span>\n</sup>\n</li>\n<li>If you see a description that you think matches your dog, call the police.</li>\n</ul>\n"},{"title":"Don’t give up.","content":"\n Sometimes people search for months before finding their missing or stolen pet. You have a better chance of finding your dog if you are persistent. Revisit any business or office where you posted flyers and check that the flyer is still up. If not, put up a new one.\n"}]},{"title":"Protecting Your Dogs","tasks":[{"title":"Keep your dog inside.","content":"\n When not at home, lock your dog inside. When you do let the dog outside, you should supervise where he or she goes. Of course, constant surveillance isn’t always possible.\n<ul><li>Consider building a shelter attached to your garage, or keep the dog in a fenced-in area which is not accessible from the road. Preferably, the yard should be behind the house, so it is not even visible form the street.</li></ul>\n"},{"title":"Prevent your dog from roaming.","content":"\n If you let your dogs outside, then you’ll want to keep them from roaming far from home. A dog that runs away from home is vulnerable to being stolen. Do the following:\n<ul>\n<li>Put them on a leash, especially if you can’t supervise where they are going or don’t have a fenced-in area.</li>\n<li>Avoid tying their leash to a lamp post or mailbox when you run into a store.<sup id=\"_ref-21\" class=\"reference\" aria-label=\"Link to Reference 21\"><a href=\"#_note-21\">[21]</a><span class=\"ts_popup \" hidden=\"\" id=\"ts_popup_21\" style=\"display: none;\">\n\t<span class=\"ts_close\">X</span>\n\t\t<span class=\"ts_name\">Research source</span>\n\t\t<span class=\"ts_description\"></span>\n\t\t\t\t<a href=\"#\" class=\"ts_source\" target=\"_blank\" rel=\"nofollow noreferrer noopener\"></a>\n\n</span>\n</sup> Dogs can get free or, worse, become ripe targets for thieves.</li>\n<li>Spay or neuter your dog, which will reduce the desire to roam. Also sterilized animals are less valuable to thieves.</li>\n</ul>\n"},{"title":"Identify your dog with tags and a microchip.","content":"\n  Your dogs should have a collar with an identification tag that includes your name, address, and phone number. Also get microchips for your dogs. Microchips are about the size of a grain of rice and are inserted underneath the dog’s skin.\n<ul>\n<li>The microchip contains important information about your dog. When someone passes a scanner over the chip, it can read the unique code. The person scanning your dog then calls a registry and retrieves your contact information.</li>\n<li>It costs around $45 to have a microchip implanted. The chip should last the entire life of your dog.<sup id=\"_ref-23\" class=\"reference\" aria-label=\"Link to Reference 23\"><a href=\"#_note-23\">[23]</a><span class=\"ts_popup \" hidden=\"\" id=\"ts_popup_23\" style=\"display: none;\">\n\t<span class=\"ts_close\">X</span>\n\t\t<span class=\"ts_name\">Research source</span>\n\t\t<span class=\"ts_description\"></span>\n\t\t\t\t<a href=\"#\" class=\"ts_source\" target=\"_blank\" rel=\"nofollow noreferrer noopener\"></a>\n\n</span>\n</sup>\n</li>\n<li>Implanting a microchip causes no more pain than a regular vaccination so don’t avoid a microchip out of fear of hurting your dog.</li>\n</ul>\n"},{"title":"Avoid bragging about your dog.","content":"\n If you have a purebred dog, you might be tempted to tell other people. You should avoid doing so. Bragging about your dog might only serve to temp other people to steal it.\n<ul>\n<li>If you want to brag about your dog, then brag about how loving and loyal it is. Don’t mention how much you paid or how rare your dog is.</li>\n<li>Most dogs are stolen for profit motives. For example, they may be sold to puppy mills to act as breeders.<sup id=\"_ref-25\" class=\"reference\" aria-label=\"Link to Reference 25\"><a href=\"#_note-25\">[25]</a><span class=\"ts_popup \" hidden=\"\" id=\"ts_popup_25\" style=\"display: none;\">\n\t<span class=\"ts_close\">X</span>\n\t\t<span class=\"ts_name\">Research source</span>\n\t\t<span class=\"ts_description\"></span>\n\t\t\t\t<a href=\"#\" class=\"ts_source\" target=\"_blank\" rel=\"nofollow noreferrer noopener\"></a>\n\n</span>\n</sup> The less you say about the dog's monetary value, the better.</li>\n</ul>\n"},{"title":"Place your dogs with good homes.","content":"\n Avoid giving your dogs away for free, since scammers will jump at the opportunity. Charging even a minimal amount (such as $25) will weed out the dishonest buyers. Also do the following:\n<ul>\n<li>Ask for and check references. If someone approaches you without references, then you should reconsider placing a dog with them.</li>\n<li>Visit the new owner’s home. Drop by casually by check to see that the conditions are safe.</li>\n</ul>\n"}]}],"questions":[]}