{"meta":{"description":"If you've been around a dog, chances are you've scratched a dog's stomach. Most dogs love a good belly rub and will actively seek one out from people they trust. However, not all dogs are comfortable with belly rubs and you should respect the ones that aren't. By learning what to look for before rubbing a dog's stomach, you can keep your furry friend happy.","title":"Scratch a Dog%27s Belly"},"todo_list":[{"title":"Learning If Your Dog Wants a Belly Rub","tasks":[{"title":"Look for signs that your dog wants a belly rub.","content":"\n  Most dogs want their stomachs scratched or rubbed and it's generally fine to do so.  However, some dogs are not comfortable with this and you will have to look for the signs that your dog is happy to have its belly rubbed before doing so.\n<ul>\n<li>A dog will lie down, presenting its stomach and wagging its tail to show it's comfortable with you.</li>\n<li>Your dog should look relaxed and will lay down without tension in its body.</li>\n<li>A dog looking for a belly scratch may roll around playfully on its back.</li>\n<li>Presenting its stomach can be a sign of trust from your dog.</li>\n</ul>\n\n"},{"title":"Look for signs of submissive or nervous behavior.","content":"\n  Some dogs will present their stomach out of fear or submission.  These dogs do not actually want their stomachs rubbed and you should avoid doing so.  Look for some of the following signs of submission and fear in your dog and avoid rubbing its stomach if they are present.\n<ul>\n<li>Dogs who are afraid will often tuck its tail in between its legs.</li>\n<li>Nervous dogs will take on a hunched and tense posture.</li>\n<li>Fearful dogs will likely not move much after they present its stomach.</li>\n<li>Submissive and fearful dogs may growl at you if you approach them.</li>\n</ul>\n"},{"title":"Don't force a belly rub.","content":"\n  If your dog appears uncomfortable or you are unsure about your dog's level of comfort you should avoid scratching its stomach.  Forcing an uncomfortable dog to allow you to scratch its stomach can cause unneeded stress for the dog and can even result in it biting you.\n<ul>\n<li>Never try to flip your dog on its back to rub its stomach.</li>\n<li>Always allow your dog to present its stomach on its own.</li>\n<li>Forcing a belly rub can make your dog mistrust you.</li>\n</ul>\n"}]},{"title":"Scratching Your Dog's Stomach","tasks":[{"title":"Wait for your dog to present its stomach.","content":"\n  Before you can scratch your dog's stomach you will need to wait for it to show its stomach to you.  While you could try to make it roll over, forcing the belly rub is not a good idea.  Play with your dog and calmly wait for it to show you its stomach for scratching.\n<ul>\n<li>Always wait for your dog to show its stomach.</li>\n<li>You dog will naturally roll over and present its stomach if it wants a belly rub.</li>\n<li>A dog who wants a belly rub will appear loose and relaxed in regards to its body language.</li>\n</ul>\n"},{"title":"Rub or scratch the dog's stomach.","content":"\n  After your dog has presented its stomach and you feel that it is comfortable and relaxed, you can begin to rub its belly.  As you rub the dog's stomach keep an eye on its behavior, looking for signs of enjoyment or discomfort.\n<ul>\n<li>It's normal for some areas of the stomach to cause your dog to kick when you scratch them.<sup id=\"_ref-9\" class=\"reference\" aria-label=\"Link to Reference 9\"><a href=\"#_note-9\">[9]</a><span class=\"ts_popup \" hidden=\"\" id=\"ts_popup_9\" style=\"display: none;\">\n\t<span class=\"ts_close\">X</span>\n\t\t<span class=\"ts_name\">Research source</span>\n\t\t<span class=\"ts_description\"></span>\n\t\t\t\t<a href=\"#\" class=\"ts_source\" target=\"_blank\" rel=\"nofollow noreferrer noopener\"></a>\n\n</span>\n</sup>\n</li>\n<li>Always scratch or rub gently as the stomach is a sensitive area on a dog.</li>\n<li>Feel free to rub your dog's stomach however you'd like.  Try rubbing in circles, short scratches, or longer motions up and down the whole length of your dog's stomach.</li>\n</ul>\n"},{"title":"Stop when you are done or your dog becomes uncomfortable.","content":"\n  After you have scratched your dog's stomach for a while you may decide it's time to stop.  Your dog may try to get more belly rubs out of you and it's fine to continue if you want.  However, if your dog tries to get up or move away from you it is time to stop.\n<ul>\n<li>If you stop rubbing and your dog moves away from you, it's time to stop scratching its stomach.</li>\n<li>Feel free to stop scratching your dog's stomach any time you wish.</li>\n</ul>\n"},{"title":"Scratch or rub other areas on your dog.","content":"\n  Although dogs love a good belly rub, they also enjoy receiving attention on other areas of their bodies.  Try petting, patting, rubbing, or scratching some other places on your dog to see what they might enjoy.  As always, work slowly, touch gently, and make sure your dog is truly enjoying it.\n<ul>\n<li>Your dog might enjoy a rub or scratch under or around its ears.</li>\n<li>Most dogs will like a good neck rub or scratch.</li>\n<li>A dog might enjoy it when you scratch its chest.</li>\n<li>Try scratching under your dog's chin.</li>\n<li>A dog might like it when you scratch the area of its back just above where its tail starts.</li>\n</ul>\n"}]}],"questions":[{"title":"Does every dog like belly rubs?","content":"No, although a lot of them do. Think of it this way, does ever person like a foot massage? Well, a lot of folks do, but some people find them really uncomfortable."},{"title":"What does it mean if my dog slides away from me when I rub his belly?","content":"It likely means that they want you to stop. Some dogs really dislike belly rubs, and if your pup is trying to get away from you, it's a sign they aren't happy with what you're doing."}]}