{"meta":{"description":"Like any other living thing, a dog has some basic needs that will have to be provided in order for it to be healthy, happy, and an overall good canine citizen. As your dog's owner, you have the responsibility to provide for your dog's needs. Don't worry; it isn't too difficult to provide for these needs. But you do need to put in some effort and time. The payoff will be fantastic, as you'll get a loyal friend in return.","title":"Take Care of Your Dog%27s Basic Needs"},"todo_list":[{"title":"Choosing Food for Your Dog","tasks":[{"title":"Try out dry food on your dog.","content":"\n Dry foods are generally cheaper to feed in the long run, have some benefit on dental health due to the “scraping” of plaque off of teeth by the dry kibble and are easier to store due to their dry form. However, dry food isn't as tasty as wet food so some dogs reject them or don't eat as well. Make sure the dog has access to fresh water, as he won't derive any moisture from the food.\n\n"},{"title":"See if your dog prefers canned food.","content":"\n Canned food is much tastier for dogs to eat and has the added benefit of adding extra moisture to the diet. However, owners that feed canned food have to be vigilant with their dog's teeth as these types of food tend to lead to an increase in plaque and dental tartar build-up.\n<ul>\n<li>Canned food tends to be a bit more expensive than dry foods.</li>\n<li>You will have the added mess of disposing of the can.</li>\n</ul>\n"},{"title":"Try semi-moist foods.","content":"\n Semi-moist foods aren't as prevalent as canned and dry foods. They are a little easier to store and clean up after than canned foods, but like canned foods, they can lead to plaque and tartar build-up on the teeth. They can also be more expensive to feed as dry foods.\n"},{"title":"Talk to an animal nutritionist about a raw food diet.","content":"\n Raw diets are fine for dogs as well, although a bit more time consuming to prepare and store correctly. If you want to feed a raw food diet for your dog, it is absolutely vital to contact an animal nutritionist. Make sure your dog is receiving all the nutrients he or she needs. Dogs do have different nutritional requirements than humans.\n"},{"title":"Never feed your dog certain human foods.","content":"\n There are many kinds of foods suitable for humans that should never be fed to your dog since they are toxic to dogs. These include:\n<ul>\n<li>Alcohol</li>\n<li>Avocados</li>\n<li>Grapes and raisins</li>\n<li>Chocolate</li>\n<li>Any food containing the sweetener Xylitol</li>\n<li>Coffee and tea</li>\n<li>Fruit pits or apple seeds</li>\n<li>Garlic and onions</li>\n<li>Walnuts and macadamia nuts</li>\n<li>Dough made with yeast</li>\n</ul>\n"},{"title":"Read the ingredients of dog food.","content":"\n The most important factor is that the food is of high quality. This means being able to read and understand the label. Most dogs will do just fine on commercial dog food as long as you remember to read the ingredient list on the can or bag to ensure the food is healthy. These are listed in order of the most prevalent food in the food.\n<ul>\n<li>Meat should be the number one (and preferably the second) ingredient on the list, followed by a grain. By-products are fine but they should be far down the list.</li>\n<li>You can always ask your veterinarian for advice in choosing food for your dog.</li>\n</ul>\n"}]},{"title":"Determining Feeding Amounts and Frequency","tasks":[{"title":"Follow the manufacturer's feeding recommendations.","content":"\n By far the biggest nutritional problem seen in pet dogs is obesity. You should always follow feeding recommendations from the food manufacturer when feeding your dog. This means actually using a measuring cup to measure the correct amount of food on a daily basis. There is usually a recommended feeding allowance on the food can or bag.\n<ul><li>Follow this advice and limit treats to one or two a day and your dog should remain fit.</li></ul>\n"},{"title":"Feed adult dogs one to two times a day.","content":"\n Adult dogs over a year should be fed two times a day. Dogs older than two years can be fed once a day.\n<ul><li>Large breed dogs or dogs with large chests should be fed small meals two to three times a day to prevent bloat, and never exercised immediately after eating. This can be a serious medical issue for some dogs.</li></ul>\n"},{"title":"Feed puppies more frequently.","content":"\n Puppies younger than three months need to be fed their daily allowance split into three or four feedings. Puppies younger than a year need to be fed two to three times a day.\n"},{"title":"Alter the amount of food based on your dog's body condition.","content":"\n By watching your dog's body condition, you can gauge if your dog is at its ideal weight or if it needs to lose a few pounds or, more rarely, gain a few pounds. A dog at its ideal weight will have a “tuck” in its abdomen. Looking from the side, its abdomen will slope up towards its back legs. Looking from the top, it will have a healthy hourglass figure. When you feel the ribs with your hands, you will easily feel each rib through a modest fat covering.\n<ul>\n<li>Thin dogs will have an extreme tuck, and you will be able to easily feel the ribs--in dogs with short hair, you will be able to see the ribs. If a dog is thin, try adding 10% of its normal food allowance to its daily diet.</li>\n<li>In overweight or obese dogs the tuck will disappear and the ribs will be difficult to feel (overweight) or nearly impossible to feel (obese). If a dog is overweight or obese take away 10% of its normal food allowance.</li>\n<li>Check your dog's body condition score again in four weeks. If it's still thin or fat, adjust the diet by 10% again.</li>\n<li>Consult your veterinarian if you have any concerns.</li>\n</ul>\n"}]},{"title":"Exercising Your Dog","tasks":[{"title":"Take your dog for walks.","content":"\n In addition to a healthy diet, exercise will also keep your dog fit and give him good mental and physical stimulation. At a minimum, your pet pal will appreciate a twice-daily walk. Pay attention to the dog during walks, and interact and play with them. Make the walks interesting by going to different locations.\n<ul>\n<li>The length will depend upon the age and breed of your dog: puppies and small breed dogs will need shorter walks (about 15 minutes maximum), while larger breeds or more athletic dogs may require up to one hour of exercise a day.</li>\n<li>Brachycephalic dogs (think of dogs with pushed-in noses like bulldogs) do best with short walks (about 10 minutes) three to four times a day.</li>\n<li>Of course, no dog should do much exercise until it has been conditioned to exercise just like a human athlete.<sup id=\"_ref-4\" class=\"reference trusted\" aria-label=\"Link to Reference 4\"><a href=\"#_note-4\">[4]</a><span class=\"ts_popup trustedsource\" hidden=\"\" id=\"ts_popup_4\" style=\"display: none;\">\n\t<span class=\"ts_close\">X</span>\n\t\t<a class=\"ts_trustworthy\" href=\"/wikiHow:Delivering-a-Trustworthy-Experience\">Trustworthy Source</a>\n\n\t\t<span class=\"ts_name\">American Society for the Prevention of Cruelty to Animals</span>\n\t\t<span class=\"ts_description\">Leading organization dedicated to the prevention of animal cruelty</span>\n\n\t\t\t\t<a href=\"#\" class=\"ts_source\" target=\"_blank\" rel=\"nofollow noreferrer noopener\">Go to source</a>\n</span>\n</sup>\n</li>\n</ul>\n"},{"title":"Talk to your vet about exercising a dog with medical issues.","content":"\n If your dog suffers from a medical condition such as arthritis or diabetes, take care with exercising. An arthritic dog's joint pain may make him less inclined to go for a walk. Talk to your vet about light exercise regimens, as well as treatments or pain-relievers for your dog.\n<ul><li>Older dogs with arthritis would do best with short walks (about 10 minutes) three to four times a day.</li></ul>\n"},{"title":"Play a game with your dog.","content":"\n Another fabulous way to exercise a dog and have fun at the same time is to play interactive games. Fetch the ball is a great game to play as long as it is inside an enclosed park or yard to make sure your dog can't run away during the heat of the game.\n<ul><li>Blowing bubbles for your dog to chase is another fun game where you don't have to expend much energy.</li></ul>\n"},{"title":"Check the weather before you go outside.","content":"\n Make sure the weather is not going to adversely affect your dog when you go out to exercise. If it is too hot, your dog may be at risk of heatstroke. If it's too cold, your dog can be susceptible to frostbite.\n"}]},{"title":"Taking Your Puppy to the Vet","tasks":[{"title":"Take your puppy to the vet by eight weeks of age.","content":"\n If you have a puppy, he should have his first veterinarian visit by 8 weeks of age. If your puppy or dog is older than this and hasn't been to the veterinarian yet, now is the time to schedule an appointment for an examination and to start or update vaccinations. This is important for your dog's health. \n<ul><li>Make sure you vaccinate your dog against rabies, as this deadly disease can be caught by humans. It is a legal requirement of many states to vaccinate against rabies.</li></ul>\n"},{"title":"Schedule appointments for the first round of vaccines.","content":"\n For the first vet visit, you actually need to schedule two appointments. The first appointment will be an initial vaccination, followed in three to four weeks (depending on your vet's recommendations) by a booster vaccine. This will ensure that your puppy's immune system is “primed” to fight any invading diseases.\n<ul>\n<li>The veterinarian will discuss vaccines required in your area. The basic vaccines include distemper, rabies, and possibly Lyme vaccine.</li>\n<li>Vaccines are generally boostered at intervals of every year or every other year. Veterinary clinics will usually send you a reminder in the mail or via e-mail a few weeks prior to the due date for routine vaccinations after the first one is given.</li>\n</ul>\n"},{"title":"Give your dog a heartworm preventative.","content":"\n Another important health concern is heartworm disease. This nasty pest is spread by mosquitoes and lives in dog's hearts, causing misery and ill health. Your dog will need a test to make sure it is free from this pest.  Heartworm preventative should also be started as soon as possible to prevent this disease if your dog is given the all-clear. This is either a shot that will protect your dog for up to six months or a monthly heartworm pill that your dog eats.\n<ul><li>If your dog tests positive for heartworm, the veterinarian will discuss treatment options which generally consists of further blood work, heart X-rays, and a (painful) treatment consisting of shots of a harsh medication and oral medication.</li></ul>\n"},{"title":"Discuss de-worming with your vet.","content":"\n Your veterinarian will also recommend routine de-worming for your dog. Puppies generally will be given a deworming treatment at their vaccination appointments to make sure they are free of roundworms and hookworms, two common intestinal pests of puppies.\n<ul><li>Your dog's stool will be examined at follow-up vaccination appointments to make sure your dog is free from intestinal parasites.</li></ul>\n"},{"title":"Consider spaying or neutering for your dog.","content":"\n This operation helps control dog overpopulation and prevents some problems: male dog fighting, reproductive tract cancers, and stops male dog roaming.\n<ul>\n<li>However, roaming can be resolved through less invasive means such as a fence, and dog aggression can be eliminated through training and making your dog feel more secure.</li>\n<li>Alternative options are available, too, such as Vasectomy, Neutering, Tubal Ligation, and Ovary-Sparing Spay (OSS). While harder to come by, they come with less long term health risks than spaying and neutering. Spaying and neutering comes with many associated health risks such as different types of cancers, orthopedic disorders and cardiac hemangiosarcoma.<sup id=\"_ref-8\" class=\"reference\" aria-label=\"Link to Reference 8\"><a href=\"#_note-8\">[8]</a><span class=\"ts_popup \" hidden=\"\" id=\"ts_popup_8\" style=\"display: none;\">\n\t<span class=\"ts_close\">X</span>\n\t\t<span class=\"ts_name\">Research source</span>\n\t\t<span class=\"ts_description\"></span>\n\t\t\t\t<a href=\"#\" class=\"ts_source\" target=\"_blank\" rel=\"nofollow noreferrer noopener\"></a>\n\n</span>\n</sup>\n</li>\n</ul>\n"}]},{"title":"Caring for Your Dog's Health at Home","tasks":[{"title":"Keep your dog's teeth clean.","content":"\n Dogs, just like humans, build up plaque on the teeth and need to have it removed. Get a dog toothbrush from your vet or a pet supply store, along with dog toothpaste. Don't use human toothpaste, which usually contains fluoride and can be harmful to dogs.\n<ul>\n<li>Place a small amount of dog toothpaste on your fingertip. Gently run your finger along the gums of the upper teeth to get the dog used to the toothpaste.</li>\n<li>If your dog accepts this, the next day do the same with a bit of the toothpaste on a dog toothbrush. Get the bristles of the brush along the gum line of the upper back teeth and angle slightly up, so the bristles get under the gum line.</li>\n<li>Work from back to front, making small circles along the gum lines for about 30 seconds.</li>\n<li>Ideally, you should brush your dog's teeth every day. At least, aim for several times a week.<sup id=\"_ref-9\" class=\"reference trusted\" aria-label=\"Link to Reference 9\"><a href=\"#_note-9\">[9]</a><span class=\"ts_popup trustedsource\" hidden=\"\" id=\"ts_popup_9\" style=\"display: none;\">\n\t<span class=\"ts_close\">X</span>\n\t\t<a class=\"ts_trustworthy\" href=\"/wikiHow:Delivering-a-Trustworthy-Experience\">Trustworthy Source</a>\n\n\t\t<span class=\"ts_name\">American Society for the Prevention of Cruelty to Animals</span>\n\t\t<span class=\"ts_description\">Leading organization dedicated to the prevention of animal cruelty</span>\n\n\t\t\t\t<a href=\"#\" class=\"ts_source\" target=\"_blank\" rel=\"nofollow noreferrer noopener\">Go to source</a>\n</span>\n</sup>\n</li>\n<li>You can also try special dental food which is formulated to be able to grind off the plaque as the dog chews. Treats like rawhides or dental treats work in the same manner.</li>\n</ul>\n"},{"title":"Trim your dog's nails.","content":"\n  Have a veterinarian or technician demonstrate on your dog how close to the quick (the growing portion) you can trim the nail before you try to do so yourself. The quick contains blood vessels and nerves which will painfully bleed if clipped.\n<ul>\n<li>Have someone hold the dog still for you the first few times you clip the nails.</li>\n<li>Start with the back nails. These nails are usually shorter and dogs are more comfortable with having the back paws handled.</li>\n<li>Locate the quick or approximate area before trimming off the end of the nail. Carefully work your way back towards the quick. Trim at least two to three millimeters in front of it.</li>\n<li>Proceed with the rest of the paws, giving plenty of praise as your dog behaves for the process.</li>\n</ul>\n"},{"title":"Frequently give your dog a good brushing.","content":"\n Dogs need a good brushing regardless of their coat length. This is a good way to bond with your dog. It also gives you a chance to monitor the health of your dog's skin.\n<ul>\n<li>For long-haired dogs, purchase a stripper type of comb to help remove hair that is being shed. Comb through your dog's hair at least every other day, if not daily. Otherwise, your dog's fur may form painful mats. These just aren't ugly to look at, as they can also cause the skin underneath it to get infected.</li>\n<li>For short-haired dogs, use a soft-bristled brush to remove loose hair and stimulate the skin.</li>\n</ul>\n"},{"title":"Check your dog's skin while brushing.","content":"\n Brushing time is the time to check your dog's skin for parasites (fleas), lumps, or bumps. You can also check for hair loss, inflammation, and scratches or other injuries as well.\n<ul><li>If you see <a href=\"/Prevent-Flea-Bites\" title=\"Prevent Flea Bites\">fleas</a>, act immediately to treat your dog, its bedding, and your house before they get out of hand. Topical treatments and household insecticides are the best ways to curb an exploding flea population. Veterinarian office staff or pet store staff can give you great advice to kill fleas both on your dog and in your home.</li></ul>\n"},{"title":"Give your dog a bath once a month.","content":"\n If your dog needs a bath, use an all-purpose dog shampoo. Follow the directions on the bottle. Don't go overboard with bathing your dog. Most dogs only need a bath once a month at most. A dog's skin can dry out from more frequent bathing.\n<ul><li>If you have a dog that gets dirty or smelly more frequently, you may need to bathe it more often. Use your discretion, and contact your vet with any questions.</li></ul>\n"}]},{"title":"Housetraining Your Dog","tasks":[{"title":"Choose a spot where you'd like your dog to relieve himself.","content":"\n The most important lesson you can teach your puppy or dog is to <a href=\"/House-Train-Your-Dog\" title=\"House Train Your Dog\">relieve himself in a designated spot</a>. This is preferably outside in an out-of-the-way spot.\n"},{"title":"Take your dog outside frequently in the beginning.","content":"\n As you start house training your dog, give your dog lots of opportunities to relieve himself. Take him outside frequently, up to every half-hour. Puppies especially have small bladders and need to go often.\n"},{"title":"Watch for signs that your dog needs to relieve himself.","content":"\n Carefully watch your dog or puppy to see when he needs to relieve himself when he's inside the house. You may observe panting, pacing, sniffing around, or barking. Immediately take your dog outside if they make moves like this.\n<ul>\n<li>Make sure to go overboard with the praise when he does relieve himself outside.</li>\n<li>If your dog has an accident inside, don't scold or hit him. Just quietly clean up the mess and try again.</li>\n</ul>\n"},{"title":"Give your dog lots of immediate praise.","content":"\n When your dog relieves himself outside, lavish him with praise and pet him. Give him a treat. Make sure to do these things right away so that your dog associates them with going potty.\n"},{"title":"Carry baggies to clean up solid waste.","content":"\n Make sure to always keep baggies to clean up any solid dog waste immediately. There is no excuse for not cleaning up after your dog. Besides being disgusting, leaving solid waste around is a way to spread disease.\n"},{"title":"Confine your dog to a small indoor space until he is house trained.","content":"\n Until you can be sure your puppy or dog is house trained, confine her to a small space (bathroom, mudroom, laundry room) with an easily cleaned floor.\n<ul><li>This is especially important if you can't keep constant track of your puppy. House training puppies requires constant supervision.</li></ul>\n"},{"title":"Crate train your dog.","content":"\n Crate training uses a dog kennel to keep the dog in when you aren't around. Don't worry: if the dog is trained to use the crate, he will generally view it as a safe haven from any daily hubbub. Place the crate in the living room with the door open and a comfortably blanket inside. Encourage the dog to go into the crate on its own by tossing a treat inside. After a few times of doing this over the course of a couple of days, shut the door behind the dog and leave it closed for 10 minutes. Gradually increase the amount of time the dog goes into the crate like this until he is fine with staying in there (no whining or crying) for up to four hours.\n<ul>\n<li>Make sure the crate is appropriately sized for your dog. He should be able to stand normally without a hunched back inside the crate. The crate should also be roomy enough for him to turn around comfortably inside it.</li>\n<li>Never leave a dog in a crate for longer than four hours. Don't use it as a punishment or he will not willingly go inside the crate.</li>\n</ul>\n"}]},{"title":"Socializing Your Dog","tasks":[{"title":"Use rewards for good behavior.","content":"\n Dogs need to learn to get along with other dogs—and humans—in order to have a good life. As an owner, it's up to you to train your dog to be a good canine citizen. Unfortunately, bad behavior is the top reason that dogs are given up and dumped in shelters. The best way to train a dog is to use the reward system. In this system, a dog is rewarded for complying with its owner's request through the use of a small treat and a ton of praise.\n<ul>\n<li>Dogs are loyal and love to get in the good graces of their people. The reward system is an excellent method of training a dog quickly.</li>\n<li>Inappropriate behavior or bad behavior is ignored for the most part, unless it poses a danger to the dog or others.</li>\n</ul>\n"},{"title":"Introduce your dog to normal household activity.","content":"\n Dog socialization means learning to be a part of human and dog society in a healthy manner.  Begin socialization early in your puppy's life by introducing them to normal household noises and activity in a non-threatening manner.\n<ul>\n<li>Don't chase your dog with the vacuum cleaner or swat him with a broom.</li>\n<li>Take him for car rides to get him used to riding in vehicles and to introduce him to the sights through the windows.</li>\n</ul>\n"},{"title":"Take your dog to a dog park.","content":"\n Dog parks are another good way to interact with other dogs and humans. Keep your dog on a leash, especially for the first few times you visit the park. DO NOT let your dog off-leash unless you are certain that he gets along with other dogs and humans.\n"},{"title":"Try a puppy socialization class.","content":"\n One of the most productive ways to introduce your puppy to other puppies, humans, and normal sights and sounds is to take him to puppy socialization class. These classes are held by community education, 4-H clubs, or pet shops and give the dogs and owners a safe place to learn together.  Look through your local newspaper or on-line to find classes near you.\n<ul><li>If you need to work on socialization for your older dog, try enrolling him in an obedience class.</li></ul>\n"}]}],"questions":[{"title":"What does a dog need to be happy?","content":"Support wikiHow by unlocking this expert answer.\nBesides the basics of food, water, and shelter, a dog needs plenty of exercise and mental stimulation to be happy. To fulfill these needs, you can walk your dog, play games with them, and train them to follow commands."},{"title":"What are the basic needs of a dog?","content":"Support wikiHow by unlocking this expert answer.\nA dog's basic needs include healthy food, water, appropriate shelter, a place to toilet, preventative healthcare, a chance to show normal behaviors, and a sense of security."},{"title":"What if I don't have the things I need?","content":"If you don't have the items you need, you aren't ready to get a dog. These items can all be found at pet stores, department stores and online."},{"title":"What if I fed a dog a grape?","content":"You shouldn't, grapes and raisins are toxic to dogs. They can lead to kidney problems and potentially even be fatal. He should be okay if he only ate one grape but do not give him any more."},{"title":"How can I teach my dog to relieve himself outside?","content":"Take your dog outside every hour so he can relieve himself. (Especially after a meal or nap.) Praise him when he uses the bathroom outside and give him a treat after going back inside. It's always easier to housebreak a dog when it's a puppy, so the earlier you start, the better."},{"title":"Is it safe to feed a dog tea?","content":"It depends on the tea. It must be cold, caffeine-free, and without any sugar or milk. Really, though, all your dog needs to drink is water."},{"title":"Are dogs allowed to eat raisins?","content":"No. Grapes and raisins are both toxic to dogs. Always do a quick google search before feeding something to your dog."},{"title":"Can my dog eat pork?","content":"Yes, as long as it doesn't have seasoning or spices. Never give them bacon, as that's way too salty for them. Plain hot dogs and things like that are fine in moderation."},{"title":"Are there any dog parks or puppy socialization spots in New Delhi?","content":"Yes. The dog park is called “Vijay Mandal Dog Park”."},{"title":"Can I still feed my dog human foods?","content":"You should be very careful about giving your dog any human food. Certain foods are fine, but only in limited quantities. Others should be avoided entirely. You should do some research about your dog's breed and what kind of human foods they can have before giving them anything."}]}